Program for consistency check: output for Error and Warnings (version 10/06/2025)
Generated at: Tue 10/07/2025 at 01:44:28 PM EDT

################################################################################
In Adopted dataset of 35CL

 35CL  L 0            3/2+                                                      
                                       *                                          <W> No T1/2 for ground state
 35CL  L 2645.66   15 7/2+             146 FS    21                         X   
 35CL  G 882.5        9      1                                                  
 35CL  G 1426.2       2      LT                                                 
 35CL  G 2645.6       91     1                                                  
                     *                                                            <W> Gamma intensity not normalized with strongest=100!
 35CL  G 1426.2       2      LT                                                 
                               *                                                  <W> large deltaJ=3 ([M3]), but no Mult is given
                                                                                        JI=7/2+ JF(1219.40)=1/2+
 35CL  L 2693.90   15 3/2+             14 FS     2                          X   
 35CL  G 933       7  12.9   10                                             K   
 35CL  G 1475      7  7.6    10                                             K   
 35CL  G 2693.8       79.8   20                                                 
                     *                                                            <W> Gamma intensity not normalized with strongest=100!
 35CL  L 3163.03   16 7/2-             25.6 PS   28                             
 35CL  G 160.3        1.7    2                                                  
 35CL  G 469.1        2      LT                                                 
 35CL  G 517.6     3  9      1                                                  
 35CL  G 1399.9       0.30   4  E1+M2    +0.44   12                             
 35CL  G 1943.6       0.2    LT                                                 
 35CL  G 3163      7  89     1  M2+E3    +0.26   4                          K   
                     *                                                            <W> Gamma intensity not normalized with strongest=100!
 35CL  G 1943.6       0.2    LT                                                 
                               *                                                  <W> large deltaJ=3 ([E3]), but no Mult is given
                                                                                        JI=7/2- JF(1219.40)=1/2+
 35CL  L 3918.50   19 3/2+             4.9 FS    14                             
 35CL  G 1272.8       3      LT                                                 
 35CL  G 2155.3       18     1                                                  
 35CL  G 2699.0       0.5    LT                                                 
 35CL  G 3918.3       82     1  M1+E2                                           
                     *                                                            <W> Gamma intensity not normalized with strongest=100!
 35CL  L 3942.90   25 9/2+             173 FS    41                         X   
 35CL  G 1297.2       8      2                                                  
 35CL  G 2179.7       92     2                                                  
 35CL  G 2723.4       6      LT                                                 
 35CL  G 3942.7       10     LT                                                 
                     *                                                            <W> Gamma intensity not normalized with strongest=100!
 35CL  G 2723.4       6      LT                                                 
                               *                                                  <W> large deltaJ=4 ([E4]), but no Mult is given
                                                                                        JI=9/2+ JF(1219.40)=1/2+
 35CL  G 3942.7       10     LT                                                 
                               *                                                  <W> large deltaJ=3 ([M3]), but no Mult is given
                                                                                        JI=9/2+ JF(0)=3/2+
 35CL  L 3967.31   25                  10 FS     3                              
 35CL  G 1273.4       5      3                                                  
 35CL  G 2204.1       1      LE                                                 
 35CL  G 2747.8       74     5                                                  
 35CL  G 3967.1       21     3                                                  
                     *                                                            <W> Gamma intensity not normalized with strongest=100!
 35CL  L 3979.0     3                  14 FS     3                              
 35CL  G 1285.1       2.0    5                                                  
 35CL  G 1333.3       2      LT                                                 
 35CL  G 2215.8       2      LT                                                 
 35CL  G 2759.5       83     5                                                  
 35CL  G 3978.8       15     5                                                  
                     *                                                            <W> Gamma intensity not normalized with strongest=100!
 35CL  L 4059.20   17 3/2-             14 FS     2                              
 35CL  G 896.2        6      LT                                             H   
 35CL  G 1056.4       3      LT                                             H   
 35CL  G 1365.3       1.2    4                                                  
 35CL  G 1413.5       1      LT                                                 
 35CL  G 2296      7  3.8    15                                             K   
 35CL  G 2838      7  96     2                                              K   
 35CL  G 4058      7  2      LT                                             K   
                     *                                                            <W> Gamma intensity not normalized with strongest=100!
 35CL  L 4113.70   24 7/2                                                       
 35CL  G 2350.5       47     3  M1+E2    -0.16   2                              
 35CL  G 2894.2       10     LT                                                 
 35CL  G 4113.4       52     3  E2(+M3)  0.00    10                             
                     *                                                            <W> Gamma intensity not normalized with strongest=100!
 35CL  G 2350.5       47     3  M1+E2    -0.16   2                              
                               *                                                  <W> Mult=M1+E2 but parity-change unknown from deltaJPI
                                                                                        JI=7/2 JF(1763.14)=5/2+
 35CL  G 2894.2       10     LT                                                 
                               *                                                  <W> large deltaJ=3 ([M3]), but no Mult is given
                                                                                        JI=7/2 JF(1219.40)=1/2+
 35CL  G 4113.4       52     3  E2(+M3)  0.00    10                             
                               *                                                  <W> Mult=E2(+M3) but parity-change unknown from deltaJPI
                                                                                        JI=7/2 JF(0)=3/2+
 35CL  L 4173.45   19 5/2-             34 FS     6                              
 35CL  G 1479.5       26     8                                                  
 35CL  G 1527.8       10     LT                                                 
 35CL  G 2410.2       16     5                                                  
 35CL  G 2953.9       3      LE                                                 
 35CL  G 4173.2       58     10                                                 
                     *                                                            <W> Gamma intensity not normalized with strongest=100!
 35CL  L 4177.90   16 3/2-             24 FS     3                              
 35CL  G 1175.1       0.5    LT                                                 
 35CL  G 1484.0       8      2                                                  
 35CL  G 1532.2       0.5    LT                                                 
 35CL  G 2414.7       1      LT                                                 
 35CL  G 2958.4       31     5  E1+M2    +0.11   4                              
 35CL  G 4177.6       61     5  E1+M2    +0.06   3                              
                     *                                                            <W> Gamma intensity not normalized with strongest=100!
 35CL  L 4347.8     3 9/2-             229 FS    42                             
 35CL  G 1184.7       69     2                                                  
 35CL  G 1345.0       4      LT                                                 
 35CL  G 1653.9       4      LT                                                 
 35CL  G 1702.1       31     2  E1+M2    -0.018  12                             
 35CL  G 2584.6       3      LT                                                 
 35CL  G 3128.2       5      LT                                                 
 35CL  G 4347.5       5      LE                                                 
                     *                                                            <W> Gamma intensity not normalized with strongest=100!
 35CL  G 1653.9       4      LT                                                 
                               *                                                  <W> large deltaJ=3 ([E3]), but no Mult is given
                                                                                        JI=9/2- JF(2693.90)=3/2+
 35CL  G 3128.2       5      LT                                                 
                               *                                                  <W> large deltaJ=4 ([M4]), but no Mult is given
                                                                                        JI=9/2- JF(1219.40)=1/2+
 35CL  G 4347.5       5      LE                                                 
                               *                                                  <W> large deltaJ=3 ([E3]), but no Mult is given
                                                                                        JI=9/2- JF(0)=3/2+
 35CL  L 4768.81   20 (7/2,9/2+)       77 FS     20                             
 35CL  G 1605.7       65     8                                                  
 35CL  G 1766.0       35     10                                                 
 35CL  G 2074.8       10     LT                                                 
 35CL  G 3005.5                                                                 
 35CL  G 3549.2       10     LT                                                 
 35CL  G 4768.5       10     LT                                                 
                     *                                                            <W> Gamma intensity not normalized with strongest=100!
 35CL  G 2074.8       10     LT                                                 
                     *                                                            <W> check Jf&Ji for deltaJ>2 for gamma=2074.8
                                                                                        JI=(7/2,9/2+) JF(2693.90)=3/2+
 35CL  G 3549.2       10     LT                                                 
                     *                                                            <W> check Jf&Ji for deltaJ>2 for gamma=3549.2
                                                                                        JI=(7/2,9/2+) JF(1219.40)=1/2+
 35CL  G 4768.5       10     LT                                                 
                     *                                                            <W> check Jf&Ji for deltaJ>2 for gamma=4768.5
                                                                                        JI=(7/2,9/2+) JF(0)=3/2+
 35CL  L 4839.10   21 (1/2+,3/2)       10 FS     3                              
 35CL  G 1836.3       7      LT                                                 
 35CL  G 2145.1       4      LT                                                 
 35CL  G 2193.4       3      LT                                                 
 35CL  G 3075.8       59     5                                                  
 35CL  G 3619.5       7      LT                                                 
 35CL  G 4838.7       41     5                                                  
                     *                                                            <W> Gamma intensity not normalized with strongest=100!
 35CL  G 2193.4       3      LT                                                 
                     *                                                            <W> check Jf&Ji for deltaJ>2 for gamma=2193.4
                                                                                        JI=(1/2+,3/2) JF(2645.66)=7/2+
 35CL  L 4854.4     4 (1/2,3/2,5/2+)   4.9 FS    14                             
 35CL  G 3634.8       75     5                                                  
 35CL  G 4854.0       25     5                                                  
                     *                                                            <W> Gamma intensity not normalized with strongest=100!
 35CL  L 4881.19   22                  5.4 FS    14                             
 35CL  G 1878.4       9      3                                                  
 35CL  G 2187.2       10     LT                                                 
 35CL  G 2235.5       29     5                                                  
 35CL  G 3117.9       62     5                                                  
 35CL  G 3661.6       4      LT                                                 
 35CL  G 4880.8       4      LT                                                 
                     *                                                            <W> Gamma intensity not normalized with strongest=100!
 35CL  L 5010.11   21 (1/2,3/2)        7.6 FS    21                             
 35CL  G 1847.0       50     LT                                             H   
                     *                                                            <W> check Jf&Ji for deltaJ>2 for gamma=1847.0
                                                                                        JI=(1/2,3/2) JF(3163.03)=7/2-
 35CL  G 2364.4       5      LT                                                 
                     *                                                            <W> check Jf&Ji for deltaJ>2 for gamma=2364.4
                                                                                        JI=(1/2,3/2) JF(2645.66)=7/2+
 35CL  L 5163.34   25 7/2                                                       
 35CL  G 2000.2       40     20 M1+E2    +0.44   20                             
 35CL  G 2160.5       10     4                                                  
 35CL  G 3400.0       43     5  E1(+M2)  0.00    3                              
 35CL  G 3943.7       10     LT                                                 
 35CL  G 5162.9       10     LT                                                 
                     *                                                            <W> Gamma intensity not normalized with strongest=100!
 35CL  G 2000.2       40     20 M1+E2    +0.44   20                             
                               *                                                  <W> Mult=M1+E2 but parity-change unknown from deltaJPI
                                                                                        JI=7/2 JF(3163.03)=7/2-
 35CL  G 3400.0       43     5  E1(+M2)  0.00    3                              
                               *                                                  <W> Mult=E1(+M2) but parity-change unknown from deltaJPI
                                                                                        JI=7/2 JF(1763.14)=5/2+
 35CL  G 3943.7       10     LT                                                 
                               *                                                  <W> large deltaJ=3 ([M3]), but no Mult is given
                                                                                        JI=7/2 JF(1219.40)=1/2+
 35CL  L 5403.5     3 (1/2-,3/2-)      12 FS     3                              
 35CL  G 2709.5       25     5                                                  
 35CL  G 3640.2       10     LT                                                 
 35CL  G 4183.8       55     10                                                 
 35CL  G 5403.1       7      LT                                                 
                     *                                                            <W> Gamma intensity not normalized with strongest=100!
 35CL  L 5586.0     3                                                           
 35CL  G 2940.2       40     20                                                 
 35CL  G 3822.6       60     10                                                 
 35CL  G 4366.3       10     LT                                                 
 35CL  G 5585.5       10     LT                                                 
                     *                                                            <W> Gamma intensity not normalized with strongest=100!
 35CL  L 5599.70   24 (1/2+,3/2,5/2)   2.1 FS    7                              
 35CL  G 3836.3       27     10                                                 
 35CL  G 5599.2       73     10                                                 
                     *                                                            <W> Gamma intensity not normalized with strongest=100!
 35CL  L 5645.0     3 (5/2,7/2,9/2)    2.8 FS    7                              
 35CL  G 5644.5       8      LT                                                 
                     *                                                            <W> check Jf&Ji for deltaJ>2 for gamma=5644.5
                                                                                        JI=(5/2,7/2,9/2) JF(0)=3/2+
 35CL  L 5654.50   23 3/2+             14 FS     3                              
 35CL  G 2651.6       80     5                                                  
 35CL  G 3891.1       6      2                                                  
 35CL  G 4434.8       6      LT                                                 
                     *                                                            <W> Gamma intensity not normalized with strongest=100!
 35CL  L 5723.6     4                                                           
 35CL  G 3029.6       24     3                                                  
 35CL  G 3960.2       38     4                                                  
                     *                                                            <W> Gamma intensity not normalized with strongest=100!
 35CL  L 5758.0     4 (1/2,3/2)                                                 
 35CL  G 1580.1       30     10                                                 
 35CL  G 4538.3       6      LT                                                 
 35CL  G 5757.5       45     10                                                 
                     *                                                            <W> Gamma intensity not normalized with strongest=100!
 35CL  L 6106.2     4 (1/2+,3/2,5/2+)  8.3 FS    21                             
 35CL  G 4342.8       6      2                                                  
 35CL  G 4886.4       36     10                                                 
 35CL  G 6105.6       58     10                                                 
                     *                                                            <W> Gamma intensity not normalized with strongest=100!
 35CL  L 7066.2     4 5/2+                                      716.0     7     
 35CL  G 1902.8       0.9                                                       
 35CL  G 2888.2       0.5                                                       
 35CL  G 2952.4       0.6                                                       
 35CL  G 3006.9       1.0    5                                                  
 35CL  G 3902.9       6.0    6                                                  
 35CL  G 4063.2       2      1                                                  
 35CL  G 4372.0       6.0    6                                                  
 35CL  G 4420.2       3.0    15                                                 
 35CL  G 5302.6       16     2                                                  
 35CL  G 5846.3       18     2                                                  
 35CL  G 7065.4       48     5                                                  
                     *                                                            <W> Gamma intensity not normalized with strongest=100!
 35CL  L 7103.3     4 3/2                                       754.3     7     
 35CL  G 1887.4       1      LT                                             H   
 35CL  G 2093.1       1      LT                                             H   
 35CL  G 2925.3       1.5                                                       
 35CL  G 3184.6       2      1                                                  
 35CL  G 3940.0       0.2    LT                                             H   
 35CL  G 4100.3       3.0    15                                                 
 35CL  G 4409.1       13     1  D(+Q)    0.00    3                              
 35CL  G 4457.3       5      LT                                             H   
 35CL  G 5339.7       4      2                                                  
 35CL  G 5883.4       67     7  D(+Q)    0.00    3                              
 35CL  G 7102.5       11     1                                                  
                     *                                                            <W> Gamma intensity not normalized with strongest=100!
 35CL  L 7178.6     3 1/2+                                      831.8     8     
 35CL  G 1072.4       4      2                                                  
 35CL  G 1775.1       1.7                                                       
 35CL  G 2339.4       1.5                                                       
 35CL  G 3005.0       1                                                     V   
 35CL  G 3119.3       24     3                                                  
 35CL  G 3199.4       9                                                         
 35CL  G 3211.1       10     1                                                  
 35CL  G 3259.9       2      1                                                  
 35CL  G 4484.4       4      2                                                  
 35CL  G 5415.0                                                                 
 35CL  G 5958.7       16     2                                                  
 35CL  G 7177.8       40     4                                                  
                     *                                                            <W> Gamma intensity not normalized with strongest=100!
 35CL  L 7185.0     4                                           838             
 35CL  G 1969.1       0.5    LT                                             H   
 35CL  G 2174.8       0.5    LT                                             H   
 35CL  G 3011.4       5      LT                                             H   
 35CL  G 3127      50 26     6                                              H   
 35CL  G 4021.7       3      LT                                             H   
 35CL  G 4182.0       3      LT                                             H   
 35CL  G 4490.8       2      1                                              H   
 35CL  G 4539.0       6      2                                              H   
 35CL  G 5421.4       4      3                                              H   
 35CL  G 5965.1       16     7                                              H   
 35CL  G 7184.2       46     10                                             H   
                     *                                                            <W> Gamma intensity not normalized with strongest=100!
 35CL  L 7194.5     3 (1/2,3/2)+                                848.2     7     
 35CL  G 1978.6       5      LT                                             H   
 35CL  G 2184.3       1.0    5                                                  
 35CL  G 2340.0       2      1                                                  
 35CL  G 2355.3       1.8    LT                                                 
 35CL  G 3020.9       15     2                                                  
 35CL  G 3135.1       3.0    15                                                 
 35CL  G 3215.3       1.8    LT                                             H   
 35CL  G 3227.0       2      1                                              H   
 35CL  G 3275.8       5      3                                                  
 35CL  G 4031.2       0.6    LT                                             H   
 35CL  G 4500.3       4      LT                                             H   
 35CL  G 4548.5       6      LT                                             H   
 35CL  G 5430.9       5      LT                                             H   
 35CL  G 5974.6       72     7                                                  
 35CL  G 7193.7       5      LT                                                 
                     *                                                            <W> Gamma intensity not normalized with strongest=100!
 35CL  G 4031.2       0.6    LT                                             H   
                     *                                                            <W> check Jf&Ji for deltaJ>2 for gamma=4031.2
                                                                                        JI=(1/2,3/2)+ JF(3163.03)=7/2-
 35CL  G 4548.5       6      LT                                             H   
                     *                                                            <W> check Jf&Ji for deltaJ>2 for gamma=4548.5
                                                                                        JI=(1/2,3/2)+ JF(2645.66)=7/2+
 35CL  L 7225.5     3 5/2                                       880.1     8     
 35CL  G 1119.3       3.0    15                                                 
 35CL  G 1420.0       1.0    5                                                  
 35CL  G 1542.5       2.0    1                                                  
 35CL  G 1625.8       0.8    LT                                                 
 35CL  G 1821.9       1.0    5                                                  
 35CL  G 2009.6       6.0    6                                                  
 35CL  G 2215.3       1.5    LT                                             H   
 35CL  G 3047.5       2      LT                                             H   
 35CL  G 3051.9       7.0    7                                                  
 35CL  G 3166.1       2.0    LT                                                 
 35CL  G 3306.8       1.0    5                                                  
 35CL  G 4062.2       2      LT                                             H   
 35CL  G 4222.5       3.0    15                                                 
 35CL  G 4531.3       10     1  D+Q      +0.36   4                          H   
 35CL  G 5461.9       8.0    8  D+Q      -0.36   7                              
 35CL  G 6005.5       2      LT                                                 
 35CL  G 7224.7       58     6  D+Q      +0.36   4                              
                     *                                                            <W> Gamma intensity not normalized with strongest=100!
 35CL  L 7234.0     3 5/2+                                      888.8     8     
 35CL  G 1634.3       0.2    LT                                                 
 35CL  G 2018.1       1.5    LT                                             H   
 35CL  G 2223.8       1.5    LT                                             H   
 35CL  G 3056.0       1.0    5                                                  
 35CL  G 3174.6       0.5    LT                                             H   
 35CL  G 4070.7       0.5    LT                                             H   
 35CL  G 4231.0       0.5    LT                                             H   
 35CL  G 4539.8       2      1                                                  
 35CL  G 4588.0       2      1                                                  
 35CL  G 5470.4       1.0    5                                              H   
 35CL  G 6014.0       2      1                                              H   
 35CL  G 7233.2       93     9  D+Q      -0.1                                   
                     *                                                            <W> Gamma intensity not normalized with strongest=100!
 35CL  L 7272.6     3 (1/2,3/2)                                 928.6     9     
 35CL  G 1514.6       1.5    8                                                  
 35CL  G 1869.0       0.5    3                                                  
 35CL  G 2056.7       0.5    LT                                             H   
 35CL  G 2262.4       1.5    8                                                  
 35CL  G 2433.4       1.0    5                                                  
 35CL  G 3094.6       0.5    3                                                  
 35CL  G 3213.2       1.0    5                                                  
 35CL  G 3305.1       1.0    5                                                  
 35CL  G 4109.3       0.2    LT                                             H   
 35CL  G 4269.6       1      LT                                             H   
 35CL  G 4578.4       1.0    5                                                  
 35CL  G 5509.0       1.0    LT                                             H   
 35CL  G 6052.6       23     2                                                  
 35CL  G 7271.8       69     7                                                  
                     *                                                            <W> Gamma intensity not normalized with strongest=100!
 35CL  G 4109.3       0.2    LT                                             H   
                     *                                                            <W> check Jf&Ji for deltaJ>2 for gamma=4109.3
                                                                                        JI=(1/2,3/2) JF(3163.03)=7/2-
 35CL  L 7362.0     3 3/2                                       1020.6    8     
 35CL  G 1707.5       0.5    3                                                  
 35CL  G 1762.3       0.3    LT                                                 
 35CL  G 2146.1       2      LT                                             H   
 35CL  G 2351.8       0.5    3                                                  
 35CL  G 2522.8       1.0    5                                                  
 35CL  G 3183.9       1.0    5                                                  
 35CL  G 3302.6       3.0    15                                                 
 35CL  G 3394.5       3.0    15                                                 
 35CL  G 3443.3       0.5    3                                                  
 35CL  G 4198.7       1      LT                                             H   
 35CL  G 4358.9       0.5    3                                                  
 35CL  G 4667.8       2      LT                                             H   
 35CL  G 4716.0       2      LT                                             H   
 35CL  G 5598.4       10     1  D(+Q)    -0.01   10                             
 35CL  G 6142.0       70     7  (D+Q)    -0.05   3                              
 35CL  G 7361.2       10     1                                                  
                     *                                                            <W> Gamma intensity not normalized with strongest=100!
 35CL  L 7396.0     3 7/2(-)                                    1055.6    10    
 35CL  G 2180.1       12     LT                                             H   
 35CL  G 2385.8       8      LT                                             H   
 35CL  G 3048.1       10     1                                                  
 35CL  G 3217.9       15     LT                                             H   
 35CL  G 3282.1       9      1                                                  
 35CL  G 3336.6       6      LT                                             H   
 35CL  G 3452.9       8.0    8                                                  
 35CL  G 4232.7       49     5  M1+E2    +0.28   25                             
 35CL  G 4392.9       14     2  E1(+M2)  +0.011  18                             
 35CL  G 4701.8       5      LT                                             H   
 35CL  G 4750.0       10     1                                                  
 35CL  G 5632.4       7      LT                                             H   
 35CL  G 6176.0       15     LT                                             H   
 35CL  G 7395.2       10     LT                                             H   
                     *                                                            <W> Gamma intensity not normalized with strongest=100!
 35CL  G 2385.8       8      LT                                             H   
                     *                                                            <W> check Jf&Ji for deltaJ>2 for gamma=2385.8
                                                                                        JI=7/2(-) JF(5010.11)=(1/2,3/2)
 35CL  G 6176.0       15     LT                                             H   
                               *                                                  <W> large deltaJ=3 ([E3]), but no Mult is given
                                                                                        JI=7/2(-) JF(1219.40)=1/2+
 35CL  L 7451.0     5 3/2                                       1112.3    6     
 35CL  G 3532.3       5      3                                                  
 35CL  G 4447.9       10     1                                                  
 35CL  G 4756.8       8      8                                                  
 35CL  G 5687.4       4      2                                                  
 35CL  G 6231.0       73     7                                                  
                     *                                                            <W> Gamma intensity not normalized with strongest=100!
 35CL  L 7501.1    8                                            1163.8    8     
 35CL  G 3558.0       25     3                                                  
 35CL  G 4498.0       13.0   13                                                 
 35CL  G 4855.1       55     6                                                  
 35CL  G 5737.5       7.0    7                                                  
                     *                                                            <W> Gamma intensity not normalized with strongest=100!
 35CL  L 7502.9     7                                           1165.7    7     
 35CL  G 1396.7       10     1                                                  
 35CL  G 1903.1       2      LT                                                 
 35CL  G 2492.7       2      LT                                                 
 35CL  G 3324.8       3      LT                                                 
 35CL  G 3443.5       70     7                                                  
 35CL  G 3559.8       2      LT                                                 
 35CL  G 4339.6       4      LT                                                 
 35CL  G 4499.8       4      LT                                                 
 35CL  G 4856.9       7      LT                                                 
 35CL  G 5739.3       0.7    LT                                                 
 35CL  G 6282.9       20     2                                                  
 35CL  G 7502.0       0.3    LT                                                 
                     *                                                            <W> Gamma intensity not normalized with strongest=100!
 35CL  L 7518.7     4 7/2(-)                                    1182.0    7     
 35CL  G 1918.9       2      1                                                  
 35CL  G 1932.6       3.0    15                                                 
 35CL  G 3170.7       2      1                                                  
 35CL  G 3575.6       2      1                                                  
 35CL  G 4355.4       68     7  D(+Q)    +0.1    2                              
 35CL  G 4872.7       3.0    15                                                 
 35CL  G 5755.1       20     2  E1+M2    +0.098  22                             
                     *                                                            <W> Gamma intensity not normalized with strongest=100!
 35CL  G 1918.9       2      1                                                  
                     *                                                            <W> check Jf&Ji for deltaJ>2 for gamma=1918.9
                                                                                        JI=7/2(-) JF(5599.70)=(1/2+,3/2,5/2)
 35CL  L 7548.2     3 7/2-             0.7 FS    LT             1212.5    4     
 35CL  G 1893.6       1      LT                                                 
 35CL  G 1903.1       0.55   6                                              P   
 35CL  G 1962.1       0.2    LT                                                 
 35CL  G 2332.3       2.0    LT                                             H   
 35CL  G 2538.0       3      LT                                             H   
 35CL  G 2779.3       1.4    1                                              P   
 35CL  G 3166.0       0.37   13                                             P   
 35CL  G 3370.1       1      LT                                             H   
 35CL  G 3488.8       5      LT                                             H   
 35CL  G 4384.9       94     1  M1+E2    -0.07   2                          P   
 35CL  G 4545.1       2.0    1  E1(+M2)  +0.6    4                          P   
 35CL  G 4853.9       1      LT                                             H   
 35CL  G 4902.2       0.68   7                                              P   
 35CL  G 5784.5       0.33   4                                              P   
 35CL  G 6328.2       0.5    LT                                             H   
 35CL  G 7547.3       0.27   3  M2(+E3)  +0.1    2                          P   
                     *                                                            <W> Gamma intensity not normalized with strongest=100!
 35CL  G 2538.0       3      LT                                             H   
                     *                                                            <W> check Jf&Ji for deltaJ>2 for gamma=2538.0
                                                                                        JI=7/2- JF(5010.11)=(1/2,3/2)
 35CL  G 6328.2       0.5    LT                                             H   
                               *                                                  <W> large deltaJ=3 ([E3]), but no Mult is given
                                                                                        JI=7/2- JF(1219.40)=1/2+
 35CL  L 7561.1     4 (1/2,3/2)                                 1225.7    6     
 35CL  G 3383.0       1.0    5                                                  
 35CL  G 3501.7       5      3                                                  
 35CL  G 3581.9       0.5                                                       
 35CL  G 3642.4       1.0    5                                                  
 35CL  G 4866.8       21     2                                                  
 35CL  G 6341.1       36     4                                                  
 35CL  G 7560.2       36     4                                                  
                     *                                                            <W> Gamma intensity not normalized with strongest=100!
 35CL  L 7600.8     3 5/2+             14 FS     LT             1266.5    8     
 35CL  G 2437.4       2      1                                                  
 35CL  G 2719.5       2      1                                                  
 35CL  G 2761.6       2      1                                                  
 35CL  G 2831.9       1.0    5                                                  
 35CL  G 2976.3       2      1                                                  
 35CL  G 3422.7       2      1                                                  
 35CL  G 3427.2       2      1                                                  
 35CL  G 3541.4       1.5    8                                                  
 35CL  G 3682.1       4      2                                                  
 35CL  G 4437.5       8      LT (D+Q)    -0.25   15                             
 35CL  G 4597.7       9      1  D+Q      +0.58   22                             
 35CL  G 4906.5       19     2  (D+Q)    -5.3    9                              
 35CL  G 4954.8       1.5    8                                                  
 35CL  G 5837.1       20     2  D+Q      0.31    7                              
 35CL  G 6380.8       1.0    5                                                  
 35CL  G 7599.9       31     3  D+Q      +0.18   3                              
                     *                                                            <W> Gamma intensity not normalized with strongest=100!
 35CL  L 7618.7     4 5/2                                       1284.9          
 35CL  G 1437.7       0.6    LT                                                 
 35CL  G 2402.8       3.0    15                                                 
 35CL  G 2455.3       0.7    LT                                                 
 35CL  G 2779.5       0.7    LT                                                 
 35CL  G 3440.6       3.0    15                                                 
 35CL  G 3559.3       1.0    5                                                  
 35CL  G 4455.4       3.0    15                                                 
 35CL  G 5855.0       10     1  (D+Q)    +0.48   11                             
 35CL  G 7617.8       80     8  (D+Q)    +2.2    3                              
                     *                                                            <W> Gamma intensity not normalized with strongest=100!
 35CL  L 7656.5     4                                           1323.9    8     
 35CL  G 1550.3       3.0    15                                                 
 35CL  G 1973.4       1.0    5                                                  
 35CL  G 2001.9       1.0    5                                                  
 35CL  G 2817.3       3.0    15                                                 
 35CL  G 3478.4       1.0    5                                                  
 35CL  G 3597.1       32     3                                                  
 35CL  G 3689.0       2      1                                                  
 35CL  G 7655.6       57     6                                                  
                     *                                                            <W> Gamma intensity not normalized with strongest=100!
 35CL  L 7671.9     4 (5/2-,7/2)                                1339.7    8     
 35CL  G 2072.1       1.2    LT                                                 
 35CL  G 2508.5       4      2                                                  
 35CL  G 2790.6       1.0    5                                                  
 35CL  G 2903.0       1      LT                                                 
 35CL  G 3323.9       6.0    6                                                  
 35CL  G 3498.3       4      2                                                  
 35CL  G 4508.6       4      2                                                  
 35CL  G 4668.8       8.0    8  (D+Q)    -1.4    5                              
 35CL  G 5025.9       14.0   14 D(+Q)    +0.3    22                             
 35CL  G 5908.2       57     6  (D+Q)    +0.86   14                             
 35CL  G 7671.0       2      1                                                  
                     *                                                            <W> Gamma intensity not normalized with strongest=100!
 35CL  L 7684.7    3  3/2                                       1353.7    6     
 35CL  G 1926.6       0.5    3                                                  
 35CL  G 2084.9       2      1                                                  
 35CL  G 2281.1       2      1                                                  
 35CL  G 2468.8       0.5    3                                                  
 35CL  G 2674.5       0.6    LT                                                 
 35CL  G 3506.6       2      1                                                  
 35CL  G 3511.1       5      3                                                  
 35CL  G 3625.3       6.0    6                                                  
 35CL  G 4681.6       9      1  (D+Q)    -2.4    12                             
 35CL  G 5921.0       0.7    LT                                                 
 35CL  G 6464.7       1.0    5                                                  
 35CL  G 7683.8       72     7  (D+Q)    +6.0    7                              
                     *                                                            <W> Gamma intensity not normalized with strongest=100!
 35CL  L 7693.8     5                                           1362.3    8     
 35CL  G 2094.0       1.0    5                                                  
 35CL  G 3634.4       1.0    5                                                  
 35CL  G 4690.7       2      1                                                  
 35CL  G 7692.9       96     10                                                 
                     *                                                            <W> Gamma intensity not normalized with strongest=100!
 35CL  L 7706.4     3 5/2                                       1375.2    8     
 35CL  G 2051.8       4      2                                                  
 35CL  G 2825.1       0.4    LT                                                 
 35CL  G 2867.2       1.0    5                                                  
 35CL  G 3081.9       0.8    LT                                                 
 35CL  G 3528.3       2      LT                                                 
 35CL  G 3592.5       1.0    5                                                  
 35CL  G 3787.7       0.6    LT                                                 
 35CL  G 4703.3       1.0    5                                                  
 35CL  G 5060.3       4      2  (D+Q)    -1.01   10                             
 35CL  G 5942.7       0.4    LT                                                 
 35CL  G 6486.4       1.0    5                                                  
 35CL  G 7705.5       88     9  D(+Q)    +0.1    1                              
                     *                                                            <W> Gamma intensity not normalized with strongest=100!
 35CL  L 7744.8     4 7/2-                                      1414.8    9     
 35CL  G 2863.5       19     2                                                  
 35CL  G 2975.9       1.0    5                                                  
 35CL  G 3630.9       5      3                                                  
 35CL  G 3801.7       12.0   12 E1(+M2)  -0.16   17                             
 35CL  G 4581.4       18     2  M1+E2    +0.18   8                              
 35CL  G 5098.7       43     4  E1(+M2)  +0.1    30                             
 35CL  G 5981.1       2      1                                                  
 35CL  G 6524.7       0.6    LT                                                 
                     *                                                            <W> Gamma intensity not normalized with strongest=100!
 35CL  G 6524.7       0.6    LT                                                 
                               *                                                  <W> large deltaJ=3 ([E3]), but no Mult is given
                                                                                        JI=7/2- JF(1219.40)=1/2+
 35CL  L 7777.0     3 5/2+                                      1448.0    9     
 35CL  G 2190.9       0.5    LT                                                 
 35CL  G 2613.6       1.1    LT                                                 
 35CL  G 2937.8       2      1                                                  
 35CL  G 3008.1       2      1                                                  
 35CL  G 3598.9       7.0    7                                                  
 35CL  G 3717.6       1.0    5                                                  
 35CL  G 4613.6       2      LT                                                 
 35CL  G 4773.9       4      2                                                  
 35CL  G 5082.7       7.0    7                                                  
 35CL  G 5130.9       2      1                                                  
 35CL  G 6013.3       46     5                                                  
 35CL  G 6556.9       13.0   12                                                 
 35CL  G 7776.1       16     2                                                  
                     *                                                            <W> Gamma intensity not normalized with strongest=100!
 35CL  L 7781.6     3 5/2-                                      1452.7    12    
 35CL  G 1675.4       1.4    LT                                                 
 35CL  G 2195.5       1.0    5                                                  
 35CL  G 2378.0       1.0    5                                                  
 35CL  G 2565.7       1.0    5                                                  
 35CL  G 3012.7       7.0    7                                                  
 35CL  G 3433.6       2      1                                                  
 35CL  G 3607.9       40     4                                                  
 35CL  G 3667.7       3.0    15                                                 
 35CL  G 3722.2       1.0    5                                                  
 35CL  G 3862.9       10     1                                                  
 35CL  G 4618.2       5      3                                                  
 35CL  G 5135.5       9      1                                                  
 35CL  G 6017.9       20     2                                                  
 35CL  G 6561.5       1.2    LT                                                 
 35CL  G 7780.7       1.7    LT                                                 
                     *                                                            <W> Gamma intensity not normalized with strongest=100!
 35CL  L 7797.0     4 1/2-                                      1468.6    9     
 35CL  G 2038.9       0.5    3                                                  
 35CL  G 2142.4       1.0    5                                                  
 35CL  G 2393.4       2      1                                                  
 35CL  G 2786.8       2      1                                                  
 35CL  G 2942.5       0.5    3                                                  
 35CL  G 2957.8       1.1    LT                                                 
 35CL  G 3737.6       0.3    LT                                                 
 35CL  G 6576.9       9      1                                                  
 35CL  G 7796.1       85     9                                                  
                     *                                                            <W> Gamma intensity not normalized with strongest=100!
 35CL  L 7837.0     3 3/2-             3.5 FS    LT             1510      1     
 35CL  G 1656.0       0.5    LT                                                 
 35CL  G 1730.8       1.0    5                                                  
 35CL  G 2237.2       0.5    LT                                                 
 35CL  G 2621.1       1.0    5                                                  
 35CL  G 2955.7       4      LT                                                 
 35CL  G 3658.9       35     4  M1+E2    -0.05   3                              
 35CL  G 3663.3       3.0    15                                                 
 35CL  G 3777.6       2      1                                                  
 35CL  G 3893.9       0.5    LT                                                 
 35CL  G 3918.3       0.2    LT                                                 
 35CL  G 4833.9       4      2                                                  
 35CL  G 5190.9       2      LT                                                 
 35CL  G 6073.3       1.9    LT                                                 
 35CL  G 6616.9       27     3  E1+M2    +0.06   3                              
 35CL  G 7836.1       27     3  E1+M2    +0.02   3                              
                     *                                                            <W> Gamma intensity not normalized with strongest=100!
 35CL  G 3893.9       0.5    LT                                                 
                               *                                                  <W> large deltaJ=3 ([E3]), but no Mult is given
                                                                                        JI=3/2- JF(3942.90)=9/2+
 35CL  L 7839.7     5                                           1511.8    9     
 35CL  G 3661.6       33                                                        
 35CL  G 3666.0       3                                                         
 35CL  G 3780.3       3                                                         
 35CL  G 4836.6       2                                                         
 35CL  G 6619.6       34                                                        
 35CL  G 7838.8       25                                                        
                     *                                                            <W> Gamma intensity not normalized with strongest=100!
 35CL  L 7868.6     5 (1/2+,3/2,5/2+)                           1542.3    10    
 35CL  G 2652.7       1      LT                                                 
 35CL  G 2858.4       4      2                                                  
 35CL  G 3694.9       4      2                                                  
 35CL  G 6104.9       18     2                                                  
 35CL  G 6648.5       12.0   12                                                 
 35CL  G 7867.6       62     6                                                  
                     *                                                            <W> Gamma intensity not normalized with strongest=100!
 35CL  L 7880.8     3 3/2,5/2                                   1554.8    9     
 35CL  G 2226.2       9      1                                                  
 35CL  G 3041.6       3.0    15                                                 
 35CL  G 3256.2       1.0    5                                                  
 35CL  G 3702.7       5      LT                                                 
 35CL  G 3707.1       3      LT                                                 
 35CL  G 3766.9       4      2                                                  
 35CL  G 3821.4       1.0    5                                                  
 35CL  G 3962.1       2      1                                                  
 35CL  G 4877.7       10     1                                                  
 35CL  G 5186.5       30     3                                                  
 35CL  G 6117.1       31     3                                                  
 35CL  G 7879.8       9      1                                                  
                     *                                                            <W> Gamma intensity not normalized with strongest=100!
 35CL  L 7899.1     4 (3/2-,5/2)                                1573.7    7     
 35CL  G 2254.0       1.5    LT                                                 
 35CL  G 2735.6       0.9    LT                                                 
 35CL  G 3017.8       0.8    LT                                                 
 35CL  G 3274.5       0.5    LT                                                 
 35CL  G 3721.0       8.0    8                                                  
 35CL  G 3725.4       6.0    6                                                  
 35CL  G 3839.7       2      1                                                  
 35CL  G 4735.7       4      2                                                  
 35CL  G 5204.8       1.3    LT                                                 
 35CL  G 6135.4       77     8                                                  
 35CL  G 7898.1       3.0    15                                                 
                     *                                                            <W> Gamma intensity not normalized with strongest=100!
 35CL  L 7923.3     3 (3/2+,5/2+)                               1598.6    9     
 35CL  G 3084.1       1.4    LT                                                 
 35CL  G 3154.3       2      LT                                                 
 35CL  G 3298.7       1.9    LT                                                 
 35CL  G 3745.2       2      1                                                  
 35CL  G 3749.6       6.0    6                                                  
 35CL  G 3863.9       1.0    5                                                  
 35CL  G 3944.1       1.5    LT                                                 
 35CL  G 3955.7       1.0    5                                                  
 35CL  G 4004.6       1.0    5                                                  
 35CL  G 4920.2       0.9    LT                                                 
 35CL  G 5229.0       12.0   12                                                 
 35CL  G 5277.2       0.9    LT                                                 
 35CL  G 6159.6       1.0    5                                                  
 35CL  G 6703.2       28     3                                                  
 35CL  G 7922.3       48     5                                                  
                     *                                                            <W> Gamma intensity not normalized with strongest=100!
 35CL  L 7970.2     3 (5/2-,7/2-)                               1646.9    10    
 35CL  G 2325.1       3.0    15                                                 
 35CL  G 2384.1       2      1                                                  
 35CL  G 2754.3       3.0    15                                                 
 35CL  G 3088.9       9      1                                                  
 35CL  G 3201.2       6.0    6                                                  
 35CL  G 3622.2       8.0    8                                                  
 35CL  G 3792.1       6      LT                                                 
 35CL  G 3796.5       6.0    6                                                  
 35CL  G 3856.3       2      1                                                  
 35CL  G 4806.8       13.0   13                                                 
 35CL  G 4967.1       5      3                                                  
 35CL  G 5324.1       22     2                                                  
 35CL  G 6206.5       21     2                                                  
 35CL  G 6750.1       1      LT                                                 
                     *                                                            <W> Gamma intensity not normalized with strongest=100!
 35CL  G 6750.1       1      LT                                                 
                     *                                                            <W> check Jf&Ji for deltaJ>2 for gamma=6750.1
                                                                                        JI=(5/2-,7/2-) JF(1219.40)=1/2+
 35CL  L 7987.8     4 3/2                                       1665      1     
 35CL  G 1881.5       1.0    5                                                  
 35CL  G 2333.2       1.7    LT                                                 
 35CL  G 2342.7       1.0    5                                                  
 35CL  G 3809.7       0.8    LT                                                 
 35CL  G 3928.4       1      LT                                                 
 35CL  G 6767.7       62     6  (D+Q)    +0.21   4                              
 35CL  G 7986.8       36     4  (D+Q)    -0.36   2                              
                     *                                                            <W> Gamma intensity not normalized with strongest=100!
 35CL  G 2342.7       1.0    5                                                  
                     *                                                            <W> check Jf&Ji for deltaJ>2 for gamma=2342.7
                                                                                        JI=3/2 JF(5645.0)=(5/2,7/2,9/2)
 35CL  L 7995.6     3 5/2                                       1673      1     
 35CL  G 2190.0       0.6    LT                                                 
 35CL  G 2395.8       1.1    LT                                                 
 35CL  G 2592.0       3.0    15                                                 
 35CL  G 2832.1       1.5    LT                                                 
 35CL  G 3817.5       3.0    15                                                 
 35CL  G 3936.2       1.1    LT                                                 
 35CL  G 4832.2       6.0    6                                                  
 35CL  G 4992.5       2      LT                                                 
 35CL  G 5301.3       0.2    LT                                                 
 35CL  G 5349.5       0.6    LT                                                 
 35CL  G 6231.9       1.0    5                                                  
 35CL  G 7994.6       87     9                                                  
                     *                                                            <W> Gamma intensity not normalized with strongest=100!
 35CL  L 8000.4    2  (7/2,9/2+)                                1678.1    9     
 35CL  G 2355.3       3.0    15                                                 
 35CL  G 2784.5       0.8    LT                                                 
 35CL  G 3119.1       0.7    LT                                                 
 35CL  G 3231.4       8.0    8                                                  
 35CL  G 3652.4       1.9    LT                                                 
 35CL  G 3826.7       8.0    8                                                  
 35CL  G 4057.2       2      1                                                  
 35CL  G 4837.0       0.8    LT                                                 
 35CL  G 5354.3       2      1                                                  
 35CL  G 6236.7       76     8                                                  
 35CL  G 7999.4       1.0    5                                                  
                     *                                                            <W> Gamma intensity not normalized with strongest=100!
 35CL  G 7999.4       1.0    5                                                  
                     *                                                            <W> check Jf&Ji for deltaJ>2 for gamma=7999.4
                                                                                        JI=(7/2,9/2+) JF(0)=3/2+
 35CL  L 8004.5     2 5/2+                                      1682.1    2     
 35CL  G 2349.9       1.8    LT                                                 
 35CL  G 3123.2       0.6    LT                                                 
 35CL  G 3165.2       3      LT                                                 
 35CL  G 3830.8       1.3    LT                                                 
 35CL  G 4841.1       17     2                                                  
 35CL  G 5001.4       3.0    15                                                 
 35CL  G 5310.2       1.7    LT                                                 
 35CL  G 5358.4       4      LT                                                 
 35CL  G 6240.8       20     2                                                  
 35CL  G 6784.4       0.6    LT                                                 
 35CL  G 8003.5       60     6                                                  
                     *                                                            <W> Gamma intensity not normalized with strongest=100!
 35CL  L 8035.5     4                                           1714.1    10    
 35CL  G 2229.9       6.0    6                                                  
 35CL  G 3857.4       15.0   15                                                 
 35CL  G 3976.1       11     1                                                  
 35CL  G 5341.2       5      3                                                  
 35CL  G 6271.8       5      3                                                  
 35CL  G 6815.4       56     6                                                  
 35CL  G 8034.5       2      1                                                  
                     *                                                            <W> Gamma intensity not normalized with strongest=100!
 35CL  L 8038.5     3 3/2                                       1717.2    11    
 35CL  G 3183.9       0.6    LT                                                 
 35CL  G 3199.2       1.6    LT                                                 
 35CL  G 3413.9       3      LT                                                 
 35CL  G 3860.4       1.6    LT                                                 
 35CL  G 3979.1       4      2                                                  
 35CL  G 4059.2       0.8    LT                                                 
 35CL  G 4119.7       1.4    LT                                                 
 35CL  G 5035.4       3.0    15                                                 
 35CL  G 5344.2       61     6  (D+Q)    -0.20   2                              
 35CL  G 6274.8       17     2                                                  
 35CL  G 6818.4       6.0    6                                                  
 35CL  G 8037.5       9      1  (D+Q)    -0.13   4                              
                     *                                                            <W> Gamma intensity not normalized with strongest=100!
 35CL  L 8075.9     3 (3/2,5/2,7/2-)                            1755.7    11    
 35CL  G 2430.8       10     1                                                  
 35CL  G 2489.8       11     1                                                  
 35CL  G 2860.0       7.0    7                                                  
 35CL  G 2912.4       1.0    5                                                  
 35CL  G 3194.6       2      1                                                  
 35CL  G 3306.9       4      2                                                  
 35CL  G 3897.8       8      LT                                                 
 35CL  G 3902.2       7.0    7                                                  
 35CL  G 3962.0       2      1                                                  
 35CL  G 5072.7       2      1                                                  
 35CL  G 6312.1       53     5                                                  
 35CL  G 8074.9       1.0    5                                                  
                     *                                                            <W> Gamma intensity not normalized with strongest=100!
 35CL  L 8096.5     3 (5/2,7/2+)                                1776.9    11    
 35CL  G 2290.9       1.0    5                                                  
 35CL  G 2451.4       5      3                                                  
 35CL  G 2496.7       6.0    6                                                  
 35CL  G 2880.6       1.0    5                                                  
 35CL  G 2933.0       2      1                                                  
 35CL  G 3257.2       3.0    15                                                 
 35CL  G 3327.5       1.0    5                                                  
 35CL  G 3918.4       1.9    LT                                                 
 35CL  G 4037.0       2      1                                                  
 35CL  G 4177.7       3.0    15                                                 
 35CL  G 4933.1       5      3                                                  
 35CL  G 5402.2       5      3                                                  
 35CL  G 5450.4       17     2                                                  
 35CL  G 6332.7       9      1                                                  
 35CL  G 8095.5       40     4                                                  
                     *                                                            <W> Gamma intensity not normalized with strongest=100!
 35CL  L 8106.4     3 3/2                                       1787.1    11    
 35CL  G 2506.6       0.5    3                                                  
 35CL  G 3251.8       0.5    3                                                  
 35CL  G 3267.1       0.5    3                                                  
 35CL  G 3928.3       1.0    5                                                  
 35CL  G 4046.9       0.5    3                                                  
 35CL  G 4127.1       3      LT                                                 
 35CL  G 4138.8       3.0    15                                                 
 35CL  G 5103.2       8.0    8                                                  
 35CL  G 5412.1       8.0    8  (D+Q)    +4.9    10                             
 35CL  G 6342.6       3.0    15                                                 
 35CL  G 6886.3       35     4                                                  
 35CL  G 8105.4       40     4  (D+Q)    +1.2    1                              
                     *                                                            <W> Gamma intensity not normalized with strongest=100!
 35CL  L 8113.3     3 (1/2+,3/2,5/2+)                           1794.2    11    
 35CL  G 1621.3       6.0    6                                                  
 35CL  G 2007.0       6      LT                                                 
 35CL  G 2307.7       1.1    LT                                                 
 35CL  G 2458.7       0.9    LT                                                 
 35CL  G 2513.5       3.0    15                                                 
 35CL  G 2897.4       1.8    LT                                                 
 35CL  G 3939.6       5      3                                                  
 35CL  G 4053.8       1.3    LT                                                 
 35CL  G 4134.0       5      LT                                                 
 35CL  G 4145.7       5      3                                                  
 35CL  G 5110.1       1.9    LT                                                 
 35CL  G 5418.9       17     2                                                  
 35CL  G 6349.5       6.0    6                                                  
 35CL  G 6893.2       32     3                                                  
 35CL  G 8112.3       26     3                                                  
                     *                                                            <W> Gamma intensity not normalized with strongest=100!
 35CL  L 8147.2     4 3/2-                                      1829.1    11    
 35CL  G 2464.1       1.0    5                                                  
 35CL  G 3136.9       2      1                                                  
 35CL  G 3969.1       9      1                                                  
 35CL  G 4087.7       3.0    15                                                 
 35CL  G 4167.9       2      LT                                                 
 35CL  G 4179.6       1.0    5                                                  
 35CL  G 4228.4       3.0    15                                                 
 35CL  G 5452.8       3.0    15                                                 
 35CL  G 6927.1       15.0   15                                                 
 35CL  G 8146.2       63     6                                                  
                     *                                                            <W> Gamma intensity not normalized with strongest=100!
 35CL  L 8156.8     3 (5/2+,7/2-)                               1839.0    11    
 35CL  G 2511.7       3.0    15                                                 
 35CL  G 2570.7       7.0    7                                                  
 35CL  G 2940.9       8.0    8                                                  
 35CL  G 3387.8       1      LT                                                 
 35CL  G 3978.7       5      LT                                                 
 35CL  G 3983.1       8.0    8                                                  
 35CL  G 4042.8       7.0    7                                                  
 35CL  G 4097.3       1      LT                                                 
 35CL  G 4213.6       2      LT                                                 
 35CL  G 4993.4       9      1                                                  
 35CL  G 5153.6       4      2                                                  
 35CL  G 5510.7       50     5                                                  
 35CL  G 6393.0       1      LT                                                 
 35CL  G 8155.8       4      2                                                  
                     *                                                            <W> Gamma intensity not normalized with strongest=100!
 35CL  L 8179.4     5                                           1862.3    12    
 35CL  G 3554.8       9      1                                                  
 35CL  G 5016.0       8.0    8                                                  
 35CL  G 5176.2       4      2                                                  
 35CL  G 5485.0       3.0    15                                                 
 35CL  G 6415.6       68     7                                                  
 35CL  G 8178.4       8.0    8                                                  
                     *                                                            <W> Gamma intensity not normalized with strongest=100!
 35CL  L 8208       1 5/2+                                      1891.7    10    
 35CL  G 2553.4       0.7    LT                                                 
 35CL  G 3326.6       0.8    LT                                                 
 35CL  G 3368.7       0.4    LT                                                 
 35CL  G 4148.5       2      1                                                  
 35CL  G 4289.2       1.0    5                                                  
 35CL  G 5204.8       1.0    5                                                  
 35CL  G 5513.6       1.0    5                                                  
 35CL  G 6444.2       16     2  D+Q      +0.33   4                              
 35CL  G 6987.9       3.0    15                                                 
 35CL  G 8207.0       76     8  M1+E2    -0.36   4                              
                     *                                                            <W> Gamma intensity not normalized with strongest=100!
 35CL  L 8216.3     4 5/2+                                      1900.3    10    
 35CL  G 2561.7       0.8    LT                                                 
 35CL  G 3447.3       0.8    LT                                                 
 35CL  G 4038.1       3      LT                                                 
 35CL  G 5052.9       44     5  D+Q      +0.11   2                              
 35CL  G 5213.1       5      3                                                  
 35CL  G 5521.9       4      2                                                  
 35CL  G 6452.5       1.4    LT                                                 
 35CL  G 8215.3       47     5  M1+E2    +0.06   3                              
                     *                                                            <W> Gamma intensity not normalized with strongest=100!
 35CL  L 8242.1     6 3/2-                                      1926.8    10    
 35CL  G 4068.4       7                                                         
 35CL  G 5238.9       2                                                         
 35CL  G 7021.9       91                                                        
                     *                                                            <W> Gamma intensity not normalized with strongest=100!
 35CL  L 8251       5                                           1936      5     
 35CL  G 4137.0       4                                                     D   
 35CL  G 5247.8       6                                                     D   
 35CL  G 7030.8       82                                                    D   
 35CL  G 8250.0       8                                                     D   
                     *                                                            <W> Gamma intensity not normalized with strongest=100!
 35CL  L 8269.0     4 5/2                                       1954.5    5     
 35CL  G 3500.0       2      1                                                  
 35CL  G 3644.4       1.8    9                                                  
 35CL  G 4090.8       16     4                                                  
 35CL  G 4350.2       3.0    15                                                 
 35CL  G 5105.6       5.3    27                                                 
 35CL  G 5265.8       14.0   35                                                 
 35CL  G 5574.6       5.9    30                                                 
 35CL  G 5622.9       3.3    17                                                 
 35CL  G 6505.2       7.8    39                                                 
 35CL  G 8268.0       41     10                                                 
                     *                                                            <W> Gamma intensity not normalized with strongest=100!
 35CL  L 8277.2     3 5/2+                                      1963.0    5     
 35CL  G 2622.6       2.1    11                                                 
 35CL  G 2691.1       1.8    9                                                  
 35CL  G 3113.7       2.9    15                                                 
 35CL  G 3395.8       4      2                                                  
 35CL  G 3437.9       8.3    40                                                 
 35CL  G 3508.2       1.0    5                                                  
 35CL  G 3652.6       2.9    15                                                 
 35CL  G 3929.2       2      LT                                                 
 35CL  G 4099.0       1.0    5                                                  
 35CL  G 4103.5       1.5    8                                                  
 35CL  G 4217.7       1.4    7                                                  
 35CL  G 4358.4       3.7    19                                                 
 35CL  G 5274.0       9.4    47                                                 
 35CL  G 5582.8       2.8    14                                                 
 35CL  G 5631.1       4.5    23                                                 
 35CL  G 6513.4       23     6                                                  
 35CL  G 8276.1       30     8                                                  
                     *                                                            <W> Gamma intensity not normalized with strongest=100!
 35CL  L 8282.0     3 (3/2-,5/2)                                1967.9    5     
 35CL  G 2523.9       0.6    3                                                  
 35CL  G 2695.9       6.9    35                                                 
 35CL  G 3066.1       2.7    14                                                 
 35CL  G 3118.5       3.0    LT                                                 
 35CL  G 3400.6       20     5                                                  
 35CL  G 4103.8       1.7    9                                                  
 35CL  G 4108.3       2.5    13                                                 
 35CL  G 4222.5       2.5    13                                                 
 35CL  G 5118.6       11     3                                                  
 35CL  G 5587.6       0.6    3                                                  
 35CL  G 5635.9       0.5    3                                                  
 35CL  G 6518.2       35     9                                                  
 35CL  G 8280.9       16     4                                                  
                     *                                                            <W> Gamma intensity not normalized with strongest=100!
 35CL  L 8287.5     41/2-                                       1973.5    3     
 35CL  G 2632.9       2.1    11                                                 
 35CL  G 3277.2       2.5    13                                                 
 35CL  G 4109.3       7.7    39                                                 
 35CL  G 4228.0       2.8    14                                                 
 35CL  G 4308.2       3.0    LT                                                 
 35CL  G 4319.9       2.9    15                                                 
 35CL  G 4368.7       1.0    5                                                  
 35CL  G 5593.1       20     5                                                  
 35CL  G 7067.3       48     12 (D)                                             
 35CL  G 8286.4       13     3  (D+Q)    -0.35   4                              
                     *                                                            <W> Gamma intensity not normalized with strongest=100!
 35CL  L 8298.3    3  3/2                                       1984.7    5     
 35CL  G 3288.0       3                                                         
 35CL  G 3416.9       4                                                         
 35CL  G 3443.7       5                                                         
 35CL  G 4124.6       6                                                         
 35CL  G 4238.8       10                                                        
 35CL  G 5134.9       1                                                         
 35CL  G 5295.1       10                                                        
 35CL  G 5603.9       10                                                        
 35CL  G 5652.1       6                                                         
 35CL  G 6534.5       8                                                         
 35CL  G 7078.1       24        (D+Q)    -1.7    1                              
 35CL  G 8297.2       13        (D+Q)    -0.15   4                              
                     *                                                            <W> Gamma intensity not normalized with strongest=100!
 35CL  L 8318.1    3                                            2005.1    3     
 35CL  G 2512.5       0.7                                                       
 35CL  G 2673.0       0.7                                                       
 35CL  G 2718.3       1.5                                                       
 35CL  G 3549.1       0.3                                                       
 35CL  G 3693.5       1.8                                                       
 35CL  G 4139.9       3.0                                                       
 35CL  G 4144.4       2                                                         
 35CL  G 4258.6       1.2                                                       
 35CL  G 4338.8       3.0                                                       
 35CL  G 4350.5       4                                                         
 35CL  G 5154.7       0.5                                                       
 35CL  G 5314.9       3.0                                                       
 35CL  G 5623.7       1.6                                                       
 35CL  G 5671.9       0.9                                                       
 35CL  G 6554.3       1.8                                                       
 35CL  G 7097.9       2.0                                                       
 35CL  G 8317.0       78.0                                                      
                     *                                                            <W> Gamma intensity not normalized with strongest=100!
 35CL  L 8323.2     5                                           2010.3    13    
 35CL  G 4209.2       1                                                     D   
 35CL  G 5320.0       3                                                     D   
 35CL  G 5677.0       4                                                     D   
 35CL  G 6559.4       2      LT                                             D   
 35CL  G 7103.0       8                                                     D   
 35CL  G 8322.1       82                                                    D   
                     *                                                            <W> Gamma intensity not normalized with strongest=100!
 35CL  L 8381.8    6 5/2+                                       2070.7    6     
 35CL  G 3612.8       1      LT                                             V   
 35CL  G 3757.2       1      LT                                             V   
 35CL  G 4267.8       8.0    8                                              V   
 35CL  G 4438.6       8.0    8                                              V   
 35CL  G 4463.0       24     3  D+Q      +0.15   3                              
 35CL  G 5378.6       25     3  M1+E2    +0.02   3                              
 35CL  G 5687.4       1.0    5  M1+E2    -0.72   31                             
 35CL  G 5735.6       5      3                                                  
 35CL  G 6618.0       34     4  M1+E2    +0.06   3                              
 35CL  G 8380.7       3.0    15 M1+E2    1.65                                   
                     *                                                            <W> Gamma intensity not normalized with strongest=100!
 35CL  L 8402.9     4                                           2092.4    5     
 35CL  G 3633.9       4.8    24                                                 
 35CL  G 4224.7       9      5                                                  
 35CL  G 4343.4       23     6                                                  
 35CL  G 5708.5       10     5                                                  
 35CL  G 5756.7       7.4    37                                                 
 35CL  G 6639.1       15     4                                                  
 35CL  G 8401.8       31     8                                                  
                     *                                                            <W> Gamma intensity not normalized with strongest=100!
 35CL  L 8404.3    5                                            2093.9    5     
 35CL  G 3522.9       15     4                                                  
 35CL  G 4230.6       1.6    8                                                  
 35CL  G 4290.3       1.4    7                                                  
 35CL  G 5401.1       15     4                                                  
 35CL  G 6640.5       43     11                                                 
 35CL  G 8403.2       24     6                                                  
                     *                                                            <W> Gamma intensity not normalized with strongest=100!
 35CL  L 8416.7     4                                           2106.6    5     
 35CL  G 3406.4       5                                                     D   
 35CL  G 4243.0       11                                                    D   
 35CL  G 4473.5       3                                                     D   
 35CL  G 5413.5       7                                                     D   
 35CL  G 5722.3                                                             D   
 35CL  G 5770.5       8                                                     D   
 35CL  G 6652.9       22                                                    D   
 35CL  G 7196.5       9                                                     D   
 35CL  G 8415.6       35                                                    D   
                     *                                                            <W> Gamma intensity not normalized with strongest=100!
 35CL  L 8464.3     3                                           2155.6    5     
 35CL  G 2809.7       8.2    41                                                 
 35CL  G 3248.3       5.8    29                                                 
 35CL  G 3454.0       8      4                                                  
 35CL  G 3609.7       3.3    17                                                 
 35CL  G 3839.7       4.3    22                                                 
 35CL  G 4286.1       5.2    26                                                 
 35CL  G 4290.6       5.5    28                                                 
 35CL  G 4496.7       5.2    26                                                 
 35CL  G 4545.5       2.6    13                                                 
 35CL  G 5461.1       17     4                                                  
 35CL  G 5769.9       16     4                                                  
 35CL  G 7244.1       8.5    43                                                 
 35CL  G 8463.2       10     3                                                  
                     *                                                            <W> Gamma intensity not normalized with strongest=100!
 35CL  L 8484.4     43/2+                                       2176.3    5     
 35CL  G 2829.8       5.6    28                                                 
 35CL  G 3603.0       7.0    35                                                 
 35CL  G 3859.8       1.0    5                                                  
 35CL  G 4516.8       1.2    6                                                  
 35CL  G 4565.6       5.2    26                                                 
 35CL  G 5481.2       7.3    37                                                 
 35CL  G 5790.0       20     5                                                  
 35CL  G 5838.2       2.8    14                                                 
 35CL  G 6720.6       46     12                                                 
 35CL  G 8483.3       4      2                                                  
                     *                                                            <W> Gamma intensity not normalized with strongest=100!
 35CL  L 8486.0     4                                           2178.0    5     
 35CL  G 2727.9       1.1    6                                                  
 35CL  G 3861.4       1.8    9                                                  
 35CL  G 4307.8       4.8    24                                             X   
 35CL  G 4426.5       1.9    10                                                 
 35CL  G 4518.4       7.1    36                                                 
 35CL  G 5482.8       8.3    42                                                 
 35CL  G 5791.6       19     5                                                  
 35CL  G 6722.2       3.6    18                                                 
 35CL  G 7265.8       6.6    33                                                 
 35CL  G 8484.9       46     12                                                 
                     *                                                            <W> Gamma intensity not normalized with strongest=100!
 35CL  L 8514.3     4                                           2207.1    5     
 35CL  G 3659.7       4.4    22                                                 
 35CL  G 4336.1       2      1                                                  
 35CL  G 4454.8       27     7                                                  
 35CL  G 4546.7       23     6                                                  
 35CL  G 4595.5       6.6    33                                                 
 35CL  G 7294.1       10     3                                                  
 35CL  G 8513.2       27     7                                                  
                     *                                                            <W> Gamma intensity not normalized with strongest=100!
 35CL  L 8571.9     3                                           2266.4    5     
 35CL  G 2848.2       2.2    11                                                 
 35CL  G 2917.3       1.3    7                                                  
 35CL  G 2972.1       0.7    4                                                  
 35CL  G 3408.4       1.8    9                                                  
 35CL  G 3690.5       0.9    5                                                  
 35CL  G 4398.2       0.7    4                                                  
 35CL  G 4457.9       1.1    6                                                  
 35CL  G 4653.1       1.1    6                                                  
 35CL  G 5408.4       1.6    8                                                  
 35CL  G 5568.7       4.5    23                                                 
 35CL  G 5877.5       0.6    3                                                  
 35CL  G 5925.7       8      4                                                  
 35CL  G 7351.7       5.4    27                                                 
 35CL  G 8570.8       70     7                                                  
                     *                                                            <W> Gamma intensity not normalized with strongest=100!
 35CL  L 8580.5     4                                           2275.3    5     
 35CL  G 2088.4       4.4    22                                                 
 35CL  G 3741.2       1.3    7                                                  
 35CL  G 4402.3       4.4    22                                                 
 35CL  G 4521.0       2      1                                                  
 35CL  G 4661.7       2.3    12                                                 
 35CL  G 5886.1       5.6    28                                                 
 35CL  G 7360.3       54     6                                                  
 35CL  G 8579.4       26     7                                                  
                     *                                                            <W> Gamma intensity not normalized with strongest=100!
 35CL  L 8589.9     4                                           2285.0    5     
 35CL  G 2831.8       4.8    24                                                 
 35CL  G 2935.3       3.7    19                                                 
 35CL  G 3820.9       16     4                                                  
 35CL  G 4416.2       13     3                                                  
 35CL  G 4475.9       3.6    18                                                 
 35CL  G 5426.4       7.7    39                                                 
 35CL  G 5586.7       22     6                                                  
 35CL  G 5943.7       5.5    28                                                 
 35CL  G 6826.0       14     4                                                  
 35CL  G 8588.8       10     3                                                  
                     *                                                            <W> Gamma intensity not normalized with strongest=100!
 35CL  L 8612.0     6                                           2307.7    5     
 35CL  G 6848.1       50     5                                                  
 35CL  G 7391.8       17     4                                                  
 35CL  G 8610.9       33     8                                                  
                     *                                                            <W> Gamma intensity not normalized with strongest=100!
 35CL  L 8613.6     4                                           2309.4    5     
 35CL  G 3732.2       1.6    8                                                  
 35CL  G 4554.1       5.4    27                                                 
 35CL  G 4670.4       4      LT                                             D   
 35CL  G 4694.8       7.2    36                                                 
 35CL  G 5610.4       2.5    13                                                 
 35CL  G 5919.2       4.3    22                                                 
 35CL  G 5967.4       23     6                                                  
 35CL  G 6849.7       9      LT                                             D   
 35CL  G 7393.4       2      LT                                             D   
 35CL  G 8612.5       56     6                                                  
                     *                                                            <W> Gamma intensity not normalized with strongest=100!
 35CL  L 8618.1     4 (3/2+,5/2+)                               2314.0    5     
 35CL  G 2894.4       2.1    11                                                 
 35CL  G 2963.5       1.7    9                                                  
 35CL  G 3763.5       1.4    7                                                  
 35CL  G 3993.5       1.5    8                                                  
 35CL  G 4559      7                                                        K   
 35CL  G 4650.5       3.0    15                                                 
 35CL  G 4699.3       2.3    12                                                 
 35CL  G 5611      7  16     4                                              K   
 35CL  G 5922      7  14     4                                              K   
 35CL  G 5971.9       1.7    9                                                  
 35CL  G 6855      7  23     6                                              K   
 35CL  G 8617      7  33     8                                              K   
                     *                                                            <W> Gamma intensity not normalized with strongest=100!
 35CL  L 8630.1     3 7/2                                       2326.3    3     
 35CL  G 2906.4       0.3    2                                                  
 35CL  G 3466.6       8.4    42 D+Q      +0.60   10                             
 35CL  G 3861.1       1.4    7                                                  
 35CL  G 4282.0       12     3  D+Q      -0.184  14                             
 35CL  G 4456.3       3.6    18                                                 
 35CL  G 4516.1       9.7    49 D+Q      -0.06   2                              
 35CL  G 4686.9       9.6    48                                                 
 35CL  G 5466.6       3.5    18                                                 
 35CL  G 5617      7  1.4    7                                              K   
 35CL  G 5928      7  15     LT                                             K   
 35CL  G 5983.9       2.6    13                                                 
 35CL  G 6864      7  47     12 D+Q      -0.011  3                          K   
 35CL  G 7403      7  5      LT                                             K   
 35CL  G 8623      7  0.5    3                                              K   
                     *                                                            <W> Gamma intensity not normalized with strongest=100!
 35CL  G 7403      7  5      LT                                             K   
                               *                                                  <W> large deltaJ=3 ([M3]), but no Mult is given
                                                                                        JI=7/2 JF(1219.40)=1/2+

################################################################################
In dataset of 35CL: X?0 1972Hu10     XREF Tag=?0

 35CL  L 0                                                                      
         *                                                                        <E> Tag=?0 of this dataset missing in XREF of matched Adopted Level=0
 35CL  L 1219.1    5                                                            
         *                                                                        <E> Tag=?0 of this dataset missing in XREF of matched Adopted Level=1219.40
 35CL  L 1762.8    5                                                            
         *                                                                        <E> Tag=?0 of this dataset missing in XREF of matched Adopted Level=1763.14
 35CL  L 2645.6    5                                                            
         *                                                                        <E> Tag=?0 of this dataset missing in XREF of matched Adopted Level=2645.66
 35CL  L 2694      3                                                            
         *                                                                        <E> Tag=?0 of this dataset missing in XREF of matched Adopted Level=2693.90
 35CL  L 3002.7    7                                                            
         *                                                                        <E> Tag=?0 of this dataset missing in XREF of matched Adopted Level=3002.76
 35CL  L 3162.5    5                                                            
         *                                                                        <E> Tag=?0 of this dataset missing in XREF of matched Adopted Level=3163.03
 35CL  L 3917.9    6                                                            
         *                                                                        <E> Tag=?0 of this dataset missing in XREF of matched Adopted Level=3918.50
 35CL  L 3942.6    9                                                            
         *                                                                        <E> Tag=?0 of this dataset missing in XREF of matched Adopted Level=3942.90
 35CL  L 3967.3    6                                                            
         *                                                                        <E> Tag=?0 of this dataset missing in XREF of matched Adopted Level=3967.31
 35CL  L 4058.4    8                                                            
         *                                                                        <E> Tag=?0 of this dataset missing in XREF of matched Adopted Level=4059.20
 35CL  L 4111      3                                                            
         *                                                                        <E> Tag=?0 of this dataset missing in XREF of matched Adopted Level=4113.70
 35CL  L 4173      6                                                            
         *                                                                        <E> Tag=?0 of this dataset missing in XREF of matched Adopted Level=4173.45
 35CL  L 4177.2    9                                                            
         *                                                                        <E> Tag=?0 of this dataset missing in XREF of matched Adopted Level=4177.90
 35CL  L 4347.5    8                                                            
         *                                                                        <E> Tag=?0 of this dataset missing in XREF of matched Adopted Level=4347.8
 35CL  L 4625      5                                                            
         *                                                                        <E> Tag=?0 of this dataset missing in XREF of matched Adopted Level=4624.40
 35CL  L 4768.9    12                                                           
         *                                                                        <E> Tag=?0 of this dataset missing in XREF of matched Adopted Level=4768.81
 35CL  L 4838      3                                                            
         *                                                                        <E> Tag=?0 of this dataset missing in XREF of matched Adopted Level=4839.10
 35CL  L 4853      2                                                            
         *                                                                        <E> Tag=?0 of this dataset missing in XREF of matched Adopted Level=4854.4
 35CL  L 4880.9    1                                                            
         *                                                                        <E> Tag=?0 of this dataset missing in XREF of matched Adopted Level=4881.19
 35CL  L 5008      5                                                            
         *                                                                        <E> Tag=?0 of this dataset missing in XREF of matched Adopted Level=5010.11
 35CL  L 5163      5                                                            
         *                                                                        <E> Tag=?0 of this dataset missing in XREF of matched Adopted Level=5163.34
 35CL  G 2517         50     20                                                 
         *                                                                        <W> This gamma is missing in Adopted Gammas at level=5163.34
         *                                                                        <W> Similar gammas placed differently in Adopted:
                                                                                        2521.8         from level=5215.80     JPI=                    
                                                                                        2522.8         from level=7362.0      JPI=3/2                 
                                                                                        2508.5         from level=7671.9      JPI=(5/2-,7/2)          
                                                                                        2513.5         from level=8113.3      JPI=(1/2+,3/2,5/2+)     
                                                                                        2511.7         from level=8156.8      JPI=(5/2+,7/2-)         
                                                                                        2523.9         from level=8282.0      JPI=(3/2-,5/2)          
                                                                                        2512.5         from level=8318.1      JPI=                    
 35CL  L 5214      3                                                            
         *                                                                        <E> Tag=?0 of this dataset missing in XREF of matched Adopted Level=5215.80
 35CL  L 5400      5                                                            
         *                                                                        <E> Tag=?0 of this dataset missing in XREF of matched Adopted Level=5403.5
 35CL  G 2397         25     10                                                 
         *                                                                        <W> This gamma is missing in Adopted Gammas at level=5403.5
         *                                                                        <W> Similar gammas placed differently in Adopted:
                                                                                        2402.8         from level=7618.7      JPI=5/2                 
                                                                                        2393.4         from level=7797.0      JPI=1/2-                
                                                                                        2395.8         from level=7995.6      JPI=5/2                 
 35CL  L 5587      3                                                            
         *                                                                        <E> Tag=?0 of this dataset missing in XREF of matched Adopted Level=5586.0
 35CL  L 5598      3                                                            
         *                                                                        <E> Tag=?0 of this dataset missing in XREF of matched Adopted Level=5599.70
 35CL  L 5645      3                                                            
         *                                                                        <E> Tag=?0 of this dataset missing in XREF of matched Adopted Level=5645.0
 35CL  L 5651      3                                                            
         *                                                                        <E> Tag=?0 of this dataset missing in XREF of matched Adopted Level=5654.50
 35CL  L 5682      5                                                            
         *                                                                        <E> Tag=?0 of this dataset missing in XREF of matched Adopted Level=5683.0
 35CL  L 5754      5                                                            
         *                                                                        <E> Tag=?0 of this dataset missing in XREF of matched Adopted Level=5758.0
 35CL  L 5802      5                                                            
         *                                                                        <W> level not placed in Adopted.
                                                                                        closest level in Adopted:
                                                                                        5805.5     4                     XREF=
 35CL  G 4583         100                                                       
         *                                                                        <W> Similar gammas placed differently in Adopted:
                                                                                        4588.0         from level=7234.0      JPI=5/2+                
                                                                                        4578.4         from level=7272.6      JPI=(1/2,3/2)           
                                                                                        4581.4         from level=7744.8      JPI=7/2-                
 35CL  L 6102      3                                                            
         *                                                                        <E> Tag=?0 of this dataset missing in XREF of matched Adopted Level=6106.2
 35CL  L 6489      5                                                            
         *                                                                        <W> level not placed in Adopted.
                                                                                        closest level in Adopted:
                                                                                        6492.0     6                     XREF=
 35CL  G 4726         100                                                       
         *                                                                        <W> Similar gammas placed differently in Adopted:
                                                                                        4716.0         from level=7362.0      JPI=3/2                 
                                                                                        4735.7         from level=7899.1      JPI=(3/2-,5/2)          
 35CL  L 7066.4    7                                            716.0     7     
         *                                                                        <E> Tag=?0 of this dataset missing in XREF of matched Adopted Level=7066.2
 35CL  L 7103.4    7                                            754.1     7     
         *                                                                        <E> Tag=?0 of this dataset missing in XREF of matched Adopted Level=7103.3
 35CL  L 7178.6    8                                            831.5     8     
         *                                                                        <E> Tag=?0 of this dataset missing in XREF of matched Adopted Level=7178.6
 35CL  L 7194.8    7                                            848.2     7     
         *                                                                        <E> Tag=?0 of this dataset missing in XREF of matched Adopted Level=7194.5
 35CL  G 3017.5       15                                                        
         *                                                                        <W> Check discrepancy in gamma energies:
                                                                                          this energy=3017.5      Adopted=3020.9
 35CL  L 7226.2    8                                            880.5     8     
         *                                                                        <E> Tag=?0 of this dataset missing in XREF of matched Adopted Level=7225.5
 35CL  G 1373.0       1                                                         
         *                                                                        <W> No final level found
         *                                                                        <W> This gamma is missing in Adopted Gammas at level=7225.5
         *                                                                        <W> No matching gamma within 5 keV found in Adopted
 35CL  L 7234.4    8                                            889.0     8     
         *                                                                        <E> Tag=?0 of this dataset missing in XREF of matched Adopted Level=7234.0
 35CL  L 7272.5    9                                            928.2     9     
         *                                                                        <E> Tag=?0 of this dataset missing in XREF of matched Adopted Level=7272.6
 35CL  L 7362.1    8                                            1020.4    8     
         *                                                                        <E> Tag=?0 of this dataset missing in XREF of matched Adopted Level=7362.0
 35CL  L 7395.6    10                                           1054.9    10    
         *                                                                        <E> Tag=?0 of this dataset missing in XREF of matched Adopted Level=7396.0
 35CL  L 7451.2    10                                           1112.2    10    
         *                                                                        <E> Tag=?0 of this dataset missing in XREF of matched Adopted Level=7451.0
 35CL  L 7502.52                                                1165            
         *                                                                        <E> Tag=?0 of this dataset missing in XREF of matched Adopted Level=7501.1
 35CL  L 7503.50                                                1166            
         *                                                                        <E> Tag=?0 of this dataset missing in XREF of matched Adopted Level=7502.9
 35CL  G 1401.47      10                                                        
         *                                                                        <W> Check discrepancy in gamma energies:
                                                                                          this energy=1401.47      Adopted=1396.7
 35CL  L 7520.2    11                                           1183.2    11    
         *                                                                        <E> Tag=?0 of this dataset missing in XREF of matched Adopted Level=7518.7
 35CL  L 7549.8    10                                           1213.7    10    
         *                                                                        <E> Tag=?0 of this dataset missing in XREF of matched Adopted Level=7548.2
 35CL  L 7561.4    10                                           1225.6    10    
         *                                                                        <E> Tag=?0 of this dataset missing in XREF of matched Adopted Level=7561.1
 35CL  L 7601.1    10                                           1266.5    10    
         *                                                                        <E> Tag=?0 of this dataset missing in XREF of matched Adopted Level=7600.8
 35CL  L 7619.6    11                                           1285.5    11    
         *                                                                        <E> Tag=?0 of this dataset missing in XREF of matched Adopted Level=7618.7
 35CL  L 7656.7    12                                           1323.7    12    
         *                                                                        <E> Tag=?0 of this dataset missing in XREF of matched Adopted Level=7656.5
 35CL  L 7672.3    11                                           1339.8    11    
         *                                                                        <E> Tag=?0 of this dataset missing in XREF of matched Adopted Level=7671.9
 35CL  G 3494.9       4                                                         
         *                                                                        <W> Check discrepancy in gamma energies:
                                                                                          this energy=3494.9      Adopted=3498.3
 35CL  L 7685.8    11                                           1353.7    11    
         *                                                                        <E> Tag=?0 of this dataset missing in XREF of matched Adopted Level=7684.7
 35CL  L 7694.3    12                                           1362.4    12    
         *                                                                        <E> Tag=?0 of this dataset missing in XREF of matched Adopted Level=7693.8
 35CL  L 7707.2    11                                           1375.7    11    
         *                                                                        <E> Tag=?0 of this dataset missing in XREF of matched Adopted Level=7706.4
 35CL  L 7746.0    12                                           1415.6    12    
         *                                                                        <E> Tag=?0 of this dataset missing in XREF of matched Adopted Level=7744.8
 35CL  L 7778.4    11                                           1449.0    11    
         *                                                                        <E> Tag=?0 of this dataset missing in XREF of matched Adopted Level=7777.0
 35CL  L 7782.9    11                                           1453.6    11    
         *                                                                        <E> Tag=?0 of this dataset missing in XREF of matched Adopted Level=7781.6
 35CL  G 2185         1                                                         
         *                                                                        <W> Check discrepancy in gamma energies:
                                                                                          this energy=2185      Adopted=2195.5
 35CL  L 7798.4    12                                           1469.6    12    
         *                                                                        <E> Tag=?0 of this dataset missing in XREF of matched Adopted Level=7797.0
 35CL  L 7837.67                                                1510            
         *                                                                        <E> Tag=?0 of this dataset missing in XREF of matched Adopted Level=7837.0
 35CL  G 1735.62      1                                                         
         *                                                                        <W> Check discrepancy in gamma energies:
                                                                                          this energy=1735.62      Adopted=1730.8
 35CL  G 2623.56      1                                                         
         *                                                                        <W> Check discrepancy in gamma energies:
                                                                                          this energy=2623.56      Adopted=2621.1
 35CL  L 7869.0    13                                           1542.3    13    
         *                                                                        <E> Tag=?0 of this dataset missing in XREF of matched Adopted Level=7868.6
 35CL  G 3691.6       4                                                         
         *                                                                        <W> Check discrepancy in gamma energies:
                                                                                          this energy=3691.6      Adopted=3694.9
 35CL  L 7881.3    12                                           1554.9    12    
         *                                                                        <E> Tag=?0 of this dataset missing in XREF of matched Adopted Level=7880.8
 35CL  L 7900.2    12                                           1574.4    12    
         *                                                                        <E> Tag=?0 of this dataset missing in XREF of matched Adopted Level=7899.1
 35CL  L 7924.0    13                                           1598.9    13    
         *                                                                        <E> Tag=?0 of this dataset missing in XREF of matched Adopted Level=7923.3
 35CL  L 7971.0    12                                           1647.3    12    
         *                                                                        <E> Tag=?0 of this dataset missing in XREF of matched Adopted Level=7970.2
 35CL  G 2373         2                                                         
         *                                                                        <W> Check discrepancy in gamma energies:
                                                                                          this energy=2373      Adopted=2384.1
 35CL  L 7988.4    12                                           1665.2    12    
         *                                                                        <E> Tag=?0 of this dataset missing in XREF of matched Adopted Level=7987.8
 35CL  L 7996.7    11                                           1673.7    11    
         *                                                                        <E> Tag=?0 of this dataset missing in XREF of matched Adopted Level=7995.6
 35CL  L 8002.5    11                                           1679.7    11    
         *                                                                        <E> Tag=?0 of this dataset missing in XREF of matched Adopted Level=8000.4
 35CL  L 8007.0    13                                           1684.3    13    
         *                                                                        <W> level not placed in Adopted or discrepant.
                                                                                        closest level in Adopted:
                                                                                        8004.5     2 5/2+                XREF=
 35CL  G 4844.1       17                                                        
         *                                                                        <W> Similar gammas placed differently in Adopted:
                                                                                        4838.7         from level=4839.10     JPI=(1/2+,3/2)          
                                                                                        4837.0         from level=8000.4      JPI=(7/2,9/2+)          
                                                                                        4841.1         from level=8004.5      JPI=5/2+                
 35CL  G 5003.9       3                                                         
         *                                                                        <W> Similar gammas placed differently in Adopted:
                                                                                        5001.4         from level=8004.5      JPI=5/2+                
 35CL  G 6243.6       20                                                        
         *                                                                        <W> Similar gammas placed differently in Adopted:
                                                                                        6240.8         from level=8004.5      JPI=5/2+                
 35CL  G 8006.0       60                                                        
         *                                                                        <W> Similar gammas placed differently in Adopted:
                                                                                        8003.5         from level=8004.5      JPI=5/2+                
 35CL  L 8035.8    11                                           1714.0    11    
         *                                                                        <E> Tag=?0 of this dataset missing in XREF of matched Adopted Level=8035.5
 35CL  L 8039.6    11                                           1717.9    11    
         *                                                                        <E> Tag=?0 of this dataset missing in XREF of matched Adopted Level=8038.5
 35CL  L 8076.6    10                                           1756.0    10    
         *                                                                        <E> Tag=?0 of this dataset missing in XREF of matched Adopted Level=8075.9
 35CL  G 2479         11                                                        
         *                                                                        <W> Check discrepancy in gamma energies:
                                                                                          this energy=2479      Adopted=2489.8
 35CL  L 8096.8    11                                           1776.7    11    
         *                                                                        <E> Tag=?0 of this dataset missing in XREF of matched Adopted Level=8096.5
 35CL  L 8107.4    11                                           1787.7    11    
         *                                                                        <E> Tag=?0 of this dataset missing in XREF of matched Adopted Level=8106.4
 35CL  L 8114.3    13                                           1794.8    13    
         *                                                                        <E> Tag=?0 of this dataset missing in XREF of matched Adopted Level=8113.3
 35CL  L 8147.7    13                                           1829.1    13    
         *                                                                        <E> Tag=?0 of this dataset missing in XREF of matched Adopted Level=8147.2
 35CL  L 8157.3    12                                           1839.0    12    
         *                                                                        <E> Tag=?0 of this dataset missing in XREF of matched Adopted Level=8156.8
 35CL  G 2559         7                                                         
         *                                                                        <W> Check discrepancy in gamma energies:
                                                                                          this energy=2559      Adopted=2570.7
 35CL  L 8180.3    13                                           1862.7    13    
         *                                                                        <E> Tag=?0 of this dataset missing in XREF of matched Adopted Level=8179.4
 35CL  L 8209.9    11                                           1893.2    11    
         *                                                                        <E> Tag=?0 of this dataset missing in XREF of matched Adopted Level=8208
 35CL  L 8218.3    11                                           1901.8    11    
         *                                                                        <E> Tag=?0 of this dataset missing in XREF of matched Adopted Level=8216.3
 35CL  L 8243.9    13                                           1928.2    13    
         *                                                                        <E> 2 possible matches found in Adopted! Check XREF
                                                                                         8242.1     6 3/2-                XREF=
                                                                                         8251       5                     XREF=
                                                                                      But tag=?0 of this dataset is not in XREF of any of them!
 35CL  L 8270.8    13                                           1955.9    13    
         *                                                                        <E> Tag=?0 of this dataset missing in XREF of matched Adopted Level=8269.0
 35CL  L 8278.8    14                                           1964.1    14    
         *                                                                        <E> Tag=?0 of this dataset missing in XREF of matched Adopted Level=8277.2
 35CL  L 8284.5    13                                           1970.0    13    
         *                                                                        <E> 2 possible matches found in Adopted! Check XREF
                                                                                         8282.0     3 (3/2-,5/2)          XREF=
                                                                                      #  8284.3    13                     XREF=
                                                                                      But tag=?0 of this dataset is not in XREF of any of them!
 35CL  L 8290.0    13                                           1975.6    13    
         *                                                                        <E> 2 possible matches found in Adopted! Check XREF
                                                                                         8287.5     4 1/2-                XREF=
                                                                                         8294       2                     XREF=
                                                                                      But tag=?0 of this dataset is not in XREF of any of them!
 35CL  L 8300.1    13                                           1986.0    13    
         *                                                                        <E> 2 possible matches found in Adopted! Check XREF
                                                                                         8297.3     5                     XREF=
                                                                                         8298.3     3 3/2                 XREF=
                                                                                      But tag=?0 of this dataset is not in XREF of any of them!
 35CL  L 8320.2    12                                           2006.7    12    
         *                                                                        <E> Tag=?0 of this dataset missing in XREF of matched Adopted Level=8318.1
 35CL  L 8323.9    13                                           2010.5    13    
         *                                                                        <E> Tag=?0 of this dataset missing in XREF of matched Adopted Level=8323.2
 35CL  L 8385.1    12                                           2073.5    12    
         *                                                                        <E> Tag=?0 of this dataset missing in XREF of matched Adopted Level=8381.8
 35CL  G 4466.9       24                                                        
         *                                                                        <W> Check discrepancy in gamma energies:
                                                                                          this energy=4466.9      Adopted=4463.0
 35CL  G 5382.0       25                                                        
         *                                                                        <W> Check discrepancy in gamma energies:
                                                                                          this energy=5382.0      Adopted=5378.6
 35CL  G 5739.0       5                                                         
         *                                                                        <W> Check discrepancy in gamma energies:
                                                                                          this energy=5739.0      Adopted=5735.6
 35CL  G 6621.6       34                                                        
         *                                                                        <W> Check discrepancy in gamma energies:
                                                                                          this energy=6621.6      Adopted=6618.0
 35CL  G 8384.0       3                                                         
         *                                                                        <W> Check discrepancy in gamma energies:
                                                                                          this energy=8384.0      Adopted=8380.7
 35CL  L 8391.4    14                                           2080.0    14    
         *                                                                        <E> Tag=?0 of this dataset missing in XREF of matched Adopted Level=8390.8
 35CL  L 8407.5    12                                           2096.6    12    
         *                                                                        <E> 2 possible matches found in Adopted! Check XREF
                                                                                         8404.3     5                     XREF=
                                                                                      #  8407.7     5                     XREF=
                                                                                      But tag=?0 of this dataset is not in XREF of any of them!
 35CL  L 8411.8    14                                           2101.0    14    
         *                                                                        <E> Tag=?0 of this dataset missing in XREF of matched Adopted Level=8411.2

################################################################################
In dataset of 35CL: X?1 1972Hu11     XREF Tag=?1

 35CL  L 0                                                                      
         *                                                                        <E> Tag=?1 of this dataset missing in XREF of matched Adopted Level=0
 35CL  L 1219.1                        175 FS    20                             
         *                                                                        <E> Tag=?1 of this dataset missing in XREF of matched Adopted Level=1219.40
 35CL  L 1762.8                        500 FS    100                            
         *                                                                        <E> Tag=?1 of this dataset missing in XREF of matched Adopted Level=1763.14
 35CL  L 2645.6                        255 FS    65                             
         *                                                                        <E> Tag=?1 of this dataset missing in XREF of matched Adopted Level=2645.66
 35CL  L 2694                          21 FS     3                              
         *                                                                        <E> Tag=?1 of this dataset missing in XREF of matched Adopted Level=2693.90
 35CL  L 3002.7                        22 FS     3                              
         *                                                                        <E> Tag=?1 of this dataset missing in XREF of matched Adopted Level=3002.76
 35CL  L 3162.5                        2000 FS   GE                             
         *                                                                        <E> Tag=?1 of this dataset missing in XREF of matched Adopted Level=3163.03
 35CL  L 3917.9                        7 FS      2                              
         *                                                                        <E> Tag=?1 of this dataset missing in XREF of matched Adopted Level=3918.50
 35CL  L 3942.6                        390 FS    110                            
         *                                                                        <E> Tag=?1 of this dataset missing in XREF of matched Adopted Level=3942.90
 35CL  L 3967.3                        13 FS     4                              
         *                                                                        <E> Tag=?1 of this dataset missing in XREF of matched Adopted Level=3967.31
 35CL  L 4058.4                        22 FS     3                              
         *                                                                        <E> Tag=?1 of this dataset missing in XREF of matched Adopted Level=4059.20
 35CL  L 4173                          55 FS     6                              
         *                                                                        <E> Tag=?1 of this dataset missing in XREF of matched Adopted Level=4173.45
 35CL  L 4177.2                        32 FS     5                              
         *                                                                        <E> Tag=?1 of this dataset missing in XREF of matched Adopted Level=4177.90
 35CL  L 4347.5                        600 FS    GE                             
         *                                                                        <E> Tag=?1 of this dataset missing in XREF of matched Adopted Level=4347.8
 35CL  L 4768.9                        270 FS    95                             
         *                                                                        <E> Tag=?1 of this dataset missing in XREF of matched Adopted Level=4768.81
 35CL  L 4853                          6 FS      LE                             
         *                                                                        <E> 2 possible matches found in Adopted! Check XREF
                                                                                         4839.10   21 (1/2+,3/2)          XREF=
                                                                                      #  4854.4     4 (1/2,3/2,5/2+)      XREF=
                                                                                      But tag=?1 of this dataset is not in XREF of any of them!
 35CL  L 4880.9                        7 FS      2                              
         *                                                                        <E> Tag=?1 of this dataset missing in XREF of matched Adopted Level=4881.19

################################################################################
In dataset of 35CL: X?2 1973Fa07     XREF Tag=?2

 35CL  L 0                                                                      
         *                                                                        <E> Tag=?2 of this dataset missing in XREF of matched Adopted Level=0
 35CL  L 1219                          150 FS    20                             
         *                                                                        <E> Tag=?2 of this dataset missing in XREF of matched Adopted Level=1219.40
 35CL  L 1763                          0.40 PS   14                             
         *                                                                        <E> Tag=?2 of this dataset missing in XREF of matched Adopted Level=1763.14
 35CL  L 2694                          19 FS     4                              
         *                                                                        <E> Tag=?2 of this dataset missing in XREF of matched Adopted Level=2693.90
 35CL  L 3003                          14 FS     2                              
         *                                                                        <E> Tag=?2 of this dataset missing in XREF of matched Adopted Level=3002.76
 35CL  L 3162                          0.90 PS   GE                             
         *                                                                        <E> Tag=?2 of this dataset missing in XREF of matched Adopted Level=3163.03
 35CL  L 3944                          1.5E2 FS  5                              
         *                                                                        <E> Tag=?2 of this dataset missing in XREF of matched Adopted Level=3942.90
 35CL  L 3967                          20 FS     5                              
         *                                                                        <E> 2 possible matches found in Adopted! Check XREF
                                                                                      #  3967.31   25                     XREF=
                                                                                         3979.0     3                     XREF=
                                                                                      But tag=?2 of this dataset is not in XREF of any of them!
 35CL  L 4059                          20 FS     4                              
         *                                                                        <E> Tag=?2 of this dataset missing in XREF of matched Adopted Level=4059.20
 35CL  L 4178                          42 FS     4                              
         *                                                                        <E> 2 possible matches found in Adopted! Check XREF
                                                                                      #  4173.45   19 5/2-                XREF=
                                                                                      #  4177.90   16 3/2-                XREF=
                                                                                      But tag=?2 of this dataset is not in XREF of any of them!
 35CL  L 4882                          7 FS      3                              
         *                                                                        <E> 2 possible matches found in Adopted! Check XREF
                                                                                         4854.4     4 (1/2,3/2,5/2+)      XREF=
                                                                                      #  4881.19   22                     XREF=
                                                                                      But tag=?2 of this dataset is not in XREF of any of them!
 35CL  L 7362.2    11                                           1020.5    11    
         *                                                                        <E> Tag=?2 of this dataset missing in XREF of matched Adopted Level=7362.0
 35CL  L 7396.4    12                                           1055.8    12    
         *                                                                        <E> Tag=?2 of this dataset missing in XREF of matched Adopted Level=7396.0
 35CL  L 7451.8    13                                           1112.8    13    
         *                                                                        <E> Tag=?2 of this dataset missing in XREF of matched Adopted Level=7451.0
 35CL  L 7501.4    8                                            1163.8    8     
         *                                                                        <E> 2 possible matches found in Adopted! Check XREF
                                                                                      #  7495                             XREF=
                                                                                      #  7501.1     8                     XREF=
                                                                                      But tag=?2 of this dataset is not in XREF of any of them!
 35CL  L 7503.4    7                                            1165.9    7     
         *                                                                        <E> Tag=?2 of this dataset missing in XREF of matched Adopted Level=7502.9
 35CL  L 7519.2    12                                           1182.2    12    
         *                                                                        <E> Tag=?2 of this dataset missing in XREF of matched Adopted Level=7518.7
 35CL  L 7549.7    6                   1 FS      LT             1213.6    6     
         *                                                                        <E> Tag=?2 of this dataset missing in XREF of matched Adopted Level=7548.2
 35CL  L 7562.1    6                                            1226.3    6     
         *                                                                        <E> Tag=?2 of this dataset missing in XREF of matched Adopted Level=7561.1
 35CL  L 7602.5    11                                           1267.9    11    
         *                                                                        <E> Tag=?2 of this dataset missing in XREF of matched Adopted Level=7600.8
 35CL  L 7620.2    11                                           1286.1    11    
         *                                                                        <E> Tag=?2 of this dataset missing in XREF of matched Adopted Level=7618.7
 35CL  L 7656.5    12                                           1323.5    12    
         *                                                                        <E> Tag=?2 of this dataset missing in XREF of matched Adopted Level=7656.5
 35CL  L 7671.9    11                                           1339.4    11    
         *                                                                        <E> Tag=?2 of this dataset missing in XREF of matched Adopted Level=7671.9
 35CL  L 7685.5    11                                           1353.4    11    
         *                                                                        <E> Tag=?2 of this dataset missing in XREF of matched Adopted Level=7684.7
 35CL  L 7707      11                                           1375      11    
         *                                                                        <E> 2 possible matches found in Adopted! Check XREF
                                                                                         7693.8     5                     XREF=
                                                                                      #  7706.4     3 5/2                 XREF=
                                                                                      But tag=?2 of this dataset is not in XREF of any of them!
 35CL  L 7744.6    12                                           1414.2    12    
         *                                                                        <E> 2 possible matches found in Adopted! Check XREF
                                                                                      #  7744.8     4 7/2-                XREF=
                                                                                      #  7748                             XREF=
                                                                                      But tag=?2 of this dataset is not in XREF of any of them!
 35CL  L 7777.0    12                                           1447.5    12    
         *                                                                        <E> Tag=?2 of this dataset missing in XREF of matched Adopted Level=7777.0
 35CL  L 7781.1    15                                           1451.8    15    
         *                                                                        <E> Tag=?2 of this dataset missing in XREF of matched Adopted Level=7781.6
 35CL  L 7797.1    12                                           1468.2    12    
         *                                                                        <E> Tag=?2 of this dataset missing in XREF of matched Adopted Level=7797.0
 35CL  L 7836.8    15                                           1509.1    15    
         *                                                                        <E> Tag=?2 of this dataset missing in XREF of matched Adopted Level=7837.0
 35CL  L 7839.9    15                                           1512.3    15    
         *                                                                        <E> Tag=?2 of this dataset missing in XREF of matched Adopted Level=7839.7
 35CL  L 7869.0    12                                           1542.3    12    
         *                                                                        <E> 2 possible matches found in Adopted! Check XREF
                                                                                      #  7868.6     5 (1/2+,3/2,5/2+)     XREF=
                                                                                      #  7873                             XREF=
                                                                                      But tag=?2 of this dataset is not in XREF of any of them!
 35CL  L 7881.2    11                                           1554.8    11    
         *                                                                        <E> 2 possible matches found in Adopted! Check XREF
                                                                                      #  7880.8     3 3/2,5/2             XREF=
                                                                                      #  7885                             XREF=
                                                                                      But tag=?2 of this dataset is not in XREF of any of them!
 35CL  L 7889.4    15                                           1563.3    15    
         *                                                                        <E> Tag=?2 of this dataset missing in XREF of matched Adopted Level=7889.0
 35CL  L 7899.1    11                                           1573.2    11    
         *                                                                        <E> 2 possible matches found in Adopted! Check XREF
                                                                                      #  7899.1     4 (3/2-,5/2)          XREF=
                                                                                      #  7903                             XREF=
                                                                                      But tag=?2 of this dataset is not in XREF of any of them!
 35CL  L 7923.8    12                                           1598.7    12    
         *                                                                        <E> 2 possible matches found in Adopted! Check XREF
                                                                                      #  7923.3     3 (3/2+,5/2+)         XREF=
                                                                                      #  7930                             XREF=
                                                                                      But tag=?2 of this dataset is not in XREF of any of them!
 35CL  L 7969.7    13                                           1645.9    13    
         *                                                                        <E> 2 possible matches found in Adopted! Check XREF
                                                                                         7949                             XREF=
                                                                                      #  7970.2     3 (5/2-,7/2-)         XREF=
                                                                                      But tag=?2 of this dataset is not in XREF of any of them!
 35CL  L 7986.6    12                                           1663.3    12    
         *                                                                        <E> Tag=?2 of this dataset missing in XREF of matched Adopted Level=7987.8
 35CL  L 7995.4    13                                           1672.4    13    
         *                                                                        <E> Tag=?2 of this dataset missing in XREF of matched Adopted Level=7995.6
 35CL  L 8001.1    13                                           1678.2    13    
         *                                                                        <E> Tag=?2 of this dataset missing in XREF of matched Adopted Level=8000.4
 35CL  L 8004.7    11                                           1681.9    11    
         *                                                                        <E> Tag=?2 of this dataset missing in XREF of matched Adopted Level=8004.5
 35CL  L 8035.4    14                                           1713.5    14    
         *                                                                        <E> Tag=?2 of this dataset missing in XREF of matched Adopted Level=8035.5
 35CL  L 8038.1    11                                           1716.3    11    
         *                                                                        <E> Tag=?2 of this dataset missing in XREF of matched Adopted Level=8038.5
 35CL  L 8076.1    11                                           1755.4    11    
         *                                                                        <E> 2 possible matches found in Adopted! Check XREF
                                                                                      #  8075.9     3 (3/2,5/2,7/2-)      XREF=
                                                                                      #  8080                             XREF=
                                                                                      But tag=?2 of this dataset is not in XREF of any of them!
 35CL  L 8096.9    11                                           1776.9    11    
         *                                                                        <E> Tag=?2 of this dataset missing in XREF of matched Adopted Level=8096.5
 35CL  L 8106.4    11                                           1786.6    11    
         *                                                                        <E> Tag=?2 of this dataset missing in XREF of matched Adopted Level=8106.4
 35CL  L 8112.9    14                                           1793.3    14    
         *                                                                        <E> Tag=?2 of this dataset missing in XREF of matched Adopted Level=8113.3
 35CL  L 8147.2    12                                           1828.6    12    
         *                                                                        <E> Tag=?2 of this dataset missing in XREF of matched Adopted Level=8147.2
 35CL  L 8157.1    12                                           1838.8    12    
         *                                                                        <E> Tag=?2 of this dataset missing in XREF of matched Adopted Level=8156.8
 35CL  L 8179.7    13                                           1862.1    13    
         *                                                                        <E> Tag=?2 of this dataset missing in XREF of matched Adopted Level=8179.4
 35CL  L 8209      11                                           1892      11    
         *                                                                        <E> 2 possible matches found in Adopted! Check XREF
                                                                                      #  8208       1 5/2+                XREF=
                                                                                      #  8209         1/2+                XREF=
                                                                                      But tag=?2 of this dataset is not in XREF of any of them!
 35CL  L 8216.2    12                                           1899.7    12    
         *                                                                        <E> Tag=?2 of this dataset missing in XREF of matched Adopted Level=8216.3
 35CL  L 8242.6    13                                           1926.8    13    
         *                                                                        <E> 2 possible matches found in Adopted! Check XREF
                                                                                      #  8242.1     6 3/2-                XREF=
                                                                                         8251       5                     XREF=
                                                                                      But tag=?2 of this dataset is not in XREF of any of them!
 35CL  L 8267.0    20                                           1952      2     
         *                                                                        <E> Tag=?2 of this dataset missing in XREF of matched Adopted Level=8269.0
 35CL  L 8276.8    20                                           1962      2     
         *                                                                        <E> Tag=?2 of this dataset missing in XREF of matched Adopted Level=8277.2
 35CL  L 8285.5    20                                           1971      2     
         *                                                                        <E> 3 possible matches found in Adopted! Check XREF
                                                                                         8282.0     3 (3/2-,5/2)          XREF=
                                                                                      #  8284.3    13                     XREF=
                                                                                      #  8287.5     4 1/2-                XREF=
                                                                                      But tag=?2 of this dataset is not in XREF of any of them!
 35CL  L 8294.2    20                                           1980      2     
         *                                                                        <E> Tag=?2 of this dataset missing in XREF of matched Adopted Level=8294
 35CL  L 8297.2    20                                           1983      2     
         *                                                                        <E> 2 possible matches found in Adopted! Check XREF
                                                                                      #  8297.3     5                     XREF=
                                                                                      #  8298.3     3 3/2                 XREF=
                                                                                      But tag=?2 of this dataset is not in XREF of any of them!
 35CL  L 8318.1    13                                           2004.6    13    
         *                                                                        <E> Tag=?2 of this dataset missing in XREF of matched Adopted Level=8318.1

################################################################################
In dataset of 35CL: X?3 1976Me12     XREF Tag=?3

 35CL  L 0                                                                      
         *                                                                        <E> Tag=?3 of this dataset missing in XREF of matched Adopted Level=0
 35CL  L 1219.3    1                   145 FS    30                             
         *                                                                        <E> Tag=?3 of this dataset missing in XREF of matched Adopted Level=1219.40
 35CL  L 1763.4    7                   0.53 PS   9                              
         *                                                                        <E> Tag=?3 of this dataset missing in XREF of matched Adopted Level=1763.14
 35CL  L 2644.7    13                  0.200 PS  30                             
         *                                                                        <E> Tag=?3 of this dataset missing in XREF of matched Adopted Level=2645.66
 35CL  L 2694.7    12                  20 FS     4                              
         *                                                                        <E> Tag=?3 of this dataset missing in XREF of matched Adopted Level=2693.90
 35CL  L 3003.7    8                   16 FS     4                              
         *                                                                        <E> Tag=?3 of this dataset missing in XREF of matched Adopted Level=3002.76
 35CL  L 3163.9    7                   1.00 PS   GT                             
         *                                                                        <E> Tag=?3 of this dataset missing in XREF of matched Adopted Level=3163.03
 35CL  L 3920.7    13                  6 FS      LT                             
         *                                                                        <E> Tag=?3 of this dataset missing in XREF of matched Adopted Level=3918.50
 35CL  G 1276.0       3      LT                                                 
         *                                                                        <W> Check discrepancy in gamma energies:
                                                                                          this energy=1276.0      Adopted=1272.8
 35CL  L 3944.1    11                  0.29 PS   5                              
         *                                                                        <E> Tag=?3 of this dataset missing in XREF of matched Adopted Level=3942.90
 35CL  L 3979.0    15                  20 FS     4                              
         *                                                                        <E> Tag=?3 of this dataset missing in XREF of matched Adopted Level=3979.0
 35CL  L 4059.4    4                   18 FS     3                              
         *                                                                        <E> Tag=?3 of this dataset missing in XREF of matched Adopted Level=4059.20
 35CL  L 4114.0    10                                                           
         *                                                                        <E> Tag=?3 of this dataset missing in XREF of matched Adopted Level=4113.70
 35CL  L 4174.7    10                  34 FS     9                              
         *                                                                        <E> Tag=?3 of this dataset missing in XREF of matched Adopted Level=4173.45
 35CL  L 4180.1    15                  47 FS     10                             
         *                                                                        <E> Tag=?3 of this dataset missing in XREF of matched Adopted Level=4177.90
 35CL  G 1535.4       0.5    LT                                                 
         *                                                                        <W> Check discrepancy in gamma energies:
                                                                                          this energy=1535.4      Adopted=1532.2
 35CL  L 4347.2    12                  0.33 PS   6                              
         *                                                                        <E> Tag=?3 of this dataset missing in XREF of matched Adopted Level=4347.8
 35CL  L 4624.2    20                                                           
         *                                                                        <E> Tag=?3 of this dataset missing in XREF of matched Adopted Level=4624.40
 35CL  L 4766.9    15                  105 FS    17                             
         *                                                                        <E> Tag=?3 of this dataset missing in XREF of matched Adopted Level=4768.81
 35CL  L 4841.7    19                  14 FS     5                              
         *                                                                        <E> Tag=?3 of this dataset missing in XREF of matched Adopted Level=4839.10
 35CL  G 2196.9       3      LT                                                 
         *                                                                        <W> Check discrepancy in gamma energies:
                                                                                          this energy=2196.9      Adopted=2193.4
 35CL  L 4855.7    19                  7 FS      2                              
         *                                                                        <E> Tag=?3 of this dataset missing in XREF of matched Adopted Level=4854.4
 35CL  L 4885      2                   10 FS     3                              
         *                                                                        <E> Tag=?3 of this dataset missing in XREF of matched Adopted Level=4881.19
 35CL  L 5010.4    18                  11 FS     3                              
         *                                                                        <E> Tag=?3 of this dataset missing in XREF of matched Adopted Level=5010.11
 35CL  L 5166.7    15                                                           
         *                                                                        <E> Tag=?3 of this dataset missing in XREF of matched Adopted Level=5163.34
 35CL  G 3403.1       44     5                                                  
         *                                                                        <W> Check discrepancy in gamma energies:
                                                                                          this energy=3403.1      Adopted=3400.0
 35CL  G 3947.2       10     LT                                                 
         *                                                                        <W> Check discrepancy in gamma energies:
                                                                                          this energy=3947.2      Adopted=3943.7
 35CL  G 5166.3       10     LT                                                 
         *                                                                        <W> Check discrepancy in gamma energies:
                                                                                          this energy=5166.3      Adopted=5162.9
 35CL  L 5216.2    15                  7 FS      LT                             
         *                                                                        <E> Tag=?3 of this dataset missing in XREF of matched Adopted Level=5215.80
 35CL  L 5403.6    10                  17 FS     4                              
         *                                                                        <E> Tag=?3 of this dataset missing in XREF of matched Adopted Level=5403.5
 35CL  G 2399.8       25     5                                                  
         *                                                                        <W> This gamma is missing in Adopted Gammas at level=5403.5
         *                                                                        <W> Similar gammas placed differently in Adopted:
                                                                                        2402.8         from level=7618.7      JPI=5/2                 
                                                                                        2393.4         from level=7797.0      JPI=1/2-                
                                                                                        2395.8         from level=7995.6      JPI=5/2                 
 35CL  L 5586      2                                                            
         *                                                                        <E> Tag=?3 of this dataset missing in XREF of matched Adopted Level=5586.0
 35CL  L 5600.1    15                  3 FS      1                              
         *                                                                        <E> Tag=?3 of this dataset missing in XREF of matched Adopted Level=5599.70
 35CL  L 5646      2                   4 FS      1                              
         *                                                                        <E> Tag=?3 of this dataset missing in XREF of matched Adopted Level=5645.0
 35CL  L 5656      2                   20 FS     5                              
         *                                                                        <E> Tag=?3 of this dataset missing in XREF of matched Adopted Level=5654.50
 35CL  G 5656                                                                   
         *                                                                        <W> This gamma is missing in Adopted Gammas at level=5654.50
         *                                                                        <W> Similar gammas placed differently in Adopted:
                                                                                        5652.1         from level=8298.3      JPI=3/2                 
 35CL  L 5683      2                                                            
         *                                                                        <E> Tag=?3 of this dataset missing in XREF of matched Adopted Level=5683.0
 35CL  L 5759      3                                                            
         *                                                                        <E> Tag=?3 of this dataset missing in XREF of matched Adopted Level=5758.0
 35CL  L 5806      2                   5 FS      1                              
         *                                                                        <E> Tag=?3 of this dataset missing in XREF of matched Adopted Level=5805.5
 35CL  L 6107.2    15                  12 FS     3                              
         *                                                                        <E> Tag=?3 of this dataset missing in XREF of matched Adopted Level=6106.2
 35CL  L 6181      3                                                            
         *                                                                        <E> Tag=?3 of this dataset missing in XREF of matched Adopted Level=6181.0
 35CL  L 6493      3                                                            
         *                                                                        <E> Tag=?3 of this dataset missing in XREF of matched Adopted Level=6492.0
 35CL  L 7066.4    10                                           716.0     10    
         *                                                                        <E> Tag=?3 of this dataset missing in XREF of matched Adopted Level=7066.2
 35CL  G 1899.6       0.9                                                       
         *                                                                        <W> Check discrepancy in gamma energies:
                                                                                          this energy=1899.6      Adopted=1902.8
 35CL  G 2891.6       0.5                                                       
         *                                                                        <W> Check discrepancy in gamma energies:
                                                                                          this energy=2891.6      Adopted=2888.2
 35CL  L 7103.9    10                                           754.6     10    
         *                                                                        <E> Tag=?3 of this dataset missing in XREF of matched Adopted Level=7103.3
 35CL  L 7179.2    15                                           832.2     15    
         *                                                                        <E> Tag=?3 of this dataset missing in XREF of matched Adopted Level=7178.6
 35CL  L 7194.7    10                                           848.1     10    
         *                                                                        <E> Tag=?3 of this dataset missing in XREF of matched Adopted Level=7194.5
 35CL  G 3014.5       16                                                        
         *                                                                        <W> Check discrepancy in gamma energies:
                                                                                          this energy=3014.5      Adopted=3020.9
 35CL  L 7225.0    10                                           879.3     10    
         *                                                                        <E> Tag=?3 of this dataset missing in XREF of matched Adopted Level=7225.5
 35CL  G 1569         0.8                                                       
         *                                                                        <W> This gamma is missing in Adopted Gammas at level=7225.5
         *                                                                        <W> No matching gamma within 5 keV found in Adopted
 35CL  L 7233.9    10                                           888.5     10    
         *                                                                        <E> Tag=?3 of this dataset missing in XREF of matched Adopted Level=7234.0
 35CL  G 1578         0.2                                                       
         *                                                                        <W> This gamma is missing in Adopted Gammas at level=7234.0
         *                                                                        <W> Similar gammas placed differently in Adopted:
                                                                                        1580.1         from level=5758.0      JPI=(1/2,3/2)           
 35CL  L 7273.3    10                                           929.0     10    
         *                                                                        <E> Tag=?3 of this dataset missing in XREF of matched Adopted Level=7272.6
 35CL  G 3098.5       0.4                                                       
         *                                                                        <W> Check discrepancy in gamma energies:
                                                                                          this energy=3098.5      Adopted=3094.6
 35CL  G 3294.1       0.8                                                       
         *                                                                        <W> This gamma is missing in Adopted Gammas at level=7272.6
         *                                                                        <W> Similar gammas placed differently in Adopted:
                                                                                        3298.7         from level=7923.3      JPI=(3/2+,5/2+)         
                                                                                        3288.0         from level=8298.3      JPI=3/2                 
 35CL  L 7362.6    10                                           1021.0    10    
         *                                                                        <E> Tag=?3 of this dataset missing in XREF of matched Adopted Level=7362.0
 35CL  G 3383.4       3                                                         
         *                                                                        <W> This gamma is missing in Adopted Gammas at level=7362.0
         *                                                                        <W> Similar gammas placed differently in Adopted:
                                                                                        3383.0         from level=7561.1      JPI=(1/2,3/2)           
 35CL  L 7397.5    16                                           1056.9    16    
         *                                                                        <E> Tag=?3 of this dataset missing in XREF of matched Adopted Level=7396.0
 35CL  L 7451.2    6                                            1112.2    6     
         *                                                                        <E> Tag=?3 of this dataset missing in XREF of matched Adopted Level=7451.0
 35CL  L 7502.9    7                                            1165.4    7     
         *                                                                        <E> 2 possible matches found in Adopted! Check XREF
                                                                                         7501.1     8                     XREF=
                                                                                      #  7502.9     7                     XREF=
                                                                                      But tag=?3 of this dataset is not in XREF of any of them!
 35CL  G 1395.7       7                                                         
         *                                                                        <W> Similar gammas placed differently in Adopted:
                                                                                        1396.7         from level=7502.9      JPI=                    
 35CL  G 1902.7       2                                                         
         *                                                                        <W> Similar gammas placed differently in Adopted:
                                                                                        1902.8         from level=7066.2      JPI=5/2+                
                                                                                        1903.1         from level=7502.9      JPI=                    
                                                                                        1903.1         from level=7548.2      JPI=7/2-                
 35CL  G 2492.4       2                                                         
         *                                                                        <W> Similar gammas placed differently in Adopted:
                                                                                        2492.7         from level=7502.9      JPI=                    
                                                                                        2489.8         from level=8075.9      JPI=(3/2,5/2,7/2-)      
 35CL  G 3322.6       3                                                         
         *                                                                        <W> Similar gammas placed differently in Adopted:
                                                                                        3324.8         from level=7502.9      JPI=                    
                                                                                        3323.9         from level=7671.9      JPI=(5/2-,7/2)          
 35CL  G 3443.3       50                                                        
         *                                                                        <W> Similar gammas placed differently in Adopted:
                                                                                        3443.3         from level=7362.0      JPI=3/2                 
                                                                                        3443.5         from level=7502.9      JPI=                    
                                                                                        3440.6         from level=7618.7      JPI=5/2                 
                                                                                        3443.7         from level=8298.3      JPI=3/2                 
 35CL  G 3558.6       2                                                         
         *                                                                        <W> Similar gammas placed differently in Adopted:
                                                                                        3558.0         from level=7501.1      JPI=                    
                                                                                        3559.8         from level=7502.9      JPI=                    
                                                                                        3559.3         from level=7618.7      JPI=5/2                 
 35CL  G 4338.7       4                                                         
         *                                                                        <W> Similar gammas placed differently in Adopted:
                                                                                        4339.6         from level=7502.9      JPI=                    
                                                                                        4338.8         from level=8318.1      JPI=                    
                                                                                        4336.1         from level=8514.3      JPI=                    
 35CL  G 4498.9       4                                                         
         *                                                                        <W> Similar gammas placed differently in Adopted:
                                                                                        4500.3         from level=7194.5      JPI=(1/2,3/2)+          
                                                                                        4498.0         from level=7501.1      JPI=                    
                                                                                        4499.8         from level=7502.9      JPI=                    
                                                                                        4496.7         from level=8464.3      JPI=                    
 35CL  G 4857.8       7                                                         
         *                                                                        <W> Similar gammas placed differently in Adopted:
                                                                                        4855.1         from level=7501.1      JPI=                    
                                                                                        4856.9         from level=7502.9      JPI=                    
 35CL  G 5739.0       0.7                                                       
         *                                                                        <W> Similar gammas placed differently in Adopted:
                                                                                        5737.5         from level=7501.1      JPI=                    
                                                                                        5739.3         from level=7502.9      JPI=                    
 35CL  G 6283.0       18                                                        
         *                                                                        <W> Similar gammas placed differently in Adopted:
                                                                                        6282.9         from level=7502.9      JPI=                    
 35CL  G 7502.0       0.3                                                       
         *                                                                        <W> Similar gammas placed differently in Adopted:
                                                                                        7502.0         from level=7502.9      JPI=                    
 35CL  L 7518.5    7                                            1181.4    7     
         *                                                                        <E> 2 possible matches found in Adopted! Check XREF
                                                                                         7495                             XREF=
                                                                                      #  7518.7     4 7/2(-)              XREF=
                                                                                      But tag=?3 of this dataset is not in XREF of any of them!
 35CL  L 7548.6    7                                            1212.4    7     
         *                                                                        <E> Tag=?3 of this dataset missing in XREF of matched Adopted Level=7548.2
 35CL  L 7561.1    7                                            1225.3    7     
         *                                                                        <E> Tag=?3 of this dataset missing in XREF of matched Adopted Level=7561.1
 35CL  L 7600.4    8                                            1265.7    8     
         *                                                                        <E> Tag=?3 of this dataset missing in XREF of matched Adopted Level=7600.8
 35CL  G 2433.6       1.9                                                       
         *                                                                        <W> Check discrepancy in gamma energies:
                                                                                          this energy=2433.6      Adopted=2437.4
 35CL  G 2758.6       2                                                         
         *                                                                        <W> Check discrepancy in gamma energies:
                                                                                          this energy=2758.6      Adopted=2761.6
 35CL  L 7618.6    5                                            1284.5    5     
         *                                                                        <E> Tag=?3 of this dataset missing in XREF of matched Adopted Level=7618.7
 35CL  G 2451.8       0.7                                                       
         *                                                                        <W> Check discrepancy in gamma energies:
                                                                                          this energy=2451.8      Adopted=2455.3
 35CL  L 7657.2    8                                            1324.2    8     
         *                                                                        <E> Tag=?3 of this dataset missing in XREF of matched Adopted Level=7656.5
 35CL  L 7672.2    8                                            1339.7    8     
         *                                                                        <E> Tag=?3 of this dataset missing in XREF of matched Adopted Level=7671.9
 35CL  G 2505.4       4                                                         
         *                                                                        <W> Check discrepancy in gamma energies:
                                                                                          this energy=2505.4      Adopted=2508.5
 35CL  L 7685.9    8                                            1353.8    8     
         *                                                                        <E> Tag=?3 of this dataset missing in XREF of matched Adopted Level=7684.7
 35CL  L 7694.2    8                                            1362.3    8     
         *                                                                        <E> Tag=?3 of this dataset missing in XREF of matched Adopted Level=7693.8
 35CL  L 7706.6    8                                            1375.1    8     
         *                                                                        <E> Tag=?3 of this dataset missing in XREF of matched Adopted Level=7706.4
 35CL  L 7745.1    9                                            1414.7    9     
         *                                                                        <E> Tag=?3 of this dataset missing in XREF of matched Adopted Level=7744.8
 35CL  L 7777.0    9                                            1447.5    9     
         *                                                                        <E> Tag=?3 of this dataset missing in XREF of matched Adopted Level=7777.0
 35CL  G 2121         0.5                                                       
         *                                                                        <W> This gamma is missing in Adopted Gammas at level=7777.0
         *                                                                        <W> No matching gamma within 5 keV found in Adopted
 35CL  G 2610.2       1.1                                                       
         *                                                                        <W> Check discrepancy in gamma energies:
                                                                                          this energy=2610.2      Adopted=2613.6
 35CL  L 7781.6    13                                           1452.3    13    
         *                                                                        <E> Tag=?3 of this dataset missing in XREF of matched Adopted Level=7781.6
 35CL  L 7797.1    9                                            1468.2    9     
         *                                                                        <E> Tag=?3 of this dataset missing in XREF of matched Adopted Level=7797.0
 35CL  L 7837.9    10                                           1510.2    10    
         *                                                                        <E> Tag=?3 of this dataset missing in XREF of matched Adopted Level=7837.0
 35CL  G 3666.3       3                                                     &   
         *                                                                        <W> No final level found
 35CL  L 7839.2    9                                            1511.6    9     
         *                                                                        <E> Tag=?3 of this dataset missing in XREF of matched Adopted Level=7839.7
 35CL  G 1658         0.5                                                   &   
         *                                                                        <W> This gamma is missing in Adopted Gammas at level=7839.7
         *                                                                        <W> Similar gammas placed differently in Adopted:
                                                                                        1653.9         from level=4347.8      JPI=9/2-                
                                                                                        1656.0         from level=7837.0      JPI=3/2-                
 35CL  G 2239.0       0.5                                                   &   
         *                                                                        <W> This gamma is missing in Adopted Gammas at level=7839.7
         *                                                                        <W> Similar gammas placed differently in Adopted:
                                                                                        2237.2         from level=7837.0      JPI=3/2-                
 35CL  G 2622.9       1.4                                                   &   
         *                                                                        <W> This gamma is missing in Adopted Gammas at level=7839.7
         *                                                                        <W> Similar gammas placed differently in Adopted:
                                                                                        2621.1         from level=7837.0      JPI=3/2-                
                                                                                        2622.6         from level=8277.2      JPI=5/2+                
 35CL  G 3658.9       28                                                    &   
         *                                                                        <W> This gamma is probably missing in Adopted Gammas at level=7839.7
                                                                                          this gamma=3658.9      closest gamma in Adopted=3661.6
         *                                                                        <W> Similar gammas placed differently in Adopted:
                                                                                        3661.6         from level=4881.19     JPI=                    
                                                                                        3658.9         from level=7837.0      JPI=3/2-                
                                                                                        3661.6         from level=7839.7      JPI=                    
                                                                                        3659.7         from level=8514.3      JPI=                    
 35CL  G 3894.9       0.5                                                   &   
         *                                                                        <W> This gamma is missing in Adopted Gammas at level=7839.7
         *                                                                        <W> Similar gammas placed differently in Adopted:
                                                                                        3893.9         from level=7837.0      JPI=3/2-                
 35CL  G 3918.3       0.2                                                   &   
         *                                                                        <W> This gamma is missing in Adopted Gammas at level=7839.7
         *                                                                        <W> Similar gammas placed differently in Adopted:
                                                                                        3918.3         from level=3918.50     JPI=3/2+                
                                                                                        3918.3         from level=7837.0      JPI=3/2-                
                                                                                        3918.4         from level=8096.5      JPI=(5/2,7/2+)          
 35CL  G 6075.2       1.9                                                   &   
         *                                                                        <W> This gamma is missing in Adopted Gammas at level=7839.7
         *                                                                        <W> Similar gammas placed differently in Adopted:
                                                                                        6073.3         from level=7837.0      JPI=3/2-                
 35CL  L 7869.0    10                                           1542.2    10    
         *                                                                        <E> Tag=?3 of this dataset missing in XREF of matched Adopted Level=7868.6
 35CL  L 7881.1    9                                            1554.7    9     
         *                                                                        <E> Tag=?3 of this dataset missing in XREF of matched Adopted Level=7880.8
 35CL  L 7899.6    7                                            1573.7    7     
         *                                                                        <E> Tag=?3 of this dataset missing in XREF of matched Adopted Level=7899.1
 35CL  L 7923.5    9                                            1598.4    9     
         *                                                                        <E> Tag=?3 of this dataset missing in XREF of matched Adopted Level=7923.3
 35CL  L 7970.9    10                                           1647.1    10    
         *                                                                        <E> Tag=?3 of this dataset missing in XREF of matched Adopted Level=7970.2
 35CL  L 7989.3    10                                           1666.1    10    
         *                                                                        <E> Tag=?3 of this dataset missing in XREF of matched Adopted Level=7987.8
 35CL  G 3814.4       0.8    LT                                                 
         *                                                                        <W> This gamma is probably missing in Adopted Gammas at level=7987.8
                                                                                          this gamma=3814.4      closest gamma in Adopted=3809.7
         *                                                                        <W> Similar gammas placed differently in Adopted:
                                                                                        3821.4         from level=7880.8      JPI=3/2,5/2             
                                                                                        3809.7         from level=7987.8      JPI=3/2                 
                                                                                        3817.5         from level=7995.6      JPI=5/2                 
                                                                                        3820.9         from level=8589.9      JPI=                    
 35CL  L 7995.7    10                                           1672.7    10    
         *                                                                        <E> Tag=?3 of this dataset missing in XREF of matched Adopted Level=7995.6
 35CL  G 2828.9       1.5                                                       
         *                                                                        <W> Check discrepancy in gamma energies:
                                                                                          this energy=2828.9      Adopted=2832.1
 35CL  L 8001.0    9                                            1678.1    9     
         *                                                                        <E> Tag=?3 of this dataset missing in XREF of matched Adopted Level=8000.4
 35CL  L 8005.2    10                                           1682.5    10    
         *                                                                        <E> Tag=?3 of this dataset missing in XREF of matched Adopted Level=8004.5
 35CL  G 3824.9       1.3    LT                                                 
         *                                                                        <W> This gamma is probably missing in Adopted Gammas at level=8004.5
                                                                                          this gamma=3824.9      closest gamma in Adopted=3830.8
         *                                                                        <W> Similar gammas placed differently in Adopted:
                                                                                        3822.6         from level=5586.0      JPI=                    
                                                                                        3826.7         from level=8000.4      JPI=(7/2,9/2+)          
 35CL  L 8036.7    10                                           1714.9    10    
         *                                                                        <E> Tag=?3 of this dataset missing in XREF of matched Adopted Level=8035.5
 35CL  L 8039.0    11                                           1717.3    11    
         *                                                                        <E> Tag=?3 of this dataset missing in XREF of matched Adopted Level=8038.5
 35CL  L 8076.4    11                                           1755.7    11    
         *                                                                        <E> Tag=?3 of this dataset missing in XREF of matched Adopted Level=8075.9
 35CL  L 8096.1    11                                           1776.0    11    
         *                                                                        <E> Tag=?3 of this dataset missing in XREF of matched Adopted Level=8096.5
 35CL  G 2929.3       2                                                         
         *                                                                        <W> Check discrepancy in gamma energies:
                                                                                          this energy=2929.3      Adopted=2933.0
 35CL  G 3254.2       3                                                         
         *                                                                        <W> Check discrepancy in gamma energies:
                                                                                          this energy=3254.2      Adopted=3257.2
 35CL  L 8106.7    11                                           1786.9    11    
         *                                                                        <E> Tag=?3 of this dataset missing in XREF of matched Adopted Level=8106.4
 35CL  L 8113.8    11                                           1794.2    11    
         *                                                                        <E> Tag=?3 of this dataset missing in XREF of matched Adopted Level=8113.3
 35CL  L 8148.0    11                                           1829.5    11    
         *                                                                        <E> Tag=?3 of this dataset missing in XREF of matched Adopted Level=8147.2
 35CL  L 8157.4    11                                           1839.1    11    
         *                                                                        <E> Tag=?3 of this dataset missing in XREF of matched Adopted Level=8156.8
 35CL  L 8179.7    12                                           1862.1    12    
         *                                                                        <E> Tag=?3 of this dataset missing in XREF of matched Adopted Level=8179.4
 35CL  L 8208.1    12                                           1891.3    12    
         *                                                                        <E> Tag=?3 of this dataset missing in XREF of matched Adopted Level=8208
 35CL  L 8216.1    11                                           1899.6    11    
         *                                                                        <E> Tag=?3 of this dataset missing in XREF of matched Adopted Level=8216.3
 35CL  G 4041.2       3      LT                                                 
         *                                                                        <W> This gamma is probably missing in Adopted Gammas at level=8216.3
                                                                                          this gamma=4041.2      closest gamma in Adopted=4038.1
         *                                                                        <W> Similar gammas placed differently in Adopted:
                                                                                        4042.8         from level=8156.8      JPI=(5/2+,7/2-)         
 35CL  L 8242.3    12                                           1926.5    12    
         *                                                                        <E> Tag=?3 of this dataset missing in XREF of matched Adopted Level=8242.1
 35CL  L 8269.3    12                                           1954.3    12    
         *                                                                        <E> Tag=?3 of this dataset missing in XREF of matched Adopted Level=8269.0
 35CL  L 8277.5    12                                           1962.8    12    
         *                                                                        <E> Tag=?3 of this dataset missing in XREF of matched Adopted Level=8277.2
 35CL  L 8282.4    12                                           1967.8    12    
         *                                                                        <E> Tag=?3 of this dataset missing in XREF of matched Adopted Level=8282.0
 35CL  G 3115.6       3                                                         
         *                                                                        <W> Check discrepancy in gamma energies:
                                                                                          this energy=3115.6      Adopted=3118.5
 35CL  L 8288.2    12                                           1973.8    12    
         *                                                                        <E> Tag=?3 of this dataset missing in XREF of matched Adopted Level=8287.5
 35CL  L 8298.6    12                                           1984.5    12    
         *                                                                        <E> Tag=?3 of this dataset missing in XREF of matched Adopted Level=8298.3
 35CL  L 8319.5    13                                           2006.0    13    
         *                                                                        <E> Tag=?3 of this dataset missing in XREF of matched Adopted Level=8318.1
 35CL  G 3552.4       0.3                                                       
         *                                                                        <W> Check discrepancy in gamma energies:
                                                                                          this energy=3552.4      Adopted=3549.1
 35CL  L 8323.3    13                                           2009.9    13    
         *                                                                        <E> Tag=?3 of this dataset missing in XREF of matched Adopted Level=8323.2

################################################################################
In dataset of 35CL: X?4 1976Sp08     XREF Tag=?4

 35CL  L 8269.4    5                                            1954.4    5     
         *                                                                        <E> Tag=?4 of this dataset missing in XREF of matched Adopted Level=8269.0
 35CL  L 8277.6    5                                            1962.9    5     
         *                                                                        <E> Tag=?4 of this dataset missing in XREF of matched Adopted Level=8277.2
 35CL  L 8282.5    5                                            1967.9    5     
         *                                                                        <E> 2 possible matches found in Adopted! Check XREF
                                                                                      #  8282.0     3 (3/2-,5/2)          XREF=
                                                                                         8284.3    13                     XREF=
                                                                                      But tag=?4 of this dataset is not in XREF of any of them!
 35CL  L 8288.22   30                                           1973.8    3     
         *                                                                        <E> 2 possible matches found in Adopted! Check XREF
                                                                                         8287.5     4 1/2-                XREF=
                                                                                         8294       2                     XREF=
                                                                                      But tag=?4 of this dataset is not in XREF of any of them!
 35CL  L 8297.8    5                                            1983.7    5     
         *                                                                        <E> Tag=?4 of this dataset missing in XREF of matched Adopted Level=8297.3
 35CL  L 8298.6    5                                            1984.5    5     
         *                                                                        <E> Tag=?4 of this dataset missing in XREF of matched Adopted Level=8298.3
 35CL  L 8318.52   30                                           2005.0    3     
         *                                                                        <E> Tag=?4 of this dataset missing in XREF of matched Adopted Level=8318.1
 35CL  L 8382.1    5                                            2070.4    5     
         *                                                                        <E> Tag=?4 of this dataset missing in XREF of matched Adopted Level=8381.8
 35CL  L 8388.4    5                                            2076.9    5     
         *                                                                        <E> 2 possible matches found in Adopted! Check XREF
                                                                                      #  8387.8     5                     XREF=
                                                                                         8390.8     5                     XREF=
                                                                                      But tag=?4 of this dataset is not in XREF of any of them!
 35CL  L 8403.4    5                                            2092.4    5     
         *                                                                        <E> Tag=?4 of this dataset missing in XREF of matched Adopted Level=8402.9
 35CL  L 8404.9    5                                            2093.9    5     
         *                                                                        <E> Tag=?4 of this dataset missing in XREF of matched Adopted Level=8404.3
 35CL  L 8408.4    5                                            2097.5    5     
         *                                                                        <E> 2 possible matches found in Adopted! Check XREF
                                                                                      #  8407.7     5                     XREF=
                                                                                         8411.2    14                     XREF=
                                                                                      But tag=?4 of this dataset is not in XREF of any of them!
 35CL  L 8417.2    5                                            2106.6    5     
         *                                                                        <E> Tag=?4 of this dataset missing in XREF of matched Adopted Level=8416.7
 35CL  L 8430.8    5                                            2120.6    5     
         *                                                                        <E> Tag=?4 of this dataset missing in XREF of matched Adopted Level=8430.3
 35CL  L 8435.3    5                                            2125.2    5     
         *                                                                        <E> Tag=?4 of this dataset missing in XREF of matched Adopted Level=8434.7
 35CL  L 8464.8    5                                            2155.6    5     
         *                                                                        <E> Tag=?4 of this dataset missing in XREF of matched Adopted Level=8464.3
 35CL  L 8485.0    5                                            2176.4    5     
         *                                                                        <E> Tag=?4 of this dataset missing in XREF of matched Adopted Level=8484.4
 35CL  L 8486.6    5                                            2178.0    5     
         *                                                                        <E> Tag=?4 of this dataset missing in XREF of matched Adopted Level=8486.0
 35CL  L 8507.1    5                                            2199.1    5     
         *                                                                        <E> Tag=?4 of this dataset missing in XREF of matched Adopted Level=8506.5
 35CL  L 8514.9    5                                            2207.1    5     
         *                                                                        <E> Tag=?4 of this dataset missing in XREF of matched Adopted Level=8514.3
 35CL  L 8534.5    5                                            2227.3    5     
         *                                                                        <E> Tag=?4 of this dataset missing in XREF of matched Adopted Level=8533.9
 35CL  L 8572.5    5                                            2266.4    5     
         *                                                                        <E> Tag=?4 of this dataset missing in XREF of matched Adopted Level=8571.9
 35CL  L 8581.1    5                                            2275.3    5     
         *                                                                        <E> Tag=?4 of this dataset missing in XREF of matched Adopted Level=8580.5
 35CL  L 8586.4    5                                            2280.7    5     
         *                                                                        <E> Tag=?4 of this dataset missing in XREF of matched Adopted Level=8585.8
 35CL  L 8590.5    5                                            2285.0    5     
         *                                                                        <E> 2 possible matches found in Adopted! Check XREF
                                                                                      #  8589.9     4                     XREF=
                                                                                         8598       5                     XREF=
                                                                                      But tag=?4 of this dataset is not in XREF of any of them!
 35CL  L 8612.6    5                                            2307.7    5     
         *                                                                        <E> Tag=?4 of this dataset missing in XREF of matched Adopted Level=8612.0
 35CL  L 8614.2    5                                            2309.4    5     
         *                                                                        <E> Tag=?4 of this dataset missing in XREF of matched Adopted Level=8613.6
 35CL  L 8618.7    5                                            2314.0    5     
         *                                                                        <E> Tag=?4 of this dataset missing in XREF of matched Adopted Level=8618.1
 35CL  L 8630.64   30                                           2326.3    3     
         *                                                                        <E> Tag=?4 of this dataset missing in XREF of matched Adopted Level=8630.1
 35CL  L 8642.0    5                                            2338.0    5     
         *                                                                        <W> level not placed in Adopted or discrepant.
                                                                                        closest level in Adopted:
                                                                                        8630.1     3 7/2                 XREF=
 35CL  L 8686.8    5                                            2384.1    5     
         *                                                                        <W> level not placed in Adopted or discrepant.
                                                                                        closest level in Adopted:
                                                                                        8630.1     3 7/2                 XREF=
 35CL  L 8688.9    5                                            2386.3    5     
         *                                                                        <W> level not placed in Adopted or discrepant.
                                                                                        closest level in Adopted:
                                                                                        8630.1     3 7/2                 XREF=
 35CL  L 8697.5    5                                            2395.1    5     
         *                                                                        <W> level not placed in Adopted or discrepant.
                                                                                        closest level in Adopted:
                                                                                        8630.1     3 7/2                 XREF=
 35CL  L 8706.9    5                                            2404.8    5     
         *                                                                        <W> level not placed in Adopted or discrepant.
                                                                                        closest level in Adopted:
                                                                                        8630.1     3 7/2                 XREF=
 35CL  L 8718.3    5                                            2416.5    5     
         *                                                                        <W> level not placed in Adopted or discrepant.
                                                                                        closest level in Adopted:
                                                                                        8630.1     3 7/2                 XREF=
 35CL  L 8751.5    5                                            2450.7    5     
         *                                                                        <W> level not placed in Adopted or discrepant.
                                                                                        closest level in Adopted:
                                                                                        8630.1     3 7/2                 XREF=
 35CL  L 8767.6    5                                            2467.3    5     
         *                                                                        <W> level not placed in Adopted or discrepant.
                                                                                        closest level in Adopted:
                                                                                        8630.1     3 7/2                 XREF=
 35CL  L 8773.5    5                                            2473.4    5     
         *                                                                        <W> level not placed in Adopted or discrepant.
                                                                                        closest level in Adopted:
                                                                                        8630.1     3 7/2                 XREF=
 35CL  L 8780.4    5                                            2480.5    5     
         *                                                                        <W> level not placed in Adopted or discrepant.
                                                                                        closest level in Adopted:
                                                                                        8630.1     3 7/2                 XREF=
 35CL  L 8787.8    5                                            2488.1    5     
         *                                                                        <W> level not placed in Adopted or discrepant.
                                                                                        closest level in Adopted:
                                                                                        8630.1     3 7/2                 XREF=
 35CL  L 8799.0    5                                            2499.6    5     
         *                                                                        <W> level not placed in Adopted or discrepant.
                                                                                        closest level in Adopted:
                                                                                        8630.1     3 7/2                 XREF=
 35CL  L 8821.5    5                                            2522.8    5     
         *                                                                        <W> level not placed in Adopted or discrepant.
                                                                                        closest level in Adopted:
                                                                                        8630.1     3 7/2                 XREF=
 35CL  L 8824.8    5                                            2526.2    5     
         *                                                                        <W> level not placed in Adopted or discrepant.
                                                                                        closest level in Adopted:
                                                                                        8630.1     3 7/2                 XREF=
 35CL  L 8829.9    5                                            2531.4    5     
         *                                                                        <W> level not placed in Adopted or discrepant.
                                                                                        closest level in Adopted:
                                                                                        8630.1     3 7/2                 XREF=
 35CL  L 8833.7    5                                            2535.3    5     
         *                                                                        <W> level not placed in Adopted or discrepant.
                                                                                        closest level in Adopted:
                                                                                        8630.1     3 7/2                 XREF=
 35CL  L 8838.7    5                                            2540.5    5     
         *                                                                        <W> level not placed in Adopted or discrepant.
                                                                                        closest level in Adopted:
                                                                                        8630.1     3 7/2                 XREF=
 35CL  L 8856.7    5                                            2559.0    5     
         *                                                                        <W> level not placed in Adopted or discrepant.
                                                                                        closest level in Adopted:
                                                                                        8630.1     3 7/2                 XREF=
 35CL  L 8869.2    5                                            2571.9    5     
         *                                                                        <W> level not placed in Adopted or discrepant.
                                                                                        closest level in Adopted:
                                                                                        8630.1     3 7/2                 XREF=
 35CL  L 8884.8    5                                            2587.9    5     
         *                                                                        <W> level not placed in Adopted or discrepant.
                                                                                        closest level in Adopted:
                                                                                        8630.1     3 7/2                 XREF=
 35CL  L 8886.7    5                                            2589.9    5     
         *                                                                        <W> level not placed in Adopted or discrepant.
                                                                                        closest level in Adopted:
                                                                                        8630.1     3 7/2                 XREF=
 35CL  L 8894.0    5                                            2597.4    5     
         *                                                                        <W> level not placed in Adopted or discrepant.
                                                                                        closest level in Adopted:
                                                                                        8630.1     3 7/2                 XREF=
 35CL  L 8905.5    5                                            2609.2    5     
         *                                                                        <W> level not placed in Adopted or discrepant.
                                                                                        closest level in Adopted:
                                                                                        8630.1     3 7/2                 XREF=
 35CL  L 8907.5    5                                            2611.3    5     
         *                                                                        <W> level not placed in Adopted or discrepant.
                                                                                        closest level in Adopted:
                                                                                        8630.1     3 7/2                 XREF=
 35CL  L 8920.4    5                                            2624.6    5     
         *                                                                        <W> level not placed in Adopted or discrepant.
                                                                                        closest level in Adopted:
                                                                                        8630.1     3 7/2                 XREF=
 35CL  L 8933.9    5                                            2638.5    5     
         *                                                                        <W> level not placed in Adopted or discrepant.
                                                                                        closest level in Adopted:
                                                                                        8630.1     3 7/2                 XREF=
 35CL  L 8953.6    5                                            2658.8    5     
         *                                                                        <W> level not placed in Adopted or discrepant.
                                                                                        closest level in Adopted:
                                                                                        8630.1     3 7/2                 XREF=
 35CL  L 8958.5    5                                            2663.8    5     
         *                                                                        <W> level not placed in Adopted or discrepant.
                                                                                        closest level in Adopted:
                                                                                        8630.1     3 7/2                 XREF=
 35CL  L 8982.6    5                                            2688.6    5     
         *                                                                        <W> level not placed in Adopted or discrepant.
                                                                                        closest level in Adopted:
                                                                                        8630.1     3 7/2                 XREF=
 35CL  L 8984.8    5                                            2690.9    5     
         *                                                                        <W> level not placed in Adopted or discrepant.
                                                                                        closest level in Adopted:
                                                                                        8630.1     3 7/2                 XREF=
 35CL  L 8989.1    5                                            2695.3    5     
         *                                                                        <W> level not placed in Adopted or discrepant.
                                                                                        closest level in Adopted:
                                                                                        8630.1     3 7/2                 XREF=
 35CL  L 8993.1    5                                            2699.4    5     
         *                                                                        <W> level not placed in Adopted or discrepant.
                                                                                        closest level in Adopted:
                                                                                        8630.1     3 7/2                 XREF=
 35CL  L 8997.4    5                                            2703.8    5     
         *                                                                        <W> level not placed in Adopted or discrepant.
                                                                                        closest level in Adopted:
                                                                                        8630.1     3 7/2                 XREF=
 35CL  L 9001.7    5                                            2708.3    5     
         *                                                                        <W> level not placed in Adopted or discrepant.
                                                                                        closest level in Adopted:
                                                                                        8630.1     3 7/2                 XREF=
 35CL  L 9020.0    5                                            2727.1    5     
         *                                                                        <W> level not placed in Adopted or discrepant.
                                                                                        closest level in Adopted:
                                                                                        8630.1     3 7/2                 XREF=
 35CL  L 9025.1    5                                            2732.4    5     
         *                                                                        <W> level not placed in Adopted or discrepant.
                                                                                        closest level in Adopted:
                                                                                        8630.1     3 7/2                 XREF=
 35CL  L 9030.6    5                                            2738.0    5     
         *                                                                        <W> level not placed in Adopted or discrepant.
                                                                                        closest level in Adopted:
                                                                                        8630.1     3 7/2                 XREF=
 35CL  L 9033.8    5                                            2741.3    5     
         *                                                                        <W> level not placed in Adopted or discrepant.
                                                                                        closest level in Adopted:
                                                                                        8630.1     3 7/2                 XREF=
 35CL  L 9038.9    5                                            2746.6    5     
         *                                                                        <W> level not placed in Adopted or discrepant.
                                                                                        closest level in Adopted:
                                                                                        8630.1     3 7/2                 XREF=
 35CL  L 9049.0    5                                            2757.0    5     
         *                                                                        <W> level not placed in Adopted or discrepant.
                                                                                        closest level in Adopted:
                                                                                        8630.1     3 7/2                 XREF=
 35CL  L 9082.1    4                                            2791.0    4     
         *                                                                        <W> level not placed in Adopted or discrepant.
                                                                                        closest level in Adopted:
                                                                                        8630.1     3 7/2                 XREF=
 35CL  L 9089.2    5                                            2798.3    5     
         *                                                                        <W> level not placed in Adopted or discrepant.
                                                                                        closest level in Adopted:
                                                                                        8630.1     3 7/2                 XREF=
 35CL  L 9099.9    5                                            2809.4    5     
         *                                                                        <W> level not placed in Adopted or discrepant.
                                                                                        closest level in Adopted:
                                                                                        8630.1     3 7/2                 XREF=
 35CL  L 9101.1    5                                            2810.6    5     
         *                                                                        <W> level not placed in Adopted or discrepant.
                                                                                        closest level in Adopted:
                                                                                        8630.1     3 7/2                 XREF=
 35CL  L 9108.1    5                                            2817.8    5     
         *                                                                        <W> level not placed in Adopted or discrepant.
                                                                                        closest level in Adopted:
                                                                                        8630.1     3 7/2                 XREF=
 35CL  L 9110.7    5                                            2820.5    5     
         *                                                                        <W> level not placed in Adopted or discrepant.
                                                                                        closest level in Adopted:
                                                                                        8630.1     3 7/2                 XREF=
 35CL  L 9124.7    5                                            2834.9    5     
         *                                                                        <W> level not placed in Adopted or discrepant.
                                                                                        closest level in Adopted:
                                                                                        8630.1     3 7/2                 XREF=
 35CL  L 9135.8    5                                            2846.3    5     
         *                                                                        <W> level not placed in Adopted or discrepant.
                                                                                        closest level in Adopted:
                                                                                        8630.1     3 7/2                 XREF=
 35CL  L 9139.0    5                                            2849.6    5     
         *                                                                        <W> level not placed in Adopted or discrepant.
                                                                                        closest level in Adopted:
                                                                                        8630.1     3 7/2                 XREF=
 35CL  L 9156.4    5                                            2867.5    5     
         *                                                                        <W> level not placed in Adopted or discrepant.
                                                                                        closest level in Adopted:
                                                                                        8630.1     3 7/2                 XREF=
 35CL  L 9157.8    5                                            2869.0    5     
         *                                                                        <W> level not placed in Adopted or discrepant.
                                                                                        closest level in Adopted:
                                                                                        8630.1     3 7/2                 XREF=
 35CL  L 9164.0    5                                            2875.3    5     
         *                                                                        <W> level not placed in Adopted or discrepant.
                                                                                        closest level in Adopted:
                                                                                        8630.1     3 7/2                 XREF=
 35CL  L 9184.9    5                                            2896.9    5     
         *                                                                        <W> level not placed in Adopted or discrepant.
                                                                                        closest level in Adopted:
                                                                                        8630.1     3 7/2                 XREF=
 35CL  L 9189.5    5                                            2901.6    5     
         *                                                                        <W> level not placed in Adopted or discrepant.
                                                                                        closest level in Adopted:
                                                                                        8630.1     3 7/2                 XREF=
 35CL  L 9194.9    5                                            2907.1    5     
         *                                                                        <W> level not placed in Adopted or discrepant.
                                                                                        closest level in Adopted:
                                                                                        8630.1     3 7/2                 XREF=

################################################################################
In dataset of 35CL: X?5      XREF Tag=?5

 35CL  L 8636         5/2                                                       
         *                                                                        <E> Tag=?5 of this dataset missing in XREF of matched Adopted Level=8630.1
                     *                                                            <W> JPI here contradicts to adopted. Please check
                                                                                        Adopted JPI=7/2 this JPI=5/2
 35CL  G 4689      7  23                                                    K   
         *                                                                        <W> No final level found
 35CL  G 5473      7  20                                                    K   
         *                                                                        <W> No final level found
 35CL  G 5630      7  6                                                     K   
         *                                                                        <W> No final level found
         *                                                                        <W> Check discrepancy in gamma energies:
                                                                                          this energy=5630      Adopted=5617
 35CL  G 5941      7  13                                                    K   
         *                                                                        <W> No final level found
         *                                                                        <W> Check discrepancy in gamma energies:
                                                                                          this energy=5941      Adopted=5928
 35CL  G 6874      7  38                                                    K   
         *                                                                        <W> No final level found

################################################################################
In dataset of 35CL: X?5      XREF Tag=?5

 35CL  L 8641.4    3  3/2,5/2                                   2338.0    5     
         *                                                                        <W> level not placed in Adopted or discrepant.
                                                                                        closest level in Adopted:
                                                                                        8630.1     3 7/2                 XREF=
 35CL  G 2986.8       2.9    15                                                 
         *                                                                        <W> No final level found
         *                                                                        <W> No matching gamma within 5 keV found in Adopted
 35CL  G 3055.3       2.5    13                                                 
         *                                                                        <W> No final level found
         *                                                                        <W> Similar gammas placed differently in Adopted:
                                                                                        3056.0         from level=7234.0      JPI=5/2+                
 35CL  G 3237.7       4.7    24                                                 
         *                                                                        <W> No final level found
         *                                                                        <W> Similar gammas placed differently in Adopted:
                                                                                        3231.4         from level=8000.4      JPI=(7/2,9/2+)          
 35CL  G 3802.1       2.6    13                                                 
         *                                                                        <W> No final level found
         *                                                                        <W> Similar gammas placed differently in Adopted:
                                                                                        3801.7         from level=7744.8      JPI=7/2-                
 35CL  G 3872.4       24     6                                                  
         *                                                                        <W> No final level found
         *                                                                        <W> No matching gamma within 5 keV found in Adopted
 35CL  G 4016.8       1.9    10                                                 
         *                                                                        <W> No final level found
         *                                                                        <W> Similar gammas placed differently in Adopted:
                                                                                        4021.7         from level=7185.0      JPI=                    
 35CL  G 4463.2       14     4                                              X   
         *                                                                        <W> No final level found
         *                                                                        <W> Similar gammas placed differently in Adopted:
                                                                                        4463.0         from level=8381.8      JPI=5/2+                
 35CL  G 4581.9       8.7    44                                                 
         *                                                                        <W> No final level found
         *                                                                        <W> Similar gammas placed differently in Adopted:
                                                                                        4581.4         from level=7744.8      JPI=7/2-                
 35CL  G 4722.6       5.9    30                                                 
         *                                                                        <W> No final level found
         *                                                                        <W> Similar gammas placed differently in Adopted:
                                                                                        4716.0         from level=7362.0      JPI=3/2                 
 35CL  G 5947.0       5.2    26                                                 
         *                                                                        <W> No final level found
         *                                                                        <W> Similar gammas placed differently in Adopted:
                                                                                        5942.7         from level=7706.4      JPI=5/2                 
                                                                                        5943.7         from level=8589.9      JPI=                    
 35CL  G 8640.3       28     7                                                  
         *                                                                        <W> No final level found
         *                                                                        <W> No matching gamma within 5 keV found in Adopted
 35CL  L 8686.2     4 5/2                                       2384.1    5     
         *                                                                        <W> level not placed in Adopted or discrepant.
                                                                                        closest level in Adopted:
                                                                                        8630.1     3 7/2                 XREF=
 35CL  G 3100.1       2.1    11                                                 
         *                                                                        <W> No final level found
         *                                                                        <W> Similar gammas placed differently in Adopted:
                                                                                        3127(50)       from level=7185.0      JPI=                    
 35CL  G 3282.5       3.1    16                                                 
         *                                                                        <W> No final level found
         *                                                                        <W> Similar gammas placed differently in Adopted:
                                                                                        3282.1         from level=7396.0      JPI=7/2(-)              
 35CL  G 4508.0       2      1                                                  
         *                                                                        <W> No final level found
         *                                                                        <W> Similar gammas placed differently in Adopted:
                                                                                        4508.6         from level=7671.9      JPI=(5/2-,7/2)          
 35CL  G 4626.7       3.5    18                                                 
         *                                                                        <W> No final level found
         *                                                                        <W> Similar gammas placed differently in Adopted:
                                                                                        4624.1         from level=4624.40     JPI=                    
 35CL  G 5522.7       3.7    19                                                 
         *                                                                        <W> No final level found
         *                                                                        <W> Similar gammas placed differently in Adopted:
                                                                                        5521.9         from level=8216.3      JPI=5/2+                
 35CL  G 5991.7       2.8    14                                                 
         *                                                                        <W> No final level found
         *                                                                        <W> No matching gamma within 5 keV found in Adopted
 35CL  G 6922.3       4.8    24                                                 
         *                                                                        <W> No final level found
         *                                                                        <W> Similar gammas placed differently in Adopted:
                                                                                        6927.1         from level=8147.2      JPI=3/2-                
 35CL  G 7465.9       1.9    10                                                 
         *                                                                        <W> No final level found
         *                                                                        <W> No matching gamma within 5 keV found in Adopted
 35CL  G 8685.0       76     8                                                  
         *                                                                        <W> No final level found
         *                                                                        <W> No matching gamma within 5 keV found in Adopted
 35CL  L 8688.3    5                                            2386.3    5     
         *                                                                        <W> level not placed in Adopted or discrepant.
                                                                                        closest level in Adopted:
                                                                                        8630.1     3 7/2                 XREF=
 35CL  L 8696.9     6                                           2395.1    5     
         *                                                                        <W> level not placed in Adopted or discrepant.
                                                                                        closest level in Adopted:
                                                                                        8630.1     3 7/2                 XREF=
 35CL  G 2891.3       2.9    15                                                 
         *                                                                        <W> No final level found
         *                                                                        <W> Similar gammas placed differently in Adopted:
                                                                                        2894.2         from level=4113.70     JPI=7/2                 
                                                                                        2888.2         from level=7066.2      JPI=5/2+                
                                                                                        2897.4         from level=8113.3      JPI=(1/2+,3/2,5/2+)     
                                                                                        2894.4         from level=8618.1      JPI=(3/2+,5/2+)         
 35CL  G 3097.1       4.8    24                                                 
         *                                                                        <W> No final level found
         *                                                                        <W> Similar gammas placed differently in Adopted:
                                                                                        3127(50)       from level=7185.0      JPI=                    
                                                                                        3094.6         from level=7272.6      JPI=(1/2,3/2)           
 35CL  G 7476.6       12     3                                                  
         *                                                                        <W> No final level found
         *                                                                        <W> No matching gamma within 5 keV found in Adopted
 35CL  G 8695.7       80     8                                                  
         *                                                                        <W> No final level found
         *                                                                        <W> No matching gamma within 5 keV found in Adopted
 35CL  L 8706.3    5                                            2404.8    5     
         *                                                                        <W> level not placed in Adopted or discrepant.
                                                                                        closest level in Adopted:
                                                                                        8630.1     3 7/2                 XREF=
 35CL  L 8717.7    5                                            2416.5    5     
         *                                                                        <W> level not placed in Adopted or discrepant.
                                                                                        closest level in Adopted:
                                                                                        8630.1     3 7/2                 XREF=
 35CL  L 8750.9     4                                           2450.7    5     
         *                                                                        <W> level not placed in Adopted or discrepant.
                                                                                        closest level in Adopted:
                                                                                        8630.1     3 7/2                 XREF=
 35CL  G 2945.3       2.2    11                                                 
         *                                                                        <W> No final level found
         *                                                                        <W> Similar gammas placed differently in Adopted:
                                                                                        2942.5         from level=7797.0      JPI=1/2-                
 35CL  G 3347.2       4.9    25                                                 
         *                                                                        <W> No final level found
         *                                                                        <W> No matching gamma within 5 keV found in Adopted
 35CL  G 3534.9       2.4    12                                                 
         *                                                                        <W> No final level found
         *                                                                        <W> Similar gammas placed differently in Adopted:
                                                                                        3532.3         from level=7451.0      JPI=3/2                 
 35CL  G 4572.7       2.1    11                                                 
         *                                                                        <W> No final level found
         *                                                                        <W> Similar gammas placed differently in Adopted:
                                                                                        4578.4         from level=7272.6      JPI=(1/2,3/2)           
                                                                                        4565.6         from level=8484.4      JPI=3/2+                
 35CL  G 4577.1       2.3    12                                                 
         *                                                                        <W> No final level found
         *                                                                        <W> Similar gammas placed differently in Adopted:
                                                                                        4578.4         from level=7272.6      JPI=(1/2,3/2)           
 35CL  G 6056.4       3.0    15                                                 
         *                                                                        <W> No final level found
         *                                                                        <W> Similar gammas placed differently in Adopted:
                                                                                        6052.6         from level=7272.6      JPI=(1/2,3/2)           
 35CL  G 6987.0       30     8                                                  
         *                                                                        <W> No final level found
         *                                                                        <W> Similar gammas placed differently in Adopted:
                                                                                        6987.9         from level=8208        JPI=5/2+                
 35CL  G 7530.6       2      LT                                                 
         *                                                                        <W> No final level found
         *                                                                        <W> No matching gamma within 5 keV found in Adopted
 35CL  G 8749.7       53     5                                                  
         *                                                                        <W> No final level found
         *                                                                        <W> No matching gamma within 5 keV found in Adopted
 35CL  L 8767.0    5                                            2467.3    5     
         *                                                                        <W> level not placed in Adopted or discrepant.
                                                                                        closest level in Adopted:
                                                                                        8630.1     3 7/2                 XREF=
 35CL  L 8772.9    5                                            2473.4    5     
         *                                                                        <W> level not placed in Adopted or discrepant.
                                                                                        closest level in Adopted:
                                                                                        8630.1     3 7/2                 XREF=
 35CL  L 8779.8     4                                           2480.5    5     
         *                                                                        <W> level not placed in Adopted or discrepant.
                                                                                        closest level in Adopted:
                                                                                        8630.1     3 7/2                 XREF=
 35CL  G 3179.9       4.3    22                                                 
         *                                                                        <W> No final level found
         *                                                                        <W> Similar gammas placed differently in Adopted:
                                                                                        3184.6         from level=7103.3      JPI=3/2                 
                                                                                        3174.6         from level=7234.0      JPI=5/2+                
                                                                                        3183.9         from level=7362.0      JPI=3/2                 
                                                                                        3183.9         from level=8038.5      JPI=3/2                 
 35CL  G 3563.8       6.6    33                                                 
         *                                                                        <W> No final level found
         *                                                                        <W> Similar gammas placed differently in Adopted:
                                                                                        3558.0         from level=7501.1      JPI=                    
                                                                                        3559.8         from level=7502.9      JPI=                    
                                                                                        3559.3         from level=7618.7      JPI=5/2                 
 35CL  G 4601.6       15     4                                              X   
         *                                                                        <W> No final level found
         *                                                                        <W> Similar gammas placed differently in Adopted:
                                                                                        4597.7         from level=7600.8      JPI=5/2+                
                                                                                        4595.5         from level=8514.3      JPI=                    
 35CL  G 4860.9       4.2    21                                                 
         *                                                                        <W> No final level found
         *                                                                        <W> Similar gammas placed differently in Adopted:
                                                                                        4854.0         from level=4854.4      JPI=(1/2,3/2,5/2+)      
                                                                                        4855.1         from level=7501.1      JPI=                    
                                                                                        4856.9         from level=7502.9      JPI=                    
                                                                                        4853.9         from level=7548.2      JPI=7/2-                
                                                                                        4866.8         from level=7561.1      JPI=(1/2,3/2)           
 35CL  G 5776.5       27     7                                                  
         *                                                                        <W> No final level found
         *                                                                        <W> Similar gammas placed differently in Adopted:
                                                                                        5770.5         from level=8416.7      JPI=                    
                                                                                        5769.9         from level=8464.3      JPI=                    
 35CL  G 6085.3       12     3                                                  
         *                                                                        <W> No final level found
         *                                                                        <W> No matching gamma within 5 keV found in Adopted
 35CL  G 6133.6       13     3                                                  
         *                                                                        <W> No final level found
         *                                                                        <W> Similar gammas placed differently in Adopted:
                                                                                        6135.4         from level=7899.1      JPI=(3/2-,5/2)          
 35CL  G 7015.9       6.7    34                                                 
         *                                                                        <W> No final level found
         *                                                                        <W> Similar gammas placed differently in Adopted:
                                                                                        7021.9         from level=8242.1      JPI=3/2-                
 35CL  G 8778.6       11     3                                                  
         *                                                                        <W> No final level found
         *                                                                        <W> No matching gamma within 5 keV found in Adopted
 35CL  L 8787.2     4 (3/2-,5/2,7/2-)                           2488.1    5     
         *                                                                        <W> level not placed in Adopted or discrepant.
                                                                                        closest level in Adopted:
                                                                                        8630.1     3 7/2                 XREF=
 35CL  G 3063.5       6.8    34                                                 
         *                                                                        <W> No final level found
         *                                                                        <W> Similar gammas placed differently in Adopted:
                                                                                        3066.1         from level=8282.0      JPI=(3/2-,5/2)          
 35CL  G 3623.7       19     5                                                  
         *                                                                        <W> No final level found
         *                                                                        <W> Similar gammas placed differently in Adopted:
                                                                                        3625.3         from level=7684.7      JPI=3/2                 
                                                                                        3622.2         from level=7970.2      JPI=(5/2-,7/2-)         
 35CL  G 4018.1       6.7    34                                                 
         *                                                                        <W> No final level found
         *                                                                        <W> Similar gammas placed differently in Adopted:
                                                                                        4021.7         from level=7185.0      JPI=                    
 35CL  G 4609.0       9.1    46                                                 
         *                                                                        <W> No final level found
         *                                                                        <W> Similar gammas placed differently in Adopted:
                                                                                        4613.6         from level=7777.0      JPI=5/2+                
 35CL  G 5623.7       5.8    29                                                 
         *                                                                        <W> No final level found
         *                                                                        <W> Similar gammas placed differently in Adopted:
                                                                                        5622.9         from level=8269.0      JPI=5/2                 
                                                                                        5623.7         from level=8318.1      JPI=                    
                                                                                        5617(7)        from level=8630.1      JPI=7/2                 
 35CL  G 5783.9       20     5                                                  
         *                                                                        <W> No final level found
         *                                                                        <W> Similar gammas placed differently in Adopted:
                                                                                        5784.5         from level=7548.2      JPI=7/2-                
 35CL  G 7023.3       25     6                                                  
         *                                                                        <W> No final level found
         *                                                                        <W> Similar gammas placed differently in Adopted:
                                                                                        7021.9         from level=8242.1      JPI=3/2-                
 35CL  G 8786.0       7.5    38                                                 
         *                                                                        <W> No final level found
         *                                                                        <W> No matching gamma within 5 keV found in Adopted
 35CL  L 8798.4    5  (1/2+,3/2,5/2+)                           2499.6    5     
         *                                                                        <W> level not placed in Adopted or discrepant.
                                                                                        closest level in Adopted:
                                                                                        8630.1     3 7/2                 XREF=
 35CL  G 4738.9       7.9    40                                                 
         *                                                                        <W> No final level found
         *                                                                        <W> Similar gammas placed differently in Adopted:
                                                                                        4735.7         from level=7899.1      JPI=(3/2-,5/2)          
 35CL  G 5795.1       16     4                                                  
         *                                                                        <W> No final level found
         *                                                                        <W> Similar gammas placed differently in Adopted:
                                                                                        5790.0         from level=8484.4      JPI=3/2+                
                                                                                        5791.6         from level=8486.0      JPI=                    
 35CL  G 7034.5       7.0    35                                                 
         *                                                                        <W> No final level found
         *                                                                        <W> Similar gammas placed differently in Adopted:
                                                                                        7030.8         from level=8251        JPI=                    
 35CL  G 7578.1       7.0    35                                                 
         *                                                                        <W> No final level found
         *                                                                        <W> No matching gamma within 5 keV found in Adopted
 35CL  G 8797.2       62     6                                                  
         *                                                                        <W> No final level found
         *                                                                        <W> No matching gamma within 5 keV found in Adopted
 35CL  L 8820.9    5                                            2522.8    5     
         *                                                                        <W> level not placed in Adopted or discrepant.
                                                                                        closest level in Adopted:
                                                                                        8630.1     3 7/2                 XREF=
 35CL  G 5817.6       9.0    45                                                 
         *                                                                        <W> No final level found
         *                                                                        <W> No matching gamma within 5 keV found in Adopted
 35CL  G 6126.4       18     5                                                  
         *                                                                        <W> No final level found
         *                                                                        <W> No matching gamma within 5 keV found in Adopted
 35CL  G 7057.0       21     5                                                  
         *                                                                        <W> No final level found
         *                                                                        <W> No matching gamma within 5 keV found in Adopted
 35CL  G 8819.7       52     5                                                  
         *                                                                        <W> No final level found
         *                                                                        <W> No matching gamma within 5 keV found in Adopted
 35CL  L 8824.2    5                                            2526.2    5     
         *                                                                        <W> level not placed in Adopted or discrepant.
                                                                                        closest level in Adopted:
                                                                                        8630.1     3 7/2                 XREF=
 35CL  G 5820.9       37     9                                                  
         *                                                                        <W> No final level found
         *                                                                        <W> No matching gamma within 5 keV found in Adopted
 35CL  G 6129.7       6.0    3                                                  
         *                                                                        <W> No final level found
         *                                                                        <W> Similar gammas placed differently in Adopted:
                                                                                        6135.4         from level=7899.1      JPI=(3/2-,5/2)          
 35CL  G 7060.3       16     4                                                  
         *                                                                        <W> No final level found
         *                                                                        <W> Similar gammas placed differently in Adopted:
                                                                                        7065.4         from level=7066.2      JPI=5/2+                
                                                                                        7067.3         from level=8287.5      JPI=1/2-                
 35CL  G 7603.9       22     6                                                  
         *                                                                        <W> No final level found
         *                                                                        <W> Similar gammas placed differently in Adopted:
                                                                                        7599.9         from level=7600.8      JPI=5/2+                
 35CL  G 8823.0       19     5                                                  
         *                                                                        <W> No final level found
         *                                                                        <W> No matching gamma within 5 keV found in Adopted
 35CL  L 8829.2     4                                           2531.4    5     
         *                                                                        <W> level not placed in Adopted or discrepant.
                                                                                        closest level in Adopted:
                                                                                        8630.1     3 7/2                 XREF=
 35CL  G 3174.5       9.5    48                                                 
         *                                                                        <W> No final level found
         *                                                                        <W> Similar gammas placed differently in Adopted:
                                                                                        3127(50)       from level=7185.0      JPI=                    
                                                                                        3174.6         from level=7234.0      JPI=5/2+                
 35CL  G 3989.9       1.3    7                                                  
         *                                                                        <W> No final level found
         *                                                                        <W> Similar gammas placed differently in Adopted:
                                                                                        3996.2         from level=5215.80     JPI=                    
                                                                                        3983.1         from level=8156.8      JPI=(5/2+,7/2-)         
                                                                                        3993.5         from level=8618.1      JPI=(3/2+,5/2+)         
 35CL  G 4060.1       1.5    8                                                  
         *                                                                        <W> No final level found
         *                                                                        <W> Similar gammas placed differently in Adopted:
                                                                                        4058(7)        from level=4059.20     JPI=3/2-                
                                                                                        4062.2         from level=7225.5      JPI=5/2                 
                                                                                        4059.2         from level=8038.5      JPI=3/2                 
 35CL  G 4910.3       4.5    23                                                 
         *                                                                        <W> No final level found
         *                                                                        <W> Similar gammas placed differently in Adopted:
                                                                                        4906.5         from level=7600.8      JPI=5/2+                
 35CL  G 5825.9       22     6                                                  
         *                                                                        <W> No final level found
         *                                                                        <W> No matching gamma within 5 keV found in Adopted
 35CL  G 6134.7       13     3                                                  
         *                                                                        <W> No final level found
         *                                                                        <W> Similar gammas placed differently in Adopted:
                                                                                        6135.4         from level=7899.1      JPI=(3/2-,5/2)          
 35CL  G 6183.0       33     8                                                  
         *                                                                        <W> No final level found
         *                                                                        <W> Similar gammas placed differently in Adopted:
                                                                                        6180.4         from level=6181.0      JPI=                    
 35CL  G 7065.3       9.1    46                                                 
         *                                                                        <W> No final level found
         *                                                                        <W> Similar gammas placed differently in Adopted:
                                                                                        7065.4         from level=7066.2      JPI=5/2+                
                                                                                        7067.3         from level=8287.5      JPI=1/2-                
 35CL  G 7608.9       2.6    13                                                 
         *                                                                        <W> No final level found
         *                                                                        <W> No matching gamma within 5 keV found in Adopted
 35CL  G 8828.0       3.8    19                                                 
         *                                                                        <W> No final level found
         *                                                                        <W> No matching gamma within 5 keV found in Adopted
 35CL  L 8833.0     3 5/2                                       2535.3    5     
         *                                                                        <W> level not placed in Adopted or discrepant.
                                                                                        closest level in Adopted:
                                                                                        8630.1     3 7/2                 XREF=
 35CL  G 3617.0       6.9    35                                                 
         *                                                                        <W> No final level found
         *                                                                        <W> Similar gammas placed differently in Adopted:
                                                                                        3619.5         from level=4839.10     JPI=(1/2+,3/2)          
 35CL  G 4063.9       2.6    13                                                 
         *                                                                        <W> No final level found
         *                                                                        <W> Similar gammas placed differently in Adopted:
                                                                                        4058(7)        from level=4059.20     JPI=3/2-                
                                                                                        4063.2         from level=7066.2      JPI=5/2+                
                                                                                        4062.2         from level=7225.5      JPI=5/2                 
 35CL  G 4659.2       14     4                                                  
         *                                                                        <W> No final level found
         *                                                                        <W> Similar gammas placed differently in Adopted:
                                                                                        4661.7         from level=8580.5      JPI=                    
 35CL  G 4719.0       4.7    24                                                 
         *                                                                        <W> No final level found
         *                                                                        <W> Similar gammas placed differently in Adopted:
                                                                                        4716.0         from level=7362.0      JPI=3/2                 
 35CL  G 4773.5       11     3                                                  
         *                                                                        <W> No final level found
         *                                                                        <W> Similar gammas placed differently in Adopted:
                                                                                        4773.9         from level=7777.0      JPI=5/2+                
 35CL  G 4914.1       11     3                                                  
         *                                                                        <W> No final level found
         *                                                                        <W> Similar gammas placed differently in Adopted:
                                                                                        4920.2         from level=7923.3      JPI=(3/2+,5/2+)         
 35CL  G 5669.5       3.7    19                                                 
         *                                                                        <W> No final level found
         *                                                                        <W> Similar gammas placed differently in Adopted:
                                                                                        5671.9         from level=8318.1      JPI=                    
 35CL  G 5829.7       6.7    34                                                 
         *                                                                        <W> No final level found
         *                                                                        <W> Similar gammas placed differently in Adopted:
                                                                                        5837.1         from level=7600.8      JPI=5/2+                
 35CL  G 6138.5       4.5    23                                                 
         *                                                                        <W> No final level found
         *                                                                        <W> Similar gammas placed differently in Adopted:
                                                                                        6142.0         from level=7362.0      JPI=3/2                 
                                                                                        6135.4         from level=7899.1      JPI=(3/2-,5/2)          
 35CL  G 6186.8       23     6                                                  
         *                                                                        <W> No final level found
         *                                                                        <W> Similar gammas placed differently in Adopted:
                                                                                        6180.4         from level=6181.0      JPI=                    
 35CL  G 7069.1       9.0    45                                                 
         *                                                                        <W> No final level found
         *                                                                        <W> Similar gammas placed differently in Adopted:
                                                                                        7067.3         from level=8287.5      JPI=1/2-                
 35CL  G 8831.8       2.9    15                                                 
         *                                                                        <W> No final level found
         *                                                                        <W> No matching gamma within 5 keV found in Adopted
 35CL  L 8837.3     47/2-                                       2540.5    5     
         *                                                                        <W> level not placed in Adopted or discrepant.
                                                                                        closest level in Adopted:
                                                                                        8630.1     3 7/2                 XREF=
 35CL  G 3673.8                                                             B   
         *                                                                        <W> No final level found
         *                                                                        <W> Similar gammas placed differently in Adopted:
                                                                                        3667.7         from level=7781.6      JPI=5/2-                
 35CL  G 3955.9                                                             B   
         *                                                                        <W> No final level found
         *                                                                        <W> Similar gammas placed differently in Adopted:
                                                                                        3955.7         from level=7923.3      JPI=(3/2+,5/2+)         
 35CL  G 4068.2       8      4                                                  
         *                                                                        <W> No final level found
         *                                                                        <W> Similar gammas placed differently in Adopted:
                                                                                        4070.7         from level=7234.0      JPI=5/2+                
                                                                                        4068.4         from level=8242.1      JPI=3/2-                
 35CL  G 4489.2                                                             B   
         *                                                                        <W> No final level found
         *                                                                        <W> Similar gammas placed differently in Adopted:
                                                                                        4490.8         from level=7185.0      JPI=                    
 35CL  G 4777.7                                                             B   
         *                                                                        <W> No final level found
         *                                                                        <W> Similar gammas placed differently in Adopted:
                                                                                        4773.9         from level=7777.0      JPI=5/2+                
 35CL  G 5673.8       29     7                                                  
         *                                                                        <W> No final level found
         *                                                                        <W> Similar gammas placed differently in Adopted:
                                                                                        5671.9         from level=8318.1      JPI=                    
 35CL  G 7073.4       63     6                                                  
         *                                                                        <W> No final level found
         *                                                                        <W> Similar gammas placed differently in Adopted:
                                                                                        7067.3         from level=8287.5      JPI=1/2-                
                                                                                        7078.1         from level=8298.3      JPI=3/2                 
 35CL  L 8856.0     4                                           2559.0    5     
         *                                                                        <W> level not placed in Adopted or discrepant.
                                                                                        closest level in Adopted:
                                                                                        8630.1     3 7/2                 XREF=
 35CL  G 3974.6       3.4    17                                                 
         *                                                                        <W> No final level found
         *                                                                        <W> Similar gammas placed differently in Adopted:
                                                                                        3976.1         from level=8035.5      JPI=                    
 35CL  G 4231.3       5.1    26                                                 
         *                                                                        <W> No final level found
         *                                                                        <W> Similar gammas placed differently in Adopted:
                                                                                        4231.0         from level=7234.0      JPI=5/2+                
                                                                                        4232.7         from level=7396.0      JPI=7/2(-)              
                                                                                        4230.6         from level=8404.3      JPI=                    
 35CL  G 4677.8       3.5    18                                                 
         *                                                                        <W> No final level found
         *                                                                        <W> Similar gammas placed differently in Adopted:
                                                                                        4681.6         from level=7684.7      JPI=3/2                 
                                                                                        4670.4         from level=8613.6      JPI=                    
 35CL  G 4937.1       11     3                                                  
         *                                                                        <W> No final level found
         *                                                                        <W> Similar gammas placed differently in Adopted:
                                                                                        4933.1         from level=8096.5      JPI=(5/2,7/2+)          
 35CL  G 5692.5       51     5                                                  
         *                                                                        <W> No final level found
         *                                                                        <W> Similar gammas placed differently in Adopted:
                                                                                        5687.4         from level=7451.0      JPI=3/2                 
                                                                                        5687.4         from level=8381.8      JPI=5/2+                
 35CL  G 6161.5       2.8    14                                                 
         *                                                                        <W> No final level found
         *                                                                        <W> Similar gammas placed differently in Adopted:
                                                                                        6159.6         from level=7923.3      JPI=(3/2+,5/2+)         
 35CL  G 6209.7                                                                 
         *                                                                        <W> No final level found
         *                                                                        <W> Similar gammas placed differently in Adopted:
                                                                                        6206.5         from level=7970.2      JPI=(5/2-,7/2-)         
 35CL  G 7092.1       7.2    36                                                 
         *                                                                        <W> No final level found
         *                                                                        <W> Similar gammas placed differently in Adopted:
                                                                                        7097.9         from level=8318.1      JPI=                    
 35CL  G 8854.8       16     4                                                  
         *                                                                        <W> No final level found
         *                                                                        <W> No matching gamma within 5 keV found in Adopted
 35CL  L 8868.6    5                                            2571.9    5     
         *                                                                        <W> level not placed in Adopted or discrepant.
                                                                                        closest level in Adopted:
                                                                                        8630.1     3 7/2                 XREF=
 35CL  G 4690.4       2.6    13                                                 
         *                                                                        <W> No final level found
         *                                                                        <W> Similar gammas placed differently in Adopted:
                                                                                        4690.7         from level=7693.8      JPI=                    
 35CL  G 5865.3       16     4                                                  
         *                                                                        <W> No final level found
         *                                                                        <W> No matching gamma within 5 keV found in Adopted
 35CL  G 6174.1       12     3                                                  
         *                                                                        <W> No final level found
         *                                                                        <W> Similar gammas placed differently in Adopted:
                                                                                        6176.0         from level=7396.0      JPI=7/2(-)              
 35CL  G 7104.7       4.4    22                                                 
         *                                                                        <W> No final level found
         *                                                                        <W> Similar gammas placed differently in Adopted:
                                                                                        7102.5         from level=7103.3      JPI=3/2                 
                                                                                        7103.0         from level=8323.2      JPI=                    
 35CL  G 7648.3       16     4                                                  
         *                                                                        <W> No final level found
         *                                                                        <W> Similar gammas placed differently in Adopted:
                                                                                        7655.6         from level=7656.5      JPI=                    
 35CL  G 8867.4       49     12                                                 
         *                                                                        <W> No final level found
         *                                                                        <W> No matching gamma within 5 keV found in Adopted
 35CL  L 8884.1    5                                            2587.9    5     
         *                                                                        <W> level not placed in Adopted or discrepant.
                                                                                        closest level in Adopted:
                                                                                        8630.1     3 7/2                 XREF=
 35CL  L 8886.1     4 5/2                                       2589.9    5     
         *                                                                        <W> level not placed in Adopted or discrepant.
                                                                                        closest level in Adopted:
                                                                                        8630.1     3 7/2                 XREF=
 35CL  G 3231.4       6      3                                                  
         *                                                                        <W> No final level found
         *                                                                        <W> Similar gammas placed differently in Adopted:
                                                                                        3231.4         from level=8000.4      JPI=(7/2,9/2+)          
 35CL  G 3286.2       6.6    33                                                 
         *                                                                        <W> No final level found
         *                                                                        <W> Similar gammas placed differently in Adopted:
                                                                                        3288.0         from level=8298.3      JPI=3/2                 
 35CL  G 3670.1       2.2    11                                                 
         *                                                                        <W> No final level found
         *                                                                        <W> Similar gammas placed differently in Adopted:
                                                                                        3667.7         from level=7781.6      JPI=5/2-                
 35CL  G 3722.5       8.6    43                                                 
         *                                                                        <W> No final level found
         *                                                                        <W> Similar gammas placed differently in Adopted:
                                                                                        3722.2         from level=7781.6      JPI=5/2-                
                                                                                        3721.0         from level=7899.1      JPI=(3/2-,5/2)          
 35CL  G 4117.0       4.5    23                                                 
         *                                                                        <W> No final level found
         *                                                                        <W> Similar gammas placed differently in Adopted:
                                                                                        4119.7         from level=8038.5      JPI=3/2                 
 35CL  G 4707.9       8      4                                                  
         *                                                                        <W> No final level found
         *                                                                        <W> Similar gammas placed differently in Adopted:
                                                                                        4701.8         from level=7396.0      JPI=7/2(-)              
                                                                                        4703.3         from level=7706.4      JPI=5/2                 
 35CL  G 4967.2       4.1    21                                                 
         *                                                                        <W> No final level found
         *                                                                        <W> Similar gammas placed differently in Adopted:
                                                                                        4967.1         from level=7970.2      JPI=(5/2-,7/2-)         
 35CL  G 5882.8       8      4                                                  
         *                                                                        <W> No final level found
         *                                                                        <W> Similar gammas placed differently in Adopted:
                                                                                        5883.4         from level=7103.3      JPI=3/2                 
 35CL  G 6239.8       26     7                                                  
         *                                                                        <W> No final level found
         *                                                                        <W> Similar gammas placed differently in Adopted:
                                                                                        6240.8         from level=8004.5      JPI=5/2+                
 35CL  G 7122.2       12     3                                                  
         *                                                                        <W> No final level found
         *                                                                        <W> No matching gamma within 5 keV found in Adopted
 35CL  G 8884.9       14     4                                                  
         *                                                                        <W> No final level found
         *                                                                        <W> No matching gamma within 5 keV found in Adopted
 35CL  L 8893.2     4 (5/2,7/2)+                                2597.3    5     
         *                                                                        <W> level not placed in Adopted or discrepant.
                                                                                        closest level in Adopted:
                                                                                        8630.1     3 7/2                 XREF=
 35CL  G 3293.3       1      LT                                             V   
         *                                                                        <W> No final level found
         *                                                                        <W> Similar gammas placed differently in Adopted:
                                                                                        3298.7         from level=7923.3      JPI=(3/2+,5/2+)         
                                                                                        3288.0         from level=8298.3      JPI=3/2                 
 35CL  G 3307.0       1.6    8                                                  
         *                                                                        <W> No final level found
         *                                                                        <W> Similar gammas placed differently in Adopted:
                                                                                        3306.8         from level=7225.5      JPI=5/2                 
                                                                                        3305.1         from level=7272.6      JPI=(1/2,3/2)           
                                                                                        3306.9         from level=8075.9      JPI=(3/2,5/2,7/2-)      
 35CL  G 4779.1       8.5    43                                                 
         *                                                                        <W> No final level found
         *                                                                        <W> Similar gammas placed differently in Adopted:
                                                                                        4773.9         from level=7777.0      JPI=5/2+                
 35CL  G 4949.9       3.9    20                                                 
         *                                                                        <W> No final level found
         *                                                                        <W> Similar gammas placed differently in Adopted:
                                                                                        4954.8         from level=7600.8      JPI=5/2+                
 35CL  G 5729.7       29     7                                                  
         *                                                                        <W> No final level found
         *                                                                        <W> Similar gammas placed differently in Adopted:
                                                                                        5735.6         from level=8381.8      JPI=5/2+                
                                                                                        5722.3         from level=8416.7      JPI=                    
 35CL  G 6198.7       37     9                                                  
         *                                                                        <W> No final level found
         *                                                                        <W> No matching gamma within 5 keV found in Adopted
 35CL  G 7129.3       19     5                                                  
         *                                                                        <W> No final level found
         *                                                                        <W> No matching gamma within 5 keV found in Adopted
 35CL  G 8892.0       1.0    5                                                  
         *                                                                        <W> No final level found
         *                                                                        <W> No matching gamma within 5 keV found in Adopted
 35CL  L 8904.8     4                                           2609.2    5     
         *                                                                        <W> level not placed in Adopted or discrepant.
                                                                                        closest level in Adopted:
                                                                                        8630.1     3 7/2                 XREF=
 35CL  G 2723.7       4.3    22                                                 
         *                                                                        <W> No final level found
         *                                                                        <W> Similar gammas placed differently in Adopted:
                                                                                        2723.4         from level=3942.90     JPI=9/2+                
 35CL  G 3250.1       3.4    17                                                 
         *                                                                        <W> No final level found
         *                                                                        <W> Similar gammas placed differently in Adopted:
                                                                                        3251.8         from level=8106.4      JPI=3/2                 
                                                                                        3248.3         from level=8464.3      JPI=                    
 35CL  G 3894.5       3.9    20                                                 
         *                                                                        <W> No final level found
         *                                                                        <W> Similar gammas placed differently in Adopted:
                                                                                        3893.9         from level=7837.0      JPI=3/2-                
 35CL  G 4050.1       6.2    31                                                 
         *                                                                        <W> No final level found
         *                                                                        <W> Similar gammas placed differently in Adopted:
                                                                                        4058(7)        from level=4059.20     JPI=3/2-                
                                                                                        4057.2         from level=8000.4      JPI=(7/2,9/2+)          
                                                                                        4046.9         from level=8106.4      JPI=3/2                 
                                                                                        4053.8         from level=8113.3      JPI=(1/2+,3/2,5/2+)     
 35CL  G 4065.4       4.5    23                                                 
         *                                                                        <W> No final level found
         *                                                                        <W> Similar gammas placed differently in Adopted:
                                                                                        4063.2         from level=7066.2      JPI=5/2+                
 35CL  G 4726.6       18     5                                                  
         *                                                                        <W> No final level found
         *                                                                        <W> No matching gamma within 5 keV found in Adopted
 35CL  G 4845.2       5.7    29                                                 
         *                                                                        <W> No final level found
         *                                                                        <W> Similar gammas placed differently in Adopted:
                                                                                        4838.7         from level=4839.10     JPI=(1/2+,3/2)          
                                                                                        4841.1         from level=8004.5      JPI=5/2+                
 35CL  G 6210.3       15     4                                                  
         *                                                                        <W> No final level found
         *                                                                        <W> Similar gammas placed differently in Adopted:
                                                                                        6206.5         from level=7970.2      JPI=(5/2-,7/2-)         
 35CL  G 7684.5       10     3                                                  
         *                                                                        <W> No final level found
         *                                                                        <W> Similar gammas placed differently in Adopted:
                                                                                        7683.8         from level=7684.7      JPI=3/2                 
 35CL  G 8903.6       29     7                                                  
         *                                                                        <W> No final level found
         *                                                                        <W> No matching gamma within 5 keV found in Adopted
 35CL  L 8906.8     45/2+                                       2611.3    5     
         *                                                                        <W> level not placed in Adopted or discrepant.
                                                                                        closest level in Adopted:
                                                                                        8630.1     3 7/2                 XREF=
 35CL  G 3252.1       4      LT                                             V   
         *                                                                        <W> No final level found
         *                                                                        <W> Similar gammas placed differently in Adopted:
                                                                                        3251.8         from level=8106.4      JPI=3/2                 
 35CL  G 3261.6       3.7    19                                                 
         *                                                                        <W> No final level found
         *                                                                        <W> Similar gammas placed differently in Adopted:
                                                                                        3259.9         from level=7178.6      JPI=1/2+                
 35CL  G 3306.9       2.2    11                                                 
         *                                                                        <W> No final level found
         *                                                                        <W> Similar gammas placed differently in Adopted:
                                                                                        3306.8         from level=7225.5      JPI=5/2                 
                                                                                        3305.1         from level=7272.6      JPI=(1/2,3/2)           
                                                                                        3306.9         from level=8075.9      JPI=(3/2,5/2,7/2-)      
 35CL  G 3320.6       4                                                         
         *                                                                        <W> No final level found
         *                                                                        <W> Similar gammas placed differently in Adopted:
                                                                                        3324.8         from level=7502.9      JPI=                    
                                                                                        3323.9         from level=7671.9      JPI=(5/2-,7/2)          
                                                                                        3327.5         from level=8096.5      JPI=(5/2,7/2+)          
                                                                                        3326.6         from level=8208        JPI=5/2+                
 35CL  G 3386.6       2.5    13                                                 
         *                                                                        <W> No final level found
         *                                                                        <W> Similar gammas placed differently in Adopted:
                                                                                        3387.8         from level=8156.8      JPI=(5/2+,7/2-)         
 35CL  G 3690.8       4.4    22                                                 
         *                                                                        <W> No final level found
         *                                                                        <W> Similar gammas placed differently in Adopted:
                                                                                        3689.0         from level=7656.5      JPI=                    
                                                                                        3693.5         from level=8318.1      JPI=                    
                                                                                        3690.5         from level=8571.9      JPI=                    
 35CL  G 4137.7       5.6    28                                                 
         *                                                                        <W> No final level found
         *                                                                        <W> Similar gammas placed differently in Adopted:
                                                                                        4138.8         from level=8106.4      JPI=3/2                 
                                                                                        4137.0         from level=8251        JPI=                    
                                                                                        4139.9         from level=8318.1      JPI=                    
 35CL  G 4963.5       13     3                                                  
         *                                                                        <W> No final level found
         *                                                                        <W> Similar gammas placed differently in Adopted:
                                                                                        4967.1         from level=7970.2      JPI=(5/2-,7/2-)         
 35CL  G 7142.9       69     7                                                  
         *                                                                        <W> No final level found
         *                                                                        <W> No matching gamma within 5 keV found in Adopted
 35CL  L 8919.8    5                                            2624.6    5     
         *                                                                        <W> level not placed in Adopted or discrepant.
                                                                                        closest level in Adopted:
                                                                                        8630.1     3 7/2                 XREF=
 35CL  G 3274.6       5.6    28                                                 
         *                                                                        <W> No final level found
         *                                                                        <W> Similar gammas placed differently in Adopted:
                                                                                        3275.8         from level=7194.5      JPI=(1/2,3/2)+          
                                                                                        3274.5         from level=7899.1      JPI=(3/2-,5/2)          
                                                                                        3277.2         from level=8287.5      JPI=1/2-                
 35CL  G 4571.7       7.8    39                                                 
         *                                                                        <W> No final level found
         *                                                                        <W> Similar gammas placed differently in Adopted:
                                                                                        4578.4         from level=7272.6      JPI=(1/2,3/2)           
                                                                                        4565.6         from level=8484.4      JPI=3/2+                
 35CL  G 5756.3       57     6                                                  
         *                                                                        <W> No final level found
         *                                                                        <W> Similar gammas placed differently in Adopted:
                                                                                        5757.5         from level=5758.0      JPI=(1/2,3/2)           
                                                                                        5755.1         from level=7518.7      JPI=7/2(-)              
                                                                                        5756.7         from level=8402.9      JPI=                    
 35CL  G 6273.5       26     7                                                  
         *                                                                        <W> No final level found
         *                                                                        <W> Similar gammas placed differently in Adopted:
                                                                                        6271.8         from level=8035.5      JPI=                    
                                                                                        6274.8         from level=8038.5      JPI=3/2                 
 35CL  G 7155.9       4      2                                                  
         *                                                                        <W> No final level found
         *                                                                        <W> No matching gamma within 5 keV found in Adopted
 35CL  L 8933.3    5                                            2638.5    5     
         *                                                                        <W> level not placed in Adopted or discrepant.
                                                                                        closest level in Adopted:
                                                                                        8630.1     3 7/2                 XREF=
 35CL  L 8953.0     8 3/2                                       2658.8    5     
         *                                                                        <W> level not placed in Adopted or discrepant.
                                                                                        closest level in Adopted:
                                                                                        8630.1     3 7/2                 XREF=
 35CL  G 7732.7                 D+Q                                             
         *                                                                        <W> No final level found
         *                                                                        <W> No matching gamma within 5 keV found in Adopted
 35CL  G 8951.8                 D+Q                                             
         *                                                                        <W> No final level found
         *                                                                        <W> No matching gamma within 5 keV found in Adopted
 35CL  L 8957.8    5                                            2663.8    5     
         *                                                                        <W> level not placed in Adopted or discrepant.
                                                                                        closest level in Adopted:
                                                                                        8630.1     3 7/2                 XREF=
 35CL  L 8981.9    5                                            2688.6    5     
         *                                                                        <W> level not placed in Adopted or discrepant.
                                                                                        closest level in Adopted:
                                                                                        8630.1     3 7/2                 XREF=
 35CL  L 8984.1     3                                           2690.9    5     
         *                                                                        <W> level not placed in Adopted or discrepant.
                                                                                        closest level in Adopted:
                                                                                        8630.1     3 7/2                 XREF=
 35CL  G 3260.3       0.8    4                                                  
         *                                                                        <W> No final level found
         *                                                                        <W> Similar gammas placed differently in Adopted:
                                                                                        3259.9         from level=7178.6      JPI=1/2+                
 35CL  G 4144.7       1.2    6                                                  
         *                                                                        <W> No final level found
         *                                                                        <W> Similar gammas placed differently in Adopted:
                                                                                        4145.7         from level=8113.3      JPI=(1/2+,3/2,5/2+)     
                                                                                        4144.4         from level=8318.1      JPI=                    
 35CL  G 4215.0       0.5    3                                                  
         *                                                                        <W> No final level found
         *                                                                        <W> Similar gammas placed differently in Adopted:
                                                                                        4213.6         from level=8156.8      JPI=(5/2+,7/2-)         
                                                                                        4217.7         from level=8277.2      JPI=5/2+                
 35CL  G 4359.4       0.5    3                                                  
         *                                                                        <W> No final level found
         *                                                                        <W> Similar gammas placed differently in Adopted:
                                                                                        4358.9         from level=7362.0      JPI=3/2                 
                                                                                        4358.4         from level=8277.2      JPI=5/2+                
 35CL  G 4805.8       1.5    8                                                  
         *                                                                        <W> No final level found
         *                                                                        <W> Similar gammas placed differently in Adopted:
                                                                                        4806.8         from level=7970.2      JPI=(5/2-,7/2-)         
 35CL  G 4810.3       1.5    8                                                  
         *                                                                        <W> No final level found
         *                                                                        <W> Similar gammas placed differently in Adopted:
                                                                                        4806.8         from level=7970.2      JPI=(5/2-,7/2-)         
 35CL  G 5065.2       9      5                                                  
         *                                                                        <W> No final level found
         *                                                                        <W> Similar gammas placed differently in Adopted:
                                                                                        5060.3         from level=7706.4      JPI=5/2                 
 35CL  G 5820.5       6      3                                                  
         *                                                                        <W> No final level found
         *                                                                        <W> No matching gamma within 5 keV found in Adopted
 35CL  G 6289.6       1.8    9                                                  
         *                                                                        <W> No final level found
         *                                                                        <W> Similar gammas placed differently in Adopted:
                                                                                        6282.9         from level=7502.9      JPI=                    
 35CL  G 6337.8       1.2    6                                                  
         *                                                                        <W> No final level found
         *                                                                        <W> Similar gammas placed differently in Adopted:
                                                                                        6341.1         from level=7561.1      JPI=(1/2,3/2)           
                                                                                        6332.7         from level=8096.5      JPI=(5/2,7/2+)          
                                                                                        6342.6         from level=8106.4      JPI=3/2                 
 35CL  G 7220.2       16     4                                                  
         *                                                                        <W> No final level found
         *                                                                        <W> Similar gammas placed differently in Adopted:
                                                                                        7224.7         from level=7225.5      JPI=5/2                 
 35CL  G 8982.9       60     6                                                  
         *                                                                        <W> No final level found
         *                                                                        <W> No matching gamma within 5 keV found in Adopted
 35CL  L 8988.4    5                                            2695.3    5     
         *                                                                        <W> level not placed in Adopted or discrepant.
                                                                                        closest level in Adopted:
                                                                                        8630.1     3 7/2                 XREF=
 35CL  L 8992.4    5                                            2699.4    5     
         *                                                                        <W> level not placed in Adopted or discrepant.
                                                                                        closest level in Adopted:
                                                                                        8630.1     3 7/2                 XREF=
 35CL  L 8996.7    5                                            2703.8    5     
         *                                                                        <W> level not placed in Adopted or discrepant.
                                                                                        closest level in Adopted:
                                                                                        8630.1     3 7/2                 XREF=
 35CL  L 9001.0    5                                            2708.3    5     
         *                                                                        <W> level not placed in Adopted or discrepant.
                                                                                        closest level in Adopted:
                                                                                        8630.1     3 7/2                 XREF=
 35CL  L 9019.3    5                   3.1 KEV   3              2727.1    5     
         *                                                                        <W> level not placed in Adopted or discrepant.
                                                                                        closest level in Adopted:
                                                                                        8630.1     3 7/2                 XREF=
 35CL  L 9024.4    5                                            2732.4    5     
         *                                                                        <W> level not placed in Adopted or discrepant.
                                                                                        closest level in Adopted:
                                                                                        8630.1     3 7/2                 XREF=
 35CL  L 9029.9    5                                            2738.0    5     
         *                                                                        <W> level not placed in Adopted or discrepant.
                                                                                        closest level in Adopted:
                                                                                        8630.1     3 7/2                 XREF=
 35CL  L 9033.1    5                                            2741.3    5     
         *                                                                        <W> level not placed in Adopted or discrepant.
                                                                                        closest level in Adopted:
                                                                                        8630.1     3 7/2                 XREF=
 35CL  L 9038.2    5                                            2746.6    5     
         *                                                                        <W> level not placed in Adopted or discrepant.
                                                                                        closest level in Adopted:
                                                                                        8630.1     3 7/2                 XREF=
 35CL  L 9048.3    5                                            2757.0    5     
         *                                                                        <W> level not placed in Adopted or discrepant.
                                                                                        closest level in Adopted:
                                                                                        8630.1     3 7/2                 XREF=
 35CL  L 9081.1    3  5/2              65 EV     20             2791.0    4     
         *                                                                        <W> level not placed in Adopted or discrepant.
                                                                                        closest level in Adopted:
                                                                                        8630.1     3 7/2                 XREF=
 35CL  G 3357.3       1                                                     V   
         *                                                                        <W> No final level found
         *                                                                        <W> No matching gamma within 5 keV found in Adopted
 35CL  G 4199.6       1                                                     V   
         *                                                                        <W> No final level found
         *                                                                        <W> Similar gammas placed differently in Adopted:
                                                                                        4198.7         from level=7362.0      JPI=3/2                 
 35CL  G 4241.7                                                             B   
         *                                                                        <W> No final level found
         *                                                                        <W> Similar gammas placed differently in Adopted:
                                                                                        4243.0         from level=8416.7      JPI=                    
 35CL  G 4312.0                                                             B   
         *                                                                        <W> No final level found
         *                                                                        <W> Similar gammas placed differently in Adopted:
                                                                                        4308.2         from level=8287.5      JPI=1/2-                
                                                                                        4307.8         from level=8486.0      JPI=                    
 35CL  G 4456.4                                                             B   
         *                                                                        <W> No final level found
         *                                                                        <W> Similar gammas placed differently in Adopted:
                                                                                        4457.3         from level=7103.3      JPI=3/2                 
                                                                                        4455.4         from level=7618.7      JPI=5/2                 
                                                                                        4454.8         from level=8514.3      JPI=                    
                                                                                        4457.9         from level=8571.9      JPI=                    
                                                                                        4456.3         from level=8630.1      JPI=7/2                 
 35CL  G 4902.8       2                                                     V   
         *                                                                        <W> No final level found
         *                                                                        <W> Similar gammas placed differently in Adopted:
                                                                                        4902.2         from level=7548.2      JPI=7/2-                
 35CL  G 4907.3       2                                                     V   
         *                                                                        <W> No final level found
         *                                                                        <W> Similar gammas placed differently in Adopted:
                                                                                        4906.5         from level=7600.8      JPI=5/2+                
 35CL  G 5162.2       9         D(+Q)    -0.002  9                          V   
         *                                                                        <W> No final level found
         *                                                                        <W> Similar gammas placed differently in Adopted:
                                                                                        5162.9         from level=5163.34     JPI=7/2                 
 35CL  G 5917.5       6                                                     V   
         *                                                                        <W> No final level found
         *                                                                        <W> Similar gammas placed differently in Adopted:
                                                                                        5919.2         from level=8613.6      JPI=                    
                                                                                        5922(7)        from level=8618.1      JPI=(3/2+,5/2+)         
 35CL  G 6386.6       2                                                     V   
         *                                                                        <W> No final level found
         *                                                                        <W> Similar gammas placed differently in Adopted:
                                                                                        6380.8         from level=7600.8      JPI=5/2+                
                                                                                        6393.0         from level=8156.8      JPI=(5/2+,7/2-)         
 35CL  G 6434.8       1                                                     V   
         *                                                                        <W> No final level found
         *                                                                        <W> No matching gamma within 5 keV found in Adopted
 35CL  G 7317.1       16        D+Q      +0.11   2                          V   
         *                                                                        <W> No final level found
         *                                                                        <W> No matching gamma within 5 keV found in Adopted
 35CL  G 9079.8       60        D+Q      +0.089  9                          V   
         *                                                                        <W> No final level found
         *                                                                        <W> No matching gamma within 5 keV found in Adopted
 35CL  L 9088.4    5                                            2798.3    5     
         *                                                                        <W> level not placed in Adopted or discrepant.
                                                                                        closest level in Adopted:
                                                                                        8630.1     3 7/2                 XREF=
 35CL  L 9099.2    5                                            2809.4    5     
         *                                                                        <W> level not placed in Adopted or discrepant.
                                                                                        closest level in Adopted:
                                                                                        8630.1     3 7/2                 XREF=
 35CL  L 9100.4    5                                            2810.6    5     
         *                                                                        <W> level not placed in Adopted or discrepant.
                                                                                        closest level in Adopted:
                                                                                        8630.1     3 7/2                 XREF=
 35CL  L 9107.4    5                                            2817.8    5     
         *                                                                        <W> level not placed in Adopted or discrepant.
                                                                                        closest level in Adopted:
                                                                                        8630.1     3 7/2                 XREF=
 35CL  L 9110.0    5                                            2820.5    5     
         *                                                                        <W> level not placed in Adopted or discrepant.
                                                                                        closest level in Adopted:
                                                                                        8630.1     3 7/2                 XREF=
 35CL  L 9124.0    5                                            2834.9    5     
         *                                                                        <W> level not placed in Adopted or discrepant.
                                                                                        closest level in Adopted:
                                                                                        8630.1     3 7/2                 XREF=
 35CL  L 9135.1    5                   2.0 KEV   4              2846.3    5     
         *                                                                        <W> level not placed in Adopted or discrepant.
                                                                                        closest level in Adopted:
                                                                                        8630.1     3 7/2                 XREF=
 35CL  L 9138.3    5                                            2849.6    5     
         *                                                                        <W> level not placed in Adopted or discrepant.
                                                                                        closest level in Adopted:
                                                                                        8630.1     3 7/2                 XREF=
 35CL  L 9155.7    5                                            2867.5    5     
         *                                                                        <W> level not placed in Adopted or discrepant.
                                                                                        closest level in Adopted:
                                                                                        8630.1     3 7/2                 XREF=
 35CL  L 9157.1     45/2+                                       2869.0    5     
         *                                                                        <W> level not placed in Adopted or discrepant.
                                                                                        closest level in Adopted:
                                                                                        8630.1     3 7/2                 XREF=
 35CL  G 3941.1       7.4                                                       
         *                                                                        <W> No final level found
         *                                                                        <W> Similar gammas placed differently in Adopted:
                                                                                        3942.7         from level=3942.90     JPI=9/2+                
                                                                                        3943.7         from level=5163.34     JPI=7/2                 
                                                                                        3940.0         from level=7103.3      JPI=3/2                 
                                                                                        3939.6         from level=8113.3      JPI=(1/2+,3/2,5/2+)     
 35CL  G 4388.0       6.9                                                       
         *                                                                        <W> No final level found
         *                                                                        <W> Similar gammas placed differently in Adopted:
                                                                                        4392.9         from level=7396.0      JPI=7/2(-)              
                                                                                        4384.9         from level=7548.2      JPI=7/2-                
 35CL  G 4978.8       13                                                    X   
         *                                                                        <W> No final level found
         *                                                                        <W> No matching gamma within 5 keV found in Adopted
 35CL  G 5993.5       9.6                                                       
         *                                                                        <W> No final level found
         *                                                                        <W> No matching gamma within 5 keV found in Adopted
 35CL  G 6153.8       8.4                                                       
         *                                                                        <W> No final level found
         *                                                                        <W> Similar gammas placed differently in Adopted:
                                                                                        6159.6         from level=7923.3      JPI=(3/2+,5/2+)         
 35CL  G 6462.6       1.3                                                       
         *                                                                        <W> No final level found
         *                                                                        <W> Similar gammas placed differently in Adopted:
                                                                                        6464.7         from level=7684.7      JPI=3/2                 
 35CL  G 6510.8       2.9                                                       
         *                                                                        <W> No final level found
         *                                                                        <W> Similar gammas placed differently in Adopted:
                                                                                        6513.4         from level=8277.2      JPI=5/2+                
 35CL  G 7393.1       7.5                                                       
         *                                                                        <W> No final level found
         *                                                                        <W> Similar gammas placed differently in Adopted:
                                                                                        7395.2         from level=7396.0      JPI=7/2(-)              
                                                                                        7391.8         from level=8612.0      JPI=                    
                                                                                        7393.4         from level=8613.6      JPI=                    
 35CL  G 9155.8       43        M1+E2    0.47    50                             
         *                                                                        <W> No final level found
         *                                                                        <W> No matching gamma within 5 keV found in Adopted
 35CL  L 9163.2    5                                            2875.3    5     
         *                                                                        <W> level not placed in Adopted or discrepant.
                                                                                        closest level in Adopted:
                                                                                        8630.1     3 7/2                 XREF=
 35CL  L 9184.2    5                                            2896.9    5     
         *                                                                        <W> level not placed in Adopted or discrepant.
                                                                                        closest level in Adopted:
                                                                                        8630.1     3 7/2                 XREF=
 35CL  L 9188.8    5                                            2901.6    5     
         *                                                                        <W> level not placed in Adopted or discrepant.
                                                                                        closest level in Adopted:
                                                                                        8630.1     3 7/2                 XREF=
 35CL  L 9194.1    5                                            2907.1    5     
         *                                                                        <W> level not placed in Adopted or discrepant.
                                                                                        closest level in Adopted:
                                                                                        8630.1     3 7/2                 XREF=


End of report
