Program for consistency check: output for Error and Warnings (version 08/20/2026)
Generated at: Sun 09/20/2026 at 03:59:36 PM EDT

################################################################################
In Adopted dataset of 34S

 34S   L 2127.564  13 2+               0.315 PS  12                             
 34S  cL J$spin=2 from p|g(|q) in {+31}P(|a,p|g). |p=+ from 2126.7|g, E2 to 0+, 
                                                            *                     <E> Quoted EG=2126.7 inconsistent with record EG=2127.498
 34S   L 3304.212  13 2+               122 FS    9                              
 34S  cL J$spin=2 from p|g(|q) in {+31}P(|a,p|g). |p=+ from 3303.1|g, E2 to 0+, 
                                                            *                     <E> Quoted EG=3303.1 inconsistent with record EG=3304.029

################################################################################
In dataset of 34S: XA 34P B- DECAY (12.43 S)     XREF Tag=A

 34S   L 2127.3    5  2+                                                        
                                       *                                          <W> T1/2 commented from Adopted but empty
                                                                                        Adopted T1/2=0.315 PS 12 this T1/2=
 34S   L 3303.7                                                                 
                     *                                                            <W> JPI commented from Adopted but empty
                                                                                        Adopted JPI=2+ this JPI=
                                       *                                          <W> T1/2 commented from Adopted but empty
                                                                                        Adopted T1/2=122 FS 9 this T1/2=
 34S   G 3303.5       0.12   LT                                               N 
                               *                                                  <W> Mult commented from Adopted but not given
                                                                                        Adopted Mult=E2 this Mult=
 34S   L 3914.4    11 0+                                                        
         *                                                                        <W> level not placed in Adopted or discrepant.
                                                                                        closest level in Adopted:
                                                                                        3304.212  13 2+                  XREF=UACDEGHIJLMNPRTVWYZabcdg
                     *                                                            <E> JPI commented from Adopted but no such Adopted level
 34S   G 1787      1  0.3    1  E2                                              
                               *                                                  <E> Mult commented from Adopted but no such Adopted gamma
         *                                                                        <W> No matching gamma within 5 keV found in Adopted
 34S   L 4074.1    11 1+                                                        
         *                                                                        <W> level not placed in Adopted or discrepant.
                                                                                        closest level in Adopted:
                                                                                        3304.212  13 2+                  XREF=UACDEGHIJLMNPRTVWYZabcdg
                     *                                                            <E> JPI commented from Adopted but no such Adopted level
 34S   G 1947.1    15 0.28   10 M1+E2    +1.3    +9-32                          
                               *                                                  <E> Mult commented from Adopted but no such Adopted gamma
                                         *                                        <E> MR commented from Adopted but no such Adopted gamma
         *                                                                        <W> No matching gamma within 5 keV found in Adopted
 34S   G 4073.4    15 0.46   6  D                                             N 
                               *                                                  <E> Mult commented from Adopted but no such Adopted gamma
         *                                                                        <W> No matching gamma within 5 keV found in Adopted
 34S   L 4114.5    9  2+                                                        
         *                                                                        <W> level not placed in Adopted or discrepant.
                                                                                        closest level in Adopted:
                                                                                        3304.212  13 2+                  XREF=UACDEGHIJLMNPRTVWYZabcdg
                     *                                                            <E> JPI commented from Adopted but no such Adopted level
 34S   G 1987.2    10 1.0    2  M1+E2    -0.40   5                              
                               *                                                  <E> Mult commented from Adopted but no such Adopted gamma
                                         *                                        <E> MR commented from Adopted but no such Adopted gamma
         *                                                                        <W> No matching gamma within 5 keV found in Adopted
 34S   G 4114.0    15 1.2    2  E2                                            N 
                               *                                                  <E> Mult commented from Adopted but no such Adopted gamma
         *                                                                        <W> No matching gamma within 5 keV found in Adopted
 34S   L 4622.2                                                                 
         *                                                                        <W> level not placed in Adopted or discrepant.
                                                                                        closest level in Adopted:
                                                                                        3304.212  13 2+                  XREF=UACDEGHIJLMNPRTVWYZabcdg
 34S   G 1318.5       0.21   LT                                                 
         *                                                                        <W> No matching gamma within 5 keV found in Adopted
 34S   L 4687.5                                                                 
         *                                                                        <W> level not placed in Adopted or discrepant.
                                                                                        closest level in Adopted:
                                                                                        3304.212  13 2+                  XREF=UACDEGHIJLMNPRTVWYZabcdg
 34S   G 2560.0       0.11   LT                                                 
         *                                                                        <W> No matching gamma within 5 keV found in Adopted
 34S   L 4875.2                                                                 
         *                                                                        <W> level not placed in Adopted or discrepant.
                                                                                        closest level in Adopted:
                                                                                        3304.212  13 2+                  XREF=UACDEGHIJLMNPRTVWYZabcdg
 34S   G 1571.5       1.0    LT                                                 
         *                                                                        <W> No matching gamma within 5 keV found in Adopted
 34S   L 4891                                                                   
         *                                                                        <W> level not placed in Adopted.
                                                                                        closest level in Adopted:
                                                                                        3304.212  13 2+                  XREF=UACDEGHIJLMNPRTVWYZabcdg
 34S   G 4891         0.08   LT                                               N 
         *                                                                        <W> No matching gamma within 5 keV found in Adopted

################################################################################
In dataset of 34S: XB 34CL EC+B+ DECAY (1.5266 S)     XREF Tag=B

 34S   L 3910         0+                                                       ?
         *                                                                        <E> E(level) commented from Adopted but no such Adopted level
                     *                                                            <E> JPI commented from Adopted but no such Adopted level
 34S   L 4070         1+                                                       ?
         *                                                                        <E> E(level) commented from Adopted but no such Adopted level
                     *                                                            <E> JPI commented from Adopted but no such Adopted level
 34S   L 5230         0+                                                       ?
         *                                                                        <E> E(level) commented from Adopted but no such Adopted level
                     *                                                            <E> JPI commented from Adopted but no such Adopted level
 34S   L 5380         1+                                                       ?
         *                                                                        <E> E(level) commented from Adopted but no such Adopted level
                     *                                                            <E> JPI commented from Adopted but no such Adopted level

################################################################################
In dataset of 34S: XC 34CL EC+B+ DECAY (31.99 M)     XREF Tag=C

 34S   L 2128         2+                                                        
                                       *                                          <W> T1/2 is available from Adopted but empty here
                                                                                        Adopted T1/2=0.315 PS 12 this T1/2=
 34S   L 3304         2+                                                        
                                       *                                          <W> T1/2 is available from Adopted but empty here
                                                                                        Adopted T1/2=122 FS 9 this T1/2=
 34S   L 4074         1+                                                        
         *                                                                        <W> level not placed in Adopted.
                                                                                        closest level in Adopted:
                                                                                        3304.212  13 2+                  XREF=UACDEGHIJLMNPRTVWYZabcdg
         *                                                                        <E> E(level) commented from Adopted but no such Adopted level
                     *                                                            <E> JPI commented from Adopted but no such Adopted level
 34S   G 4074         0.00081LT D                                               
         *                                                                        <E> E(gamma) commented from Adopted but no such Adopted gamma
                               *                                                  <E> Mult commented from Adopted but no such Adopted gamma
         *                                                                        <W> No matching gamma within 5 keV found in Adopted
 34S   L 4115      2  2+                                                        
         *                                                                        <W> level not placed in Adopted.
                                                                                        closest level in Adopted:
                                                                                        3304.212  13 2+                  XREF=UACDEGHIJLMNPRTVWYZabcdg
         *                                                                        <E> E(level) commented from Adopted but no such Adopted level
                     *                                                            <E> JPI commented from Adopted but no such Adopted level
 34S   G 1987         0.431  15 M1+E2    -0.40   5                              
         *                                                                        <E> E(gamma) commented from Adopted but no such Adopted gamma
                               *                                                  <E> Mult commented from Adopted but no such Adopted gamma
                                         *                                        <E> MR commented from Adopted but no such Adopted gamma
         *                                                                        <W> No matching gamma within 5 keV found in Adopted
 34S   G 4115.0    20 0.637  14 E2                                              
                               *                                                  <E> Mult commented from Adopted but no such Adopted gamma
         *                                                                        <W> No matching gamma within 5 keV found in Adopted
 34S   L 4688         4+                                                        
         *                                                                        <W> level not placed in Adopted.
                                                                                        closest level in Adopted:
                                                                                        3304.212  13 2+                  XREF=UACDEGHIJLMNPRTVWYZabcdg
         *                                                                        <E> E(level) commented from Adopted but no such Adopted level
                     *                                                            <E> JPI commented from Adopted but no such Adopted level
 34S   G 1384         0.021  LT                                                 
         *                                                                        <E> E(gamma) commented from Adopted but no such Adopted gamma
         *                                                                        <W> No matching gamma within 5 keV found in Adopted
 34S   G 2561         0.078  7  E2                                              
         *                                                                        <E> E(gamma) commented from Adopted but no such Adopted gamma
                               *                                                  <E> Mult commented from Adopted but no such Adopted gamma
         *                                                                        <W> No matching gamma within 5 keV found in Adopted
 34S   L 4877         3+                                                        
         *                                                                        <W> level not placed in Adopted.
                                                                                        closest level in Adopted:
                                                                                        3304.212  13 2+                  XREF=UACDEGHIJLMNPRTVWYZabcdg
         *                                                                        <E> E(level) commented from Adopted but no such Adopted level
                     *                                                            <E> JPI commented from Adopted but no such Adopted level
 34S   G 1573         0.037  12 M1+E2    -0.09   4                              
         *                                                                        <E> E(gamma) commented from Adopted but no such Adopted gamma
                               *                                                  <E> Mult commented from Adopted but no such Adopted gamma
                                         *                                        <E> MR commented from Adopted but no such Adopted gamma
         *                                                                        <W> No matching gamma within 5 keV found in Adopted
 34S   G 2749         0.052  7  M1+E2    -0.11   3                              
         *                                                                        <E> E(gamma) commented from Adopted but no such Adopted gamma
                               *                                                  <E> Mult commented from Adopted but no such Adopted gamma
                                         *                                        <E> MR commented from Adopted but no such Adopted gamma
         *                                                                        <W> No matching gamma within 5 keV found in Adopted
 34S   G 4877         0.00076LT                                                 
         *                                                                        <E> E(gamma) commented from Adopted but no such Adopted gamma
                               *                                                  <W> large deltaJ=3 ([M3]), but no Mult is given
                                                                                        JI=3+ JF(0)=0+
         *                                                                        <W> No matching gamma within 5 keV found in Adopted
 34S   L 4890         2+                                                        
         *                                                                        <W> level not placed in Adopted.
                                                                                        closest level in Adopted:
                                                                                        3304.212  13 2+                  XREF=UACDEGHIJLMNPRTVWYZabcdg
         *                                                                        <E> E(level) commented from Adopted but no such Adopted level
                     *                                                            <E> JPI commented from Adopted but no such Adopted level
 34S   G 1586         0.018  LT                                                 
         *                                                                        <E> E(gamma) commented from Adopted but no such Adopted gamma
         *                                                                        <W> No matching gamma within 5 keV found in Adopted
 34S   G 2762         0.011  LT                                                 
         *                                                                        <E> E(gamma) commented from Adopted but no such Adopted gamma
         *                                                                        <W> No matching gamma within 5 keV found in Adopted
 34S   G 4889         0.0015 LT E2                                              
         *                                                                        <E> E(gamma) commented from Adopted but no such Adopted gamma
                               *                                                  <E> Mult commented from Adopted but no such Adopted gamma
         *                                                                        <W> No matching gamma within 5 keV found in Adopted

################################################################################
In dataset of 34S: XD 3H(32S,PG)     XREF Tag=D

 34S   L 0.0                                                                    
                     *                                                            <W> JPI commented from Adopted but empty
                                                                                        Adopted JPI=0+ this JPI=
 34S   L 2127                          0.340 PS  21                             
         *                                                                        <E> E(level) commented from Adopted but inconsistent
                                                                                        Adopted E=2127.564 13 this E=2127
                     *                                                            <W> JPI commented from Adopted but empty
                                                                                        Adopted JPI=2+ this JPI=
 34S   G 2127.3                                                                 
         *                                                                        <E> E(gamma) commented from Adopted but inconsistent
                                                                                        Adopted E=2127.498 20 this E=2127.3
 34S   L 3303                          0.133 PS  9                              
         *                                                                        <E> E(level) commented from Adopted but inconsistent
                                                                                        Adopted E=3304.212 13 this E=3303
                     *                                                            <W> JPI commented from Adopted but empty
                                                                                        Adopted JPI=2+ this JPI=
 34S   G 1176.1                                                                 
         *                                                                        <E> E(gamma) commented from Adopted but inconsistent
                                                                                        Adopted E=1176.650 26 this E=1176.1

################################################################################
In dataset of 34S: XE 3H(35CL,AG)     XREF Tag=E

 34S   L 4622                                                                   
         *                                                                        <W> level not placed in Adopted.
                                                                                        closest level in Adopted:
                                                                                        3304.212  13 2+                  XREF=UACDEGHIJLMNPRTVWYZabcdg
 34S   G 1322                                                                   
         *                                                                        <W> No matching gamma within 5 keV found in Adopted
 34S   G 2495                                                                   
         *                                                                        <W> No matching gamma within 5 keV found in Adopted
 34S   L 4685                                                                   
         *                                                                        <W> level not placed in Adopted.
                                                                                        closest level in Adopted:
                                                                                        3304.212  13 2+                  XREF=UACDEGHIJLMNPRTVWYZabcdg
 34S   G 2559                                                                   
         *                                                                        <W> No matching gamma within 5 keV found in Adopted
 34S   L 5688                          38 PS     5                              
         *                                                                        <W> level not placed in Adopted.
                                                                                        closest level in Adopted:
                                                                                        3304.212  13 2+                  XREF=UACDEGHIJLMNPRTVWYZabcdg
 34S   G 1002                                                                   
         *                                                                        <W> No matching gamma within 5 keV found in Adopted
 34S   G 1066                                                                   
         *                                                                        <W> No matching gamma within 5 keV found in Adopted

################################################################################
In dataset of 34S: XF 4HE(30SI,A):RESONANCES     XREF Tag=F

 34S   L 12030                         50 KEV    LT    0                        
         *                                                                        <W> level not placed in Adopted.
                                                                                        closest level in Adopted:
                                                                                        3304.212  13 2+                  XREF=UACDEGHIJLMNPRTVWYZabcdg
 34S   L 12100                         50 KEV    LT    2                        
         *                                                                        <W> level not placed in Adopted.
                                                                                        closest level in Adopted:
                                                                                        3304.212  13 2+                  XREF=UACDEGHIJLMNPRTVWYZabcdg
 34S   L 12150                         50 KEV    LT    0                        
         *                                                                        <W> level not placed in Adopted.
                                                                                        closest level in Adopted:
                                                                                        3304.212  13 2+                  XREF=UACDEGHIJLMNPRTVWYZabcdg
 34S   L 12210                         50 KEV    LT    2                        
         *                                                                        <W> level not placed in Adopted.
                                                                                        closest level in Adopted:
                                                                                        3304.212  13 2+                  XREF=UACDEGHIJLMNPRTVWYZabcdg
 34S   L 12350                         20 KEV    LT    2                        
         *                                                                        <W> level not placed in Adopted.
                                                                                        closest level in Adopted:
                                                                                        3304.212  13 2+                  XREF=UACDEGHIJLMNPRTVWYZabcdg
 34S   L 12440                         30 KEV    LT    0                        
         *                                                                        <W> level not placed in Adopted.
                                                                                        closest level in Adopted:
                                                                                        3304.212  13 2+                  XREF=UACDEGHIJLMNPRTVWYZabcdg
 34S   L 12540                         30 KEV    LT    0                        
         *                                                                        <W> level not placed in Adopted.
                                                                                        closest level in Adopted:
                                                                                        3304.212  13 2+                  XREF=UACDEGHIJLMNPRTVWYZabcdg
 34S   L 12650                         50 KEV    LT    0                        
         *                                                                        <W> level not placed in Adopted.
                                                                                        closest level in Adopted:
                                                                                        3304.212  13 2+                  XREF=UACDEGHIJLMNPRTVWYZabcdg
 34S   L 12760                         50 KEV    LT    1                        
         *                                                                        <W> level not placed in Adopted.
                                                                                        closest level in Adopted:
                                                                                        3304.212  13 2+                  XREF=UACDEGHIJLMNPRTVWYZabcdg
 34S   L 12970                         50 KEV    LT    2                        
         *                                                                        <W> level not placed in Adopted.
                                                                                        closest level in Adopted:
                                                                                        3304.212  13 2+                  XREF=UACDEGHIJLMNPRTVWYZabcdg
 34S   L 13340                         50 KEV    LT    2                        
         *                                                                        <W> level not placed in Adopted.
                                                                                        closest level in Adopted:
                                                                                        3304.212  13 2+                  XREF=UACDEGHIJLMNPRTVWYZabcdg
 34S   L 13460                         40 KEV    LT    2                        
         *                                                                        <W> level not placed in Adopted.
                                                                                        closest level in Adopted:
                                                                                        3304.212  13 2+                  XREF=UACDEGHIJLMNPRTVWYZabcdg
 34S   L 13610                         50 KEV    LT    2                        
         *                                                                        <W> level not placed in Adopted.
                                                                                        closest level in Adopted:
                                                                                        3304.212  13 2+                  XREF=UACDEGHIJLMNPRTVWYZabcdg
 34S   L 13710                         50 KEV    LT    2                        
         *                                                                        <W> level not placed in Adopted.
                                                                                        closest level in Adopted:
                                                                                        3304.212  13 2+                  XREF=UACDEGHIJLMNPRTVWYZabcdg
 34S   L 13790                         40 KEV    LT    2                        
         *                                                                        <W> level not placed in Adopted.
                                                                                        closest level in Adopted:
                                                                                        3304.212  13 2+                  XREF=UACDEGHIJLMNPRTVWYZabcdg
 34S   L 13920                         50 KEV    LT    3                        
         *                                                                        <W> level not placed in Adopted.
                                                                                        closest level in Adopted:
                                                                                        3304.212  13 2+                  XREF=UACDEGHIJLMNPRTVWYZabcdg
 34S   L 14070                         50 KEV    LT    2                        
         *                                                                        <W> level not placed in Adopted.
                                                                                        closest level in Adopted:
                                                                                        3304.212  13 2+                  XREF=UACDEGHIJLMNPRTVWYZabcdg
 34S   L 14160                         50 KEV    LT    3                        
         *                                                                        <W> level not placed in Adopted.
                                                                                        closest level in Adopted:
                                                                                        3304.212  13 2+                  XREF=UACDEGHIJLMNPRTVWYZabcdg
 34S   L 14270                         100 KEV   LT    3                        
         *                                                                        <W> level not placed in Adopted.
                                                                                        closest level in Adopted:
                                                                                        3304.212  13 2+                  XREF=UACDEGHIJLMNPRTVWYZabcdg
 34S   L 14370                         50 KEV    LT    3                        
         *                                                                        <W> level not placed in Adopted.
                                                                                        closest level in Adopted:
                                                                                        3304.212  13 2+                  XREF=UACDEGHIJLMNPRTVWYZabcdg
 34S   L 14430                         50 KEV    LT    2                        
         *                                                                        <W> level not placed in Adopted.
                                                                                        closest level in Adopted:
                                                                                        3304.212  13 2+                  XREF=UACDEGHIJLMNPRTVWYZabcdg
 34S   L 14520                         50 KEV    LT    3                        
         *                                                                        <W> level not placed in Adopted.
                                                                                        closest level in Adopted:
                                                                                        3304.212  13 2+                  XREF=UACDEGHIJLMNPRTVWYZabcdg
 34S   L 14600                         50 KEV    LT    3                        
         *                                                                        <W> level not placed in Adopted.
                                                                                        closest level in Adopted:
                                                                                        3304.212  13 2+                  XREF=UACDEGHIJLMNPRTVWYZabcdg
 34S   L 14730                         100 KEV   LT    3                        
         *                                                                        <W> level not placed in Adopted.
                                                                                        closest level in Adopted:
                                                                                        3304.212  13 2+                  XREF=UACDEGHIJLMNPRTVWYZabcdg
 34S   L 14840                         50 KEV    LT    3                        
         *                                                                        <W> level not placed in Adopted.
                                                                                        closest level in Adopted:
                                                                                        3304.212  13 2+                  XREF=UACDEGHIJLMNPRTVWYZabcdg
 34S   L 14930                         100 KEV   LT    3                        
         *                                                                        <W> level not placed in Adopted.
                                                                                        closest level in Adopted:
                                                                                        3304.212  13 2+                  XREF=UACDEGHIJLMNPRTVWYZabcdg
 34S   L 15020                         100 KEV   LT    3                        
         *                                                                        <W> level not placed in Adopted.
                                                                                        closest level in Adopted:
                                                                                        3304.212  13 2+                  XREF=UACDEGHIJLMNPRTVWYZabcdg
 34S   L 15120                         50 KEV    LT    3                        
         *                                                                        <W> level not placed in Adopted.
                                                                                        closest level in Adopted:
                                                                                        3304.212  13 2+                  XREF=UACDEGHIJLMNPRTVWYZabcdg
 34S   L 15170                         50 KEV    LT    3                        
         *                                                                        <W> level not placed in Adopted.
                                                                                        closest level in Adopted:
                                                                                        3304.212  13 2+                  XREF=UACDEGHIJLMNPRTVWYZabcdg
 34S   L 15220                         50 KEV    LT    3                        
         *                                                                        <W> level not placed in Adopted.
                                                                                        closest level in Adopted:
                                                                                        3304.212  13 2+                  XREF=UACDEGHIJLMNPRTVWYZabcdg
 34S   L 15300                         100 KEV   LT    4                        
         *                                                                        <W> level not placed in Adopted.
                                                                                        closest level in Adopted:
                                                                                        3304.212  13 2+                  XREF=UACDEGHIJLMNPRTVWYZabcdg
 34S   L 15540                         100 KEV   LT    4                        
         *                                                                        <W> level not placed in Adopted.
                                                                                        closest level in Adopted:
                                                                                        3304.212  13 2+                  XREF=UACDEGHIJLMNPRTVWYZabcdg
 34S   L 15640                         50 KEV    LT    4                        
         *                                                                        <W> level not placed in Adopted.
                                                                                        closest level in Adopted:
                                                                                        3304.212  13 2+                  XREF=UACDEGHIJLMNPRTVWYZabcdg
 34S   L 15700                         50 KEV    LT    4                        
         *                                                                        <W> level not placed in Adopted.
                                                                                        closest level in Adopted:
                                                                                        3304.212  13 2+                  XREF=UACDEGHIJLMNPRTVWYZabcdg
 34S   L 15770                         50 KEV    LT    4                        
         *                                                                        <W> level not placed in Adopted.
                                                                                        closest level in Adopted:
                                                                                        3304.212  13 2+                  XREF=UACDEGHIJLMNPRTVWYZabcdg
 34S   L 15850                         50 KEV    LT    4                        
         *                                                                        <W> level not placed in Adopted.
                                                                                        closest level in Adopted:
                                                                                        3304.212  13 2+                  XREF=UACDEGHIJLMNPRTVWYZabcdg
 34S   L 15950                         50 KEV    LT    4                        
         *                                                                        <W> level not placed in Adopted.
                                                                                        closest level in Adopted:
                                                                                        3304.212  13 2+                  XREF=UACDEGHIJLMNPRTVWYZabcdg
 34S   L 16060                         50 KEV    LT    4                        
         *                                                                        <W> level not placed in Adopted.
                                                                                        closest level in Adopted:
                                                                                        3304.212  13 2+                  XREF=UACDEGHIJLMNPRTVWYZabcdg
 34S   L 16190                         100 KEV   LT    4                        
         *                                                                        <W> level not placed in Adopted.
                                                                                        closest level in Adopted:
                                                                                        3304.212  13 2+                  XREF=UACDEGHIJLMNPRTVWYZabcdg
 34S   L 16340                         50 KEV    LT    4                        
         *                                                                        <W> level not placed in Adopted.
                                                                                        closest level in Adopted:
                                                                                        3304.212  13 2+                  XREF=UACDEGHIJLMNPRTVWYZabcdg
 34S   L 16440                         50 KEV    LT    4                        
         *                                                                        <W> level not placed in Adopted.
                                                                                        closest level in Adopted:
                                                                                        3304.212  13 2+                  XREF=UACDEGHIJLMNPRTVWYZabcdg
 34S   L 16550                         50 KEV    LT    4                        
         *                                                                        <W> level not placed in Adopted.
                                                                                        closest level in Adopted:
                                                                                        3304.212  13 2+                  XREF=UACDEGHIJLMNPRTVWYZabcdg
 34S   L 16600                         50 KEV    LT    4                        
         *                                                                        <W> level not placed in Adopted.
                                                                                        closest level in Adopted:
                                                                                        3304.212  13 2+                  XREF=UACDEGHIJLMNPRTVWYZabcdg
 34S   L 16650                         70 KEV    LT    4                        
         *                                                                        <W> level not placed in Adopted.
                                                                                        closest level in Adopted:
                                                                                        3304.212  13 2+                  XREF=UACDEGHIJLMNPRTVWYZabcdg
 34S   L 16730                         70 KEV    LT    4                        
         *                                                                        <W> level not placed in Adopted.
                                                                                        closest level in Adopted:
                                                                                        3304.212  13 2+                  XREF=UACDEGHIJLMNPRTVWYZabcdg
 34S   L 16820                         50 KEV    LT    4                        
         *                                                                        <W> level not placed in Adopted.
                                                                                        closest level in Adopted:
                                                                                        3304.212  13 2+                  XREF=UACDEGHIJLMNPRTVWYZabcdg
 34S   L 16880                         50 KEV    LT    4                        
         *                                                                        <W> level not placed in Adopted.
                                                                                        closest level in Adopted:
                                                                                        3304.212  13 2+                  XREF=UACDEGHIJLMNPRTVWYZabcdg
 34S   L 16940                         50 KEV    LT    4                        
         *                                                                        <W> level not placed in Adopted.
                                                                                        closest level in Adopted:
                                                                                        3304.212  13 2+                  XREF=UACDEGHIJLMNPRTVWYZabcdg
 34S   L 17010                         50 KEV    LT    4                        
         *                                                                        <W> level not placed in Adopted.
                                                                                        closest level in Adopted:
                                                                                        3304.212  13 2+                  XREF=UACDEGHIJLMNPRTVWYZabcdg
 34S   L 17110                         50 KEV    LT    4                        
         *                                                                        <W> level not placed in Adopted.
                                                                                        closest level in Adopted:
                                                                                        3304.212  13 2+                  XREF=UACDEGHIJLMNPRTVWYZabcdg
 34S   L 17180                         50 KEV    LT    4                        
         *                                                                        <W> level not placed in Adopted.
                                                                                        closest level in Adopted:
                                                                                        3304.212  13 2+                  XREF=UACDEGHIJLMNPRTVWYZabcdg
 34S   L 17250                         50 KEV    LT    4                        
         *                                                                        <W> level not placed in Adopted.
                                                                                        closest level in Adopted:
                                                                                        3304.212  13 2+                  XREF=UACDEGHIJLMNPRTVWYZabcdg
 34S   L 17330                         50 KEV    LT    4                        
         *                                                                        <W> level not placed in Adopted.
                                                                                        closest level in Adopted:
                                                                                        3304.212  13 2+                  XREF=UACDEGHIJLMNPRTVWYZabcdg
 34S   L 17460                         50 KEV    LT    4                        
         *                                                                        <W> level not placed in Adopted.
                                                                                        closest level in Adopted:
                                                                                        3304.212  13 2+                  XREF=UACDEGHIJLMNPRTVWYZabcdg
 34S   L 17520                         50 KEV    LT    4                        
         *                                                                        <W> level not placed in Adopted.
                                                                                        closest level in Adopted:
                                                                                        3304.212  13 2+                  XREF=UACDEGHIJLMNPRTVWYZabcdg
 34S   L 17590                         50 KEV    LT    4                        
         *                                                                        <W> level not placed in Adopted.
                                                                                        closest level in Adopted:
                                                                                        3304.212  13 2+                  XREF=UACDEGHIJLMNPRTVWYZabcdg
 34S   L 17620                         50 KEV    LT    5                        
         *                                                                        <W> level not placed in Adopted.
                                                                                        closest level in Adopted:
                                                                                        3304.212  13 2+                  XREF=UACDEGHIJLMNPRTVWYZabcdg
 34S   L 17660                         50 KEV    LT    4                        
         *                                                                        <W> level not placed in Adopted.
                                                                                        closest level in Adopted:
                                                                                        3304.212  13 2+                  XREF=UACDEGHIJLMNPRTVWYZabcdg
 34S   L 17690                         50 KEV    LT    5                        
         *                                                                        <W> level not placed in Adopted.
                                                                                        closest level in Adopted:
                                                                                        3304.212  13 2+                  XREF=UACDEGHIJLMNPRTVWYZabcdg
 34S   L 17740                         50 KEV    LT    4                        
         *                                                                        <W> level not placed in Adopted.
                                                                                        closest level in Adopted:
                                                                                        3304.212  13 2+                  XREF=UACDEGHIJLMNPRTVWYZabcdg
 34S   L 17790                         50 KEV    LT    5                        
         *                                                                        <W> level not placed in Adopted.
                                                                                        closest level in Adopted:
                                                                                        3304.212  13 2+                  XREF=UACDEGHIJLMNPRTVWYZabcdg
 34S   L 17840                         50 KEV    LT    6                        
         *                                                                        <W> level not placed in Adopted.
                                                                                        closest level in Adopted:
                                                                                        3304.212  13 2+                  XREF=UACDEGHIJLMNPRTVWYZabcdg
 34S   L 17860                         50 KEV    LT    5                        
         *                                                                        <W> level not placed in Adopted.
                                                                                        closest level in Adopted:
                                                                                        3304.212  13 2+                  XREF=UACDEGHIJLMNPRTVWYZabcdg
 34S   L 17900                         50 KEV    LT    6                        
         *                                                                        <W> level not placed in Adopted.
                                                                                        closest level in Adopted:
                                                                                        3304.212  13 2+                  XREF=UACDEGHIJLMNPRTVWYZabcdg
 34S   L 18030                         50 KEV    LT    6                        
         *                                                                        <W> level not placed in Adopted.
                                                                                        closest level in Adopted:
                                                                                        3304.212  13 2+                  XREF=UACDEGHIJLMNPRTVWYZabcdg
 34S   L 18110                         40 KEV    LT    6                        
         *                                                                        <W> level not placed in Adopted.
                                                                                        closest level in Adopted:
                                                                                        3304.212  13 2+                  XREF=UACDEGHIJLMNPRTVWYZabcdg
 34S   L 18210                         40 KEV    LT    6                        
         *                                                                        <W> level not placed in Adopted.
                                                                                        closest level in Adopted:
                                                                                        3304.212  13 2+                  XREF=UACDEGHIJLMNPRTVWYZabcdg
 34S   L 18300                         50 KEV    LT    6                        
         *                                                                        <W> level not placed in Adopted.
                                                                                        closest level in Adopted:
                                                                                        3304.212  13 2+                  XREF=UACDEGHIJLMNPRTVWYZabcdg
 34S   L 18350                         50 KEV    LT    6                        
         *                                                                        <W> level not placed in Adopted.
                                                                                        closest level in Adopted:
                                                                                        3304.212  13 2+                  XREF=UACDEGHIJLMNPRTVWYZabcdg
 34S   L 18430                         50 KEV    LT    6                        
         *                                                                        <W> level not placed in Adopted.
                                                                                        closest level in Adopted:
                                                                                        3304.212  13 2+                  XREF=UACDEGHIJLMNPRTVWYZabcdg
 34S   L 18540                         50 KEV    LT    6                        
         *                                                                        <W> level not placed in Adopted.
                                                                                        closest level in Adopted:
                                                                                        3304.212  13 2+                  XREF=UACDEGHIJLMNPRTVWYZabcdg
 34S   L 18600                         50 KEV    LT    6                        
         *                                                                        <W> level not placed in Adopted.
                                                                                        closest level in Adopted:
                                                                                        3304.212  13 2+                  XREF=UACDEGHIJLMNPRTVWYZabcdg
 34S   L 18670                         50 KEV    LT    6                        
         *                                                                        <W> level not placed in Adopted.
                                                                                        closest level in Adopted:
                                                                                        3304.212  13 2+                  XREF=UACDEGHIJLMNPRTVWYZabcdg
 34S   L 18730                         50 KEV    LT    6                        
         *                                                                        <W> level not placed in Adopted.
                                                                                        closest level in Adopted:
                                                                                        3304.212  13 2+                  XREF=UACDEGHIJLMNPRTVWYZabcdg
 34S   L 18860                         50 KEV    LT    6                        
         *                                                                        <W> level not placed in Adopted.
                                                                                        closest level in Adopted:
                                                                                        3304.212  13 2+                  XREF=UACDEGHIJLMNPRTVWYZabcdg
 34S   L 19080                         150 KEV   LT    6                        
         *                                                                        <W> level not placed in Adopted.
                                                                                        closest level in Adopted:
                                                                                        3304.212  13 2+                  XREF=UACDEGHIJLMNPRTVWYZabcdg
 34S   L 19200                         50 KEV    LT    6                        
         *                                                                        <W> level not placed in Adopted.
                                                                                        closest level in Adopted:
                                                                                        3304.212  13 2+                  XREF=UACDEGHIJLMNPRTVWYZabcdg
 34S   L 19280                         70 KEV    LT    6                        
         *                                                                        <W> level not placed in Adopted.
                                                                                        closest level in Adopted:
                                                                                        3304.212  13 2+                  XREF=UACDEGHIJLMNPRTVWYZabcdg
 34S   L 19370                         80 KEV    LT    6                        
         *                                                                        <W> level not placed in Adopted.
                                                                                        closest level in Adopted:
                                                                                        3304.212  13 2+                  XREF=UACDEGHIJLMNPRTVWYZabcdg
 34S   L 19550                         50 KEV    LT    6                        
         *                                                                        <W> level not placed in Adopted.
                                                                                        closest level in Adopted:
                                                                                        3304.212  13 2+                  XREF=UACDEGHIJLMNPRTVWYZabcdg
 34S   L 19650                         50 KEV    LT    6                        
         *                                                                        <W> level not placed in Adopted.
                                                                                        closest level in Adopted:
                                                                                        3304.212  13 2+                  XREF=UACDEGHIJLMNPRTVWYZabcdg
 34S   L 19720                         50 KEV    LT    6                        
         *                                                                        <W> level not placed in Adopted.
                                                                                        closest level in Adopted:
                                                                                        3304.212  13 2+                  XREF=UACDEGHIJLMNPRTVWYZabcdg
 34S   L 19820                         50 KEV    LT    6                        
         *                                                                        <W> level not placed in Adopted.
                                                                                        closest level in Adopted:
                                                                                        3304.212  13 2+                  XREF=UACDEGHIJLMNPRTVWYZabcdg
 34S   L 19900                         50 KEV    LT    6                        
         *                                                                        <W> level not placed in Adopted.
                                                                                        closest level in Adopted:
                                                                                        3304.212  13 2+                  XREF=UACDEGHIJLMNPRTVWYZabcdg
 34S   L 20080                         50 KEV    LT    6                        
         *                                                                        <W> level not placed in Adopted.
                                                                                        closest level in Adopted:
                                                                                        3304.212  13 2+                  XREF=UACDEGHIJLMNPRTVWYZabcdg
 34S   L 20170                         50 KEV    LT    6                        
         *                                                                        <W> level not placed in Adopted.
                                                                                        closest level in Adopted:
                                                                                        3304.212  13 2+                  XREF=UACDEGHIJLMNPRTVWYZabcdg
 34S   L 20300                         50 KEV    LT    6                        
         *                                                                        <W> level not placed in Adopted.
                                                                                        closest level in Adopted:
                                                                                        3304.212  13 2+                  XREF=UACDEGHIJLMNPRTVWYZabcdg
 34S   L 20390                         150 KEV   LT    6                        
         *                                                                        <W> level not placed in Adopted.
                                                                                        closest level in Adopted:
                                                                                        3304.212  13 2+                  XREF=UACDEGHIJLMNPRTVWYZabcdg
 34S   L 20520                         70 KEV    LT    6                        
         *                                                                        <W> level not placed in Adopted.
                                                                                        closest level in Adopted:
                                                                                        3304.212  13 2+                  XREF=UACDEGHIJLMNPRTVWYZabcdg
 34S   L 20680                         50 KEV    LT    6                        
         *                                                                        <W> level not placed in Adopted.
                                                                                        closest level in Adopted:
                                                                                        3304.212  13 2+                  XREF=UACDEGHIJLMNPRTVWYZabcdg
 34S   L 20770                         50 KEV    LT    6                        
         *                                                                        <W> level not placed in Adopted.
                                                                                        closest level in Adopted:
                                                                                        3304.212  13 2+                  XREF=UACDEGHIJLMNPRTVWYZabcdg
 34S   L 20840                         50 KEV    LT    6                        
         *                                                                        <W> level not placed in Adopted.
                                                                                        closest level in Adopted:
                                                                                        3304.212  13 2+                  XREF=UACDEGHIJLMNPRTVWYZabcdg
 34S   L 21000                         80 KEV    LT    6                        
         *                                                                        <W> level not placed in Adopted.
                                                                                        closest level in Adopted:
                                                                                        3304.212  13 2+                  XREF=UACDEGHIJLMNPRTVWYZabcdg
 34S   L 21140                         50 KEV    LT    6                        
         *                                                                        <W> level not placed in Adopted.
                                                                                        closest level in Adopted:
                                                                                        3304.212  13 2+                  XREF=UACDEGHIJLMNPRTVWYZabcdg
 34S   L 21250                         50 KEV    LT    6                        
         *                                                                        <W> level not placed in Adopted.
                                                                                        closest level in Adopted:
                                                                                        3304.212  13 2+                  XREF=UACDEGHIJLMNPRTVWYZabcdg
 34S   L 21340                         40 KEV    LT    6                        
         *                                                                        <W> level not placed in Adopted.
                                                                                        closest level in Adopted:
                                                                                        3304.212  13 2+                  XREF=UACDEGHIJLMNPRTVWYZabcdg
 34S   L 21460                         50 KEV    LT    6                        
         *                                                                        <W> level not placed in Adopted.
                                                                                        closest level in Adopted:
                                                                                        3304.212  13 2+                  XREF=UACDEGHIJLMNPRTVWYZabcdg
 34S   L 21570                         50 KEV    LT    6                        
         *                                                                        <W> level not placed in Adopted.
                                                                                        closest level in Adopted:
                                                                                        3304.212  13 2+                  XREF=UACDEGHIJLMNPRTVWYZabcdg
 34S   L 21700                         50 KEV    LT    6                        
         *                                                                        <W> level not placed in Adopted.
                                                                                        closest level in Adopted:
                                                                                        3304.212  13 2+                  XREF=UACDEGHIJLMNPRTVWYZabcdg
 34S   L 21840                         80 KEV    LT    6                        
         *                                                                        <W> level not placed in Adopted.
                                                                                        closest level in Adopted:
                                                                                        3304.212  13 2+                  XREF=UACDEGHIJLMNPRTVWYZabcdg
 34S   L 22040                         50 KEV    LT    6                        
         *                                                                        <W> level not placed in Adopted.
                                                                                        closest level in Adopted:
                                                                                        3304.212  13 2+                  XREF=UACDEGHIJLMNPRTVWYZabcdg
 34S   L 22230                         80 KEV    LT    6                        
         *                                                                        <W> level not placed in Adopted.
                                                                                        closest level in Adopted:
                                                                                        3304.212  13 2+                  XREF=UACDEGHIJLMNPRTVWYZabcdg
 34S   L 22340                         50 KEV    LT    6                        
         *                                                                        <W> level not placed in Adopted.
                                                                                        closest level in Adopted:
                                                                                        3304.212  13 2+                  XREF=UACDEGHIJLMNPRTVWYZabcdg
 34S   L 22440                         40 KEV    LT    6                        
         *                                                                        <W> level not placed in Adopted.
                                                                                        closest level in Adopted:
                                                                                        3304.212  13 2+                  XREF=UACDEGHIJLMNPRTVWYZabcdg
 34S   L 22600                         100 KEV   LT    6                        
         *                                                                        <W> level not placed in Adopted.
                                                                                        closest level in Adopted:
                                                                                        3304.212  13 2+                  XREF=UACDEGHIJLMNPRTVWYZabcdg
 34S   L 22720                         50 KEV    LT    6                        
         *                                                                        <W> level not placed in Adopted.
                                                                                        closest level in Adopted:
                                                                                        3304.212  13 2+                  XREF=UACDEGHIJLMNPRTVWYZabcdg
 34S   L 22890                         40 KEV    LT    6                        
         *                                                                        <W> level not placed in Adopted.
                                                                                        closest level in Adopted:
                                                                                        3304.212  13 2+                  XREF=UACDEGHIJLMNPRTVWYZabcdg
 34S   L 22990                         40 KEV    LT    6                        
         *                                                                        <W> level not placed in Adopted.
                                                                                        closest level in Adopted:
                                                                                        3304.212  13 2+                  XREF=UACDEGHIJLMNPRTVWYZabcdg
 34S   L 23170                         50 KEV    LT    6                        
         *                                                                        <W> level not placed in Adopted.
                                                                                        closest level in Adopted:
                                                                                        3304.212  13 2+                  XREF=UACDEGHIJLMNPRTVWYZabcdg
 34S   L 23320                         30 KEV    LT    6                        
         *                                                                        <W> level not placed in Adopted.
                                                                                        closest level in Adopted:
                                                                                        3304.212  13 2+                  XREF=UACDEGHIJLMNPRTVWYZabcdg
 34S   L 23500                         100 KEV   LT    6                        
         *                                                                        <W> level not placed in Adopted.
                                                                                        closest level in Adopted:
                                                                                        3304.212  13 2+                  XREF=UACDEGHIJLMNPRTVWYZabcdg

################################################################################
In dataset of 34S: XG 12C(24MG,34SG)     XREF Tag=G

 34S   L 3916         0+                                                        
         *                                                                        <W> level not placed in Adopted.
                                                                                        closest level in Adopted:
                                                                                        3304.212  13 2+                  XREF=UACDEGHIJLMNPRTVWYZabcdg
 34S   G 1788                                                                   
         *                                                                        <W> No matching gamma within 5 keV found in Adopted
 34S   L 4075         1+                                                        
         *                                                                        <W> level not placed in Adopted.
                                                                                        closest level in Adopted:
                                                                                        3304.212  13 2+                  XREF=UACDEGHIJLMNPRTVWYZabcdg
 34S   G 771                                                                    
         *                                                                        <W> No matching gamma within 5 keV found in Adopted
 34S   G 4075                                                                   
         *                                                                        <W> No matching gamma within 5 keV found in Adopted
 34S   L 4115         2+                                                        
         *                                                                        <W> level not placed in Adopted.
                                                                                        closest level in Adopted:
                                                                                        3304.212  13 2+                  XREF=UACDEGHIJLMNPRTVWYZabcdg
 34S   G 4115                                                                   
         *                                                                        <W> No matching gamma within 5 keV found in Adopted
 34S   L 4625         3-                                                        
         *                                                                        <W> level not placed in Adopted.
                                                                                        closest level in Adopted:
                                                                                        3304.212  13 2+                  XREF=UACDEGHIJLMNPRTVWYZabcdg
 34S   G 1320                   D                                               
         *                                                                        <W> No matching gamma within 5 keV found in Adopted
 34S   G 2497                                                                   
         *                                                                        <W> No matching gamma within 5 keV found in Adopted
 34S   L 4689         4+                                                        
         *                                                                        <W> level not placed in Adopted.
                                                                                        closest level in Adopted:
                                                                                        3304.212  13 2+                  XREF=UACDEGHIJLMNPRTVWYZabcdg
 34S   G 2561                   Q                                               
         *                                                                        <W> No matching gamma within 5 keV found in Adopted
 34S   L 4877         3+                                                        
         *                                                                        <W> level not placed in Adopted.
                                                                                        closest level in Adopted:
                                                                                        3304.212  13 2+                  XREF=UACDEGHIJLMNPRTVWYZabcdg
 34S   G 1573                                                                   
         *                                                                        <W> No matching gamma within 5 keV found in Adopted
 34S   G 2749                                                                   
         *                                                                        <W> No matching gamma within 5 keV found in Adopted
 34S   L 4890         2+                                                        
         *                                                                        <W> level not placed in Adopted.
                                                                                        closest level in Adopted:
                                                                                        3304.212  13 2+                  XREF=UACDEGHIJLMNPRTVWYZabcdg
 34S   G 1586                                                                   
         *                                                                        <W> No matching gamma within 5 keV found in Adopted
 34S   G 2762                                                                   
         *                                                                        <W> No matching gamma within 5 keV found in Adopted
 34S   G 4890                                                                   
         *                                                                        <W> No matching gamma within 5 keV found in Adopted
 34S   L 5228         0+                                                        
         *                                                                        <W> level not placed in Adopted.
                                                                                        closest level in Adopted:
                                                                                        3304.212  13 2+                  XREF=UACDEGHIJLMNPRTVWYZabcdg
 34S   G 1153                                                                   
         *                                                                        <W> No matching gamma within 5 keV found in Adopted
 34S   L 5323         2-                                                        
         *                                                                        <W> level not placed in Adopted.
                                                                                        closest level in Adopted:
                                                                                        3304.212  13 2+                  XREF=UACDEGHIJLMNPRTVWYZabcdg
 34S   G 3195                                                                   
         *                                                                        <W> No matching gamma within 5 keV found in Adopted
 34S   L 5381         1+                                                        
         *                                                                        <W> level not placed in Adopted.
                                                                                        closest level in Adopted:
                                                                                        3304.212  13 2+                  XREF=UACDEGHIJLMNPRTVWYZabcdg
 34S   G 2077                                                                   
         *                                                                        <W> No matching gamma within 5 keV found in Adopted

################################################################################
In dataset of 34S: XH 24MG(16O,A2PG)     XREF Tag=H

 34S  cL SEQ(B)$Sequence based on 3-, 5679.5 level.                             
                                       *                                          <E> E(level) of seq. head quoted in seq. comment is inconsistent:
                                                                                         EL=5679.5 in seq. comment    EL=5679.6 in level
 34S   L 4624.6    6  3-                                                    C   
         *                                                                        <W> level not placed in Adopted or discrepant.
                                                                                        closest level in Adopted:
                                                                                        3304.212  13 2+                  XREF=UACDEGHIJLMNPRTVWYZabcdg
 34S   G 1320.1    5  27     3  D                                               
         *                                                                        <W> No matching gamma within 5 keV found in Adopted
 34S   G 2496.5    8  12.3   12 D                                               
         *                                                                        <W> No matching gamma within 5 keV found in Adopted
 34S   L 4689.2    6  4+                                                    A   
         *                                                                        <W> level not placed in Adopted or discrepant.
                                                                                        closest level in Adopted:
                                                                                        3304.212  13 2+                  XREF=UACDEGHIJLMNPRTVWYZabcdg
 34S   G 1384.5    14 0.3    2                                                  
         *                                                                        <W> No matching gamma within 5 keV found in Adopted
 34S   G 2561.1    6  68     7  Q                                               
         *                                                                        <W> No matching gamma within 5 keV found in Adopted
 34S   L 4877.0    6  3+                                                        
         *                                                                        <W> level not placed in Adopted or discrepant.
                                                                                        closest level in Adopted:
                                                                                        3304.212  13 2+                  XREF=UACDEGHIJLMNPRTVWYZabcdg
 34S   G 1572.5    5  3.2    7                                                  
         *                                                                        <W> No matching gamma within 5 keV found in Adopted
 34S   G 2749.6    6  3.6    8                                                  
         *                                                                        <W> No matching gamma within 5 keV found in Adopted
 34S   L 5679.6    6  3-                                                    B   
         *                                                                        <W> level not placed in Adopted or discrepant.
                                                                                        closest level in Adopted:
                                                                                        3304.212  13 2+                  XREF=UACDEGHIJLMNPRTVWYZabcdg
 34S   G 1055.4    8  0.2    1                                                  
         *                                                                        <W> No matching gamma within 5 keV found in Adopted
 34S   G 2375.4    7  0.4    2                                                  
         *                                                                        <W> No matching gamma within 5 keV found in Adopted
 34S   G 3551.2    6  0.6    3                                                  
         *                                                                        <W> No matching gamma within 5 keV found in Adopted
 34S   L 5690.8    6  5-                                                    C   
         *                                                                        <W> level not placed in Adopted or discrepant.
                                                                                        closest level in Adopted:
                                                                                        3304.212  13 2+                  XREF=UACDEGHIJLMNPRTVWYZabcdg
 34S   G 1001.6    5  42     4  D                                               
         *                                                                        <W> No matching gamma within 5 keV found in Adopted
 34S   G 1066.2    5  35     4  Q                                               
         *                                                                        <W> No matching gamma within 5 keV found in Adopted
 34S   G 3562.7    6  1.2    5                                                  
                               *                                                  <W> large deltaJ=3 ([E3]), but no Mult is given
                                                                                        JI=5- JF(2127.7)=2+
         *                                                                        <W> No matching gamma within 5 keV found in Adopted
 34S   L 6251.6    5  4-                                                    B   
         *                                                                        <W> level not placed in Adopted or discrepant.
                                                                                        closest level in Adopted:
                                                                                        3304.212  13 2+                  XREF=UACDEGHIJLMNPRTVWYZabcdg
 34S   G 572.0     1  0.8    4  D                                               
         *                                                                        <W> No matching gamma within 5 keV found in Adopted
 34S   G 1375.0    5  2.8    6                                                  
         *                                                                        <W> No matching gamma within 5 keV found in Adopted
 34S   G 1562.5    5  2.9    6                                                  
         *                                                                        <W> No matching gamma within 5 keV found in Adopted
 34S   G 1626.7    5  1.3    3                                                  
         *                                                                        <W> No matching gamma within 5 keV found in Adopted
 34S   L 7790.8    6  6-               132 FS    35                         B   
         *                                                                        <W> level not placed in Adopted or discrepant.
                                                                                        closest level in Adopted:
                                                                                        3304.212  13 2+                  XREF=UACDEGHIJLMNPRTVWYZabcdg
 34S   G 1539.6    5  5.0    10 Q                                               
         *                                                                        <W> No matching gamma within 5 keV found in Adopted
 34S   G 2099.6    8  27     3  D+Q      -1.8    1                              
         *                                                                        <W> No matching gamma within 5 keV found in Adopted
 34S   L 8371.1    6  7-               85 FS     28                         C   
         *                                                                        <W> level not placed in Adopted or discrepant.
                                                                                        closest level in Adopted:
                                                                                        3304.212  13 2+                  XREF=UACDEGHIJLMNPRTVWYZabcdg
 34S   G 580.3     6  0.6    3  D                                               
         *                                                                        <W> No matching gamma within 5 keV found in Adopted
 34S   G 2680.5    6  30     3  Q                                               
         *                                                                        <W> No matching gamma within 5 keV found in Adopted
 34S   L 8503.8    7  6+                                                    A   
         *                                                                        <W> level not placed in Adopted or discrepant.
                                                                                        closest level in Adopted:
                                                                                        3304.212  13 2+                  XREF=UACDEGHIJLMNPRTVWYZabcdg
 34S   G 2812.7    9  7.7    14 D                                               
         *                                                                        <W> No matching gamma within 5 keV found in Adopted
 34S   G 3813.6    7  3.9    8                                                  
         *                                                                        <W> No matching gamma within 5 keV found in Adopted
 34S   L 8735.0    8  6-                                                        
         *                                                                        <W> level not placed in Adopted or discrepant.
                                                                                        closest level in Adopted:
                                                                                        3304.212  13 2+                  XREF=UACDEGHIJLMNPRTVWYZabcdg
 34S   G 3044.1    6  3.1    7  D+Q                                             
         *                                                                        <W> No matching gamma within 5 keV found in Adopted
 34S   L 8970.7    7  6-                                                        
         *                                                                        <W> level not placed in Adopted or discrepant.
                                                                                        closest level in Adopted:
                                                                                        3304.212  13 2+                  XREF=UACDEGHIJLMNPRTVWYZabcdg
 34S   G 1180      1  0.2    1                                                  
         *                                                                        <W> No matching gamma within 5 keV found in Adopted
 34S   G 3280.0    6  3.5    7                                                  
         *                                                                        <W> No matching gamma within 5 keV found in Adopted
 34S   L 9413.9    7  6                                                         
         *                                                                        <W> level not placed in Adopted or discrepant.
                                                                                        closest level in Adopted:
                                                                                        3304.212  13 2+                  XREF=UACDEGHIJLMNPRTVWYZabcdg
 34S   G 1043.8    7  0.7    4                                                  
         *                                                                        <W> No matching gamma within 5 keV found in Adopted
 34S   G 3722.6    6  3.3    7  D+Q                                             
         *                                                                        <W> No matching gamma within 5 keV found in Adopted
 34S   L 9912.9    7  7+               184 FS    38                             
         *                                                                        <W> level not placed in Adopted or discrepant.
                                                                                        closest level in Adopted:
                                                                                        3304.212  13 2+                  XREF=UACDEGHIJLMNPRTVWYZabcdg
 34S   G 942.3     5  2.0    6  D                                               
         *                                                                        <W> No matching gamma within 5 keV found in Adopted
 34S   G 1178      1  1.0    5                                                  
         *                                                                        <W> Similar gammas placed differently in Adopted:
                                                                                        1176.650(26)   from level=3304.212    JPI=2+                  
 34S   G 1408.6    9  2.1    6  D                                               
         *                                                                        <W> No matching gamma within 5 keV found in Adopted
 34S   G 1541.5    5  0.9    5                                                  
         *                                                                        <W> No matching gamma within 5 keV found in Adopted
 34S   G 2122.9    6  7.0    10                                                 
         *                                                                        <W> No matching gamma within 5 keV found in Adopted
 34S   L 10399.9   7  8-                                                    B   
         *                                                                        <W> level not placed in Adopted or discrepant.
                                                                                        closest level in Adopted:
                                                                                        3304.212  13 2+                  XREF=UACDEGHIJLMNPRTVWYZabcdg
 34S   G 986.8     9  0.8    4                                                  
         *                                                                        <W> No matching gamma within 5 keV found in Adopted
 34S   G 2028.8    6  3.3    7                                                  
         *                                                                        <W> No matching gamma within 5 keV found in Adopted
 34S   G 2608.6    6  7.1    10 Q                                               
         *                                                                        <W> No matching gamma within 5 keV found in Adopted
 34S   L 10651.6   7  8+               35 FS     17                         A   
         *                                                                        <W> level not placed in Adopted or discrepant.
                                                                                        closest level in Adopted:
                                                                                        3304.212  13 2+                  XREF=UACDEGHIJLMNPRTVWYZabcdg
 34S   G 2147.2    6  4.7    10 Q                                               
         *                                                                        <W> No matching gamma within 5 keV found in Adopted
 34S   G 2280.4    10 4.7    10 D                                               
         *                                                                        <W> No matching gamma within 5 keV found in Adopted
 34S   L 11374.3   8  8+                                                        
         *                                                                        <W> level not placed in Adopted or discrepant.
                                                                                        closest level in Adopted:
                                                                                        3304.212  13 2+                  XREF=UACDEGHIJLMNPRTVWYZabcdg
 34S   G 1461.7    9  3.7    8  D(+Q)                                           
         *                                                                        <W> No matching gamma within 5 keV found in Adopted
 34S   G 3002.8    6  4.1    8  D                                               
         *                                                                        <W> No matching gamma within 5 keV found in Adopted
 34S   L 11807.5   7  8+                                                        
         *                                                                        <W> level not placed in Adopted or discrepant.
                                                                                        closest level in Adopted:
                                                                                        3304.212  13 2+                  XREF=UACDEGHIJLMNPRTVWYZabcdg
 34S   G 1894.6    6  1.5    3                                                  
         *                                                                        <W> No matching gamma within 5 keV found in Adopted
 34S   G 3436.1    6  1.5    6  D                                               
         *                                                                        <W> No matching gamma within 5 keV found in Adopted
 34S   L 12141.4   7  9+               173 FS    35                             
         *                                                                        <W> level not placed in Adopted or discrepant.
                                                                                        closest level in Adopted:
                                                                                        3304.212  13 2+                  XREF=UACDEGHIJLMNPRTVWYZabcdg
 34S   G 1489.2    6  0.7    4                                                  
         *                                                                        <W> No matching gamma within 5 keV found in Adopted
 34S   G 1741.6    5  1.2    3                                                  
         *                                                                        <W> No matching gamma within 5 keV found in Adopted
 34S   G 2228.8    6  9.5    11 Q                                               
         *                                                                        <W> No matching gamma within 5 keV found in Adopted
 34S   L 12985.5   8  (9+)                                                      
         *                                                                        <W> level not placed in Adopted or discrepant.
                                                                                        closest level in Adopted:
                                                                                        3304.212  13 2+                  XREF=UACDEGHIJLMNPRTVWYZabcdg
 34S   G 1178      1  0.5    3                                                  
         *                                                                        <W> Similar gammas placed differently in Adopted:
                                                                                        1176.650(26)   from level=3304.212    JPI=2+                  
 34S   G 1611.5    7  0.6    3                                                  
         *                                                                        <W> No matching gamma within 5 keV found in Adopted
 34S   G 2333.8    7  1.2    5                                                  
         *                                                                        <W> No matching gamma within 5 keV found in Adopted
 34S   L 13320.3   11 (9-)                                                  C   
         *                                                                        <W> level not placed in Adopted or discrepant.
                                                                                        closest level in Adopted:
                                                                                        3304.212  13 2+                  XREF=UACDEGHIJLMNPRTVWYZabcdg
 34S   G 2920.1    10 0.5    3                                                  
         *                                                                        <W> No matching gamma within 5 keV found in Adopted
 34S   G 4949.3    18 1.9    4                                                  
         *                                                                        <W> No matching gamma within 5 keV found in Adopted
 34S   L 13341.7   8  10+              180 FS    28                             
         *                                                                        <W> level not placed in Adopted or discrepant.
                                                                                        closest level in Adopted:
                                                                                        3304.212  13 2+                  XREF=UACDEGHIJLMNPRTVWYZabcdg
 34S   G 356.3     6  0.2    1                                                  
         *                                                                        <W> No matching gamma within 5 keV found in Adopted
 34S   G 1200.4    7  3.2    7  D+Q                                             
         *                                                                        <W> No matching gamma within 5 keV found in Adopted
 34S   G 1966.8    9  2.6    6  Q                                               
         *                                                                        <W> No matching gamma within 5 keV found in Adopted
 34S   L 13960.6   11 (10+)                                                 A   
         *                                                                        <W> level not placed in Adopted or discrepant.
                                                                                        closest level in Adopted:
                                                                                        3304.212  13 2+                  XREF=UACDEGHIJLMNPRTVWYZabcdg
 34S   G 3308.8    8  3.0    6                                                  
         *                                                                        <W> No matching gamma within 5 keV found in Adopted
 34S   L 14576.5   12 (10+)                                                     
         *                                                                        <W> level not placed in Adopted or discrepant.
                                                                                        closest level in Adopted:
                                                                                        3304.212  13 2+                  XREF=UACDEGHIJLMNPRTVWYZabcdg
 34S   G 2768.9    9  0.7    4                                                  
         *                                                                        <W> No matching gamma within 5 keV found in Adopted
 34S   L 15244.4   10                                                           
         *                                                                        <W> level not placed in Adopted or discrepant.
                                                                                        closest level in Adopted:
                                                                                        3304.212  13 2+                  XREF=UACDEGHIJLMNPRTVWYZabcdg
 34S   G 1902.7    6  0.9    5                                                  
         *                                                                        <W> No matching gamma within 5 keV found in Adopted
 34S   L 15281.0   18 (10)                                                  B   
         *                                                                        <W> level not placed in Adopted or discrepant.
                                                                                        closest level in Adopted:
                                                                                        3304.212  13 2+                  XREF=UACDEGHIJLMNPRTVWYZabcdg
 34S   G 4880.8    16 1.8    5                                                  
         *                                                                        <W> No matching gamma within 5 keV found in Adopted
 34S   L 16649.1   14                                                       A   
         *                                                                        <W> level not placed in Adopted or discrepant.
                                                                                        closest level in Adopted:
                                                                                        3304.212  13 2+                  XREF=UACDEGHIJLMNPRTVWYZabcdg
 34S   G 2688.4    8  0.7    4                                                  
         *                                                                        <W> No matching gamma within 5 keV found in Adopted

################################################################################
In dataset of 34S: XI 27AL(10B,2PNG)     XREF Tag=I

 34S   L 2127.6       2+                                                        
 34S   G 2127.6                                                                 
         *                                                                        <E> E(gamma) commented from Adopted but inconsistent
                                                                                        Adopted E=2127.498 20 this E=2127.6
 34S   L 3304.2       2+                                                        
 34S   G 1176.6                                                                 
         *                                                                        <E> E(gamma) commented from Adopted but inconsistent
                                                                                        Adopted E=1176.650 26 this E=1176.6

################################################################################
In dataset of 34S: XJ 27AL(12C,APG)     XREF Tag=J

 34S   L 4622                                                                   
         *                                                                        <W> level not placed in Adopted.
                                                                                        closest level in Adopted:
                                                                                        3304.212  13 2+                  XREF=UACDEGHIJLMNPRTVWYZabcdg
 34S   L 4688                                                                   
         *                                                                        <W> level not placed in Adopted.
                                                                                        closest level in Adopted:
                                                                                        3304.212  13 2+                  XREF=UACDEGHIJLMNPRTVWYZabcdg
 34S   G 2561                                                                   
         *                                                                        <W> No matching gamma within 5 keV found in Adopted
 34S   L 5689                          36.7 PS   17                             
         *                                                                        <W> level not placed in Adopted.
                                                                                        closest level in Adopted:
                                                                                        3304.212  13 2+                  XREF=UACDEGHIJLMNPRTVWYZabcdg
 34S   G 1067                                                                   
         *                                                                        <W> No matching gamma within 5 keV found in Adopted

################################################################################
In dataset of 34S: XK 28SI(34S,34S'G)     XREF Tag=K

 34S   L 2127.564     2+               0.322 PS  35                             
 34S   G 2127.499               E2                                              
         *                                                                        <E> E(gamma) commented from Adopted but inconsistent
                                                                                        Adopted E=2127.498 20 this E=2127.499

################################################################################
In dataset of 34S: XL 30SI(A,G),(A,N):RESONANCES     XREF Tag=L

 34S   L 3916.408  21 0+                                                    A   
         *                                                                        <W> level not placed in Adopted or discrepant.
                                                                                        closest level in Adopted:
                                                                                        3304.212  13 2+                  XREF=UACDEGHIJLMNPRTVWYZabcdg
         *                                                                        <E> E(level) commented from Adopted but no such Adopted level
                     *                                                            <E> JPI commented from Adopted but no such Adopted level
 34S   L 4074.667  14 1+                                                    A   
         *                                                                        <W> level not placed in Adopted or discrepant.
                                                                                        closest level in Adopted:
                                                                                        3304.212  13 2+                  XREF=UACDEGHIJLMNPRTVWYZabcdg
         *                                                                        <E> E(level) commented from Adopted but no such Adopted level
                     *                                                            <E> JPI commented from Adopted but no such Adopted level
 34S   L 5679.927  17 2+                                                    A   
         *                                                                        <W> level not placed in Adopted or discrepant.
                                                                                        closest level in Adopted:
                                                                                        3304.212  13 2+                  XREF=UACDEGHIJLMNPRTVWYZabcdg
         *                                                                        <E> E(level) commented from Adopted but no such Adopted level
                     *                                                            <E> JPI commented from Adopted but no such Adopted level
 34S   L 9932      5  1-                                        2276      5 V   
         *                                                                        <W> level not placed in Adopted.
                                                                                        closest level in Adopted:
                                                                                        3304.212  13 2+                  XREF=UACDEGHIJLMNPRTVWYZabcdg
 34S   G 7804         30                                                    V   
         *                                                                        <W> No matching gamma within 5 keV found in Adopted
 34S   G 9930         100       E1                                          V   
         *                                                                        <W> No matching gamma within 5 keV found in Adopted
 34S   L 9981      5  1-                                        2332      5 V   
         *                                                                        <W> level not placed in Adopted.
                                                                                        closest level in Adopted:
                                                                                        3304.212  13 2+                  XREF=UACDEGHIJLMNPRTVWYZabcdg
 34S   G 7853         100                                                   V   
         *                                                                        <W> No matching gamma within 5 keV found in Adopted
 34S   G 9979         40        E1                                          V   
         *                                                                        <W> No matching gamma within 5 keV found in Adopted
 34S   L 10092     5                                            2457      5 V   
         *                                                                        <W> level not placed in Adopted.
                                                                                        closest level in Adopted:
                                                                                        3304.212  13 2+                  XREF=UACDEGHIJLMNPRTVWYZabcdg
 34S   L 10097     5                                            2463      5 V   
         *                                                                        <W> level not placed in Adopted.
                                                                                        closest level in Adopted:
                                                                                        3304.212  13 2+                  XREF=UACDEGHIJLMNPRTVWYZabcdg
 34S   G 7968         100                                                   V   
         *                                                                        <W> No matching gamma within 5 keV found in Adopted
 34S   G 10095        10     LT                                             V   
         *                                                                        <W> No matching gamma within 5 keV found in Adopted
 34S   L 10140     5                                            2512      5 V   
         *                                                                        <W> level not placed in Adopted.
                                                                                        closest level in Adopted:
                                                                                        3304.212  13 2+                  XREF=UACDEGHIJLMNPRTVWYZabcdg
 34S   L 10169     5  1-                                        2545      5 V   
         *                                                                        <W> level not placed in Adopted.
                                                                                        closest level in Adopted:
                                                                                        3304.212  13 2+                  XREF=UACDEGHIJLMNPRTVWYZabcdg
 34S   G 8040         100                                                   V   
         *                                                                        <W> No matching gamma within 5 keV found in Adopted
 34S   G 10167        30        E1                                          V   
         *                                                                        <W> No matching gamma within 5 keV found in Adopted
 34S   L 10201     5                                            2581      5 V   
         *                                                                        <W> level not placed in Adopted.
                                                                                        closest level in Adopted:
                                                                                        3304.212  13 2+                  XREF=UACDEGHIJLMNPRTVWYZabcdg
 34S   L 10236     5                                            2621      5 V   
         *                                                                        <W> level not placed in Adopted.
                                                                                        closest level in Adopted:
                                                                                        3304.212  13 2+                  XREF=UACDEGHIJLMNPRTVWYZabcdg
 34S   L 10249     5  1-                                        2635      5 V   
         *                                                                        <W> level not placed in Adopted.
                                                                                        closest level in Adopted:
                                                                                        3304.212  13 2+                  XREF=UACDEGHIJLMNPRTVWYZabcdg
 34S   G 8120         100                                                   V   
         *                                                                        <W> No matching gamma within 5 keV found in Adopted
 34S   G 10247        20        E1                                          V   
         *                                                                        <W> No matching gamma within 5 keV found in Adopted
 34S   L 10317     5  2+                                        2712      5 V   
         *                                                                        <W> level not placed in Adopted.
                                                                                        closest level in Adopted:
                                                                                        3304.212  13 2+                  XREF=UACDEGHIJLMNPRTVWYZabcdg
 34S   G 8188         100                                                   V   
         *                                                                        <W> No matching gamma within 5 keV found in Adopted
 34S   G 10315        40        E2                                          V   
         *                                                                        <W> No matching gamma within 5 keV found in Adopted
 34S   L 10382     4  1-                                                    Z   
         *                                                                        <W> level not placed in Adopted.
                                                                                        closest level in Adopted:
                                                                                        3304.212  13 2+                  XREF=UACDEGHIJLMNPRTVWYZabcdg
 34S   G 6465         100                                                       
         *                                                                        <W> No matching gamma within 5 keV found in Adopted
 34S   L 10386     4  3-                                                    Z   
         *                                                                        <W> level not placed in Adopted.
                                                                                        closest level in Adopted:
                                                                                        3304.212  13 2+                  XREF=UACDEGHIJLMNPRTVWYZabcdg
 34S   G 4706         100                                                       
         *                                                                        <W> No matching gamma within 5 keV found in Adopted
 34S   L 10408     5  2+                                        2815      5 V   
         *                                                                        <W> level not placed in Adopted.
                                                                                        closest level in Adopted:
                                                                                        3304.212  13 2+                  XREF=UACDEGHIJLMNPRTVWYZabcdg
 34S   G 8279         100                                                   V   
         *                                                                        <W> No matching gamma within 5 keV found in Adopted
 34S   G 10406        100       E2                                          V   
         *                                                                        <W> No matching gamma within 5 keV found in Adopted
 34S   L 10447     5  3-                                        2860      5 V   
         *                                                                        <W> level not placed in Adopted.
                                                                                        closest level in Adopted:
                                                                                        3304.212  13 2+                  XREF=UACDEGHIJLMNPRTVWYZabcdg
 34S   G 7142         100                                                       
         *                                                                        <W> No matching gamma within 5 keV found in Adopted
 34S   L 10482     4  0+                                                    Z   
         *                                                                        <W> level not placed in Adopted.
                                                                                        closest level in Adopted:
                                                                                        3304.212  13 2+                  XREF=UACDEGHIJLMNPRTVWYZabcdg
 34S   G 6407         100                                                       
         *                                                                        <W> No matching gamma within 5 keV found in Adopted
 34S   L 10494     5  1-                                        2913      5 V   
         *                                                                        <W> level not placed in Adopted.
                                                                                        closest level in Adopted:
                                                                                        3304.212  13 2+                  XREF=UACDEGHIJLMNPRTVWYZabcdg
 34S   G 8365         10     LT                                             V   
         *                                                                        <W> No matching gamma within 5 keV found in Adopted
 34S   G 10492        100       E1                                          V   
         *                                                                        <W> No matching gamma within 5 keV found in Adopted
 34S   L 10528     5                                            2952      5 V   
         *                                                                        <W> level not placed in Adopted.
                                                                                        closest level in Adopted:
                                                                                        3304.212  13 2+                  XREF=UACDEGHIJLMNPRTVWYZabcdg
 34S   L 10587     5  1-                                        3018      5 V   
         *                                                                        <W> level not placed in Adopted.
                                                                                        closest level in Adopted:
                                                                                        3304.212  13 2+                  XREF=UACDEGHIJLMNPRTVWYZabcdg
 34S   G 7282         100       E1                                          V   
         *                                                                        <W> No matching gamma within 5 keV found in Adopted
 34S   G 8458         60                                                    V   
         *                                                                        <W> No matching gamma within 5 keV found in Adopted
 34S   L 10617     5                                            3052      5 V   
         *                                                                        <W> level not placed in Adopted.
                                                                                        closest level in Adopted:
                                                                                        3304.212  13 2+                  XREF=UACDEGHIJLMNPRTVWYZabcdg
 34S   L 10625     5  1-                                        3062      5 V   
         *                                                                        <W> level not placed in Adopted.
                                                                                        closest level in Adopted:
                                                                                        3304.212  13 2+                  XREF=UACDEGHIJLMNPRTVWYZabcdg
 34S   G 8496         100                                                   V   
         *                                                                        <W> No matching gamma within 5 keV found in Adopted
 34S   G 10623        100       E1                                          V   
         *                                                                        <W> No matching gamma within 5 keV found in Adopted
 34S   L 10663     5                                            3104      5 V   
         *                                                                        <W> level not placed in Adopted.
                                                                                        closest level in Adopted:
                                                                                        3304.212  13 2+                  XREF=UACDEGHIJLMNPRTVWYZabcdg
 34S   L 10670     5  1-                                        3113      5 V   
         *                                                                        <W> level not placed in Adopted.
                                                                                        closest level in Adopted:
                                                                                        3304.212  13 2+                  XREF=UACDEGHIJLMNPRTVWYZabcdg
 34S   G 7365         100       E1                                          V   
         *                                                                        <W> No matching gamma within 5 keV found in Adopted
 34S   G 8541         30                                                    V   
         *                                                                        <W> No matching gamma within 5 keV found in Adopted
 34S   G 10668        10     LT                                             V   
         *                                                                        <W> No matching gamma within 5 keV found in Adopted
 34S   L 10705     5                                            3152      5 V   
         *                                                                        <W> level not placed in Adopted.
                                                                                        closest level in Adopted:
                                                                                        3304.212  13 2+                  XREF=UACDEGHIJLMNPRTVWYZabcdg
 34S   L 10768     5  2+                                        3223      5 V   
         *                                                                        <W> level not placed in Adopted.
                                                                                        closest level in Adopted:
                                                                                        3304.212  13 2+                  XREF=UACDEGHIJLMNPRTVWYZabcdg
 34S   G 8639         100       M1+E2    +0.3                               V   
         *                                                                        <W> No matching gamma within 5 keV found in Adopted
 34S   G 10766        10     LT                                             V   
         *                                                                        <W> No matching gamma within 5 keV found in Adopted
 34S   L 10791     5  1-                                        3250      5 M   
         *                                                                        <W> level not placed in Adopted.
                                                                                        closest level in Adopted:
                                                                                        3304.212  13 2+                  XREF=UACDEGHIJLMNPRTVWYZabcdg
 34S   G 7486         5                                                         
         *                                                                        <W> No matching gamma within 5 keV found in Adopted
 34S   G 8662         20                                                        
         *                                                                        <W> No matching gamma within 5 keV found in Adopted
 34S   G 10789        100       E1                                              
         *                                                                        <W> No matching gamma within 5 keV found in Adopted
 34S   L 10847     5  3-                                        3313      5 M   
         *                                                                        <W> level not placed in Adopted.
                                                                                        closest level in Adopted:
                                                                                        3304.212  13 2+                  XREF=UACDEGHIJLMNPRTVWYZabcdg
 34S   G 8718         100       E1+M2    -0.024  17                         W   
         *                                                                        <W> No matching gamma within 5 keV found in Adopted
 34S   L 10869     5                                            3338      5 M   
         *                                                                        <W> level not placed in Adopted.
                                                                                        closest level in Adopted:
                                                                                        3304.212  13 2+                  XREF=UACDEGHIJLMNPRTVWYZabcdg
 34S   L 10895     5                                            3368      5 M   
         *                                                                        <W> level not placed in Adopted.
                                                                                        closest level in Adopted:
                                                                                        3304.212  13 2+                  XREF=UACDEGHIJLMNPRTVWYZabcdg
 34S   L 10917     5                                            3392      5 M   
         *                                                                        <W> level not placed in Adopted.
                                                                                        closest level in Adopted:
                                                                                        3304.212  13 2+                  XREF=UACDEGHIJLMNPRTVWYZabcdg
 34S   L 10931     5  1-                                        3408      5 M   
         *                                                                        <W> level not placed in Adopted.
                                                                                        closest level in Adopted:
                                                                                        3304.212  13 2+                  XREF=UACDEGHIJLMNPRTVWYZabcdg
 34S   G 8802         100       E1+M2    +0.154  17                         W   
         *                                                                        <W> No matching gamma within 5 keV found in Adopted
 34S   L 10994     5  2+                                        3480      5 M   
         *                                                                        <W> level not placed in Adopted.
                                                                                        closest level in Adopted:
                                                                                        3304.212  13 2+                  XREF=UACDEGHIJLMNPRTVWYZabcdg
 34S   G 8865         100       M1+E2    +0.078  32                         W   
         *                                                                        <W> No matching gamma within 5 keV found in Adopted
 34S   L 11015     5  2+                                        3503      5 M   
         *                                                                        <W> level not placed in Adopted.
                                                                                        closest level in Adopted:
                                                                                        3304.212  13 2+                  XREF=UACDEGHIJLMNPRTVWYZabcdg
 34S   G 8886         100       M1+E2    -0.52   22                         W   
         *                                                                        <W> No matching gamma within 5 keV found in Adopted
 34S   L 11025     5  1-                                        3515      5 M   
         *                                                                        <W> level not placed in Adopted.
                                                                                        closest level in Adopted:
                                                                                        3304.212  13 2+                  XREF=UACDEGHIJLMNPRTVWYZabcdg
 34S   G 7720         17                                                        
         *                                                                        <W> No matching gamma within 5 keV found in Adopted
 34S   G 8896         14                                                        
         *                                                                        <W> No matching gamma within 5 keV found in Adopted
 34S   G 11023        100       E1                                              
         *                                                                        <W> No matching gamma within 5 keV found in Adopted
 34S   L 11047     5                                            3540      5 M   
         *                                                                        <W> level not placed in Adopted.
                                                                                        closest level in Adopted:
                                                                                        3304.212  13 2+                  XREF=UACDEGHIJLMNPRTVWYZabcdg
 34S   L 11088     5  2+                                        3586      5 M   
         *                                                                        <W> level not placed in Adopted.
                                                                                        closest level in Adopted:
                                                                                        3304.212  13 2+                  XREF=UACDEGHIJLMNPRTVWYZabcdg
 34S   G 7783         47                                                        
         *                                                                        <W> No matching gamma within 5 keV found in Adopted
 34S   G 8959         44                                                        
         *                                                                        <W> No matching gamma within 5 keV found in Adopted
 34S   G 11086        100       E2                                              
         *                                                                        <W> No matching gamma within 5 keV found in Adopted
 34S   L 11108     5  3-                                        3609      5 M   
         *                                                                        <W> level not placed in Adopted.
                                                                                        closest level in Adopted:
                                                                                        3304.212  13 2+                  XREF=UACDEGHIJLMNPRTVWYZabcdg
 34S   G 8979         100       E1+M2    +0.062  1                          W   
         *                                                                        <W> No matching gamma within 5 keV found in Adopted
 34S   L 11142     5  1-                                        3647      5 M   
         *                                                                        <W> level not placed in Adopted.
                                                                                        closest level in Adopted:
                                                                                        3304.212  13 2+                  XREF=UACDEGHIJLMNPRTVWYZabcdg
 34S   G 7837         9                                                         
         *                                                                        <W> No matching gamma within 5 keV found in Adopted
 34S   G 9013         18                                                        
         *                                                                        <W> No matching gamma within 5 keV found in Adopted
 34S   G 11140        100       E1                                              
         *                                                                        <W> No matching gamma within 5 keV found in Adopted
 34S   L 11165     5  1-                                        3674      5 M   
         *                                                                        <W> level not placed in Adopted.
                                                                                        closest level in Adopted:
                                                                                        3304.212  13 2+                  XREF=UACDEGHIJLMNPRTVWYZabcdg
 34S   G 7860         100                                                       
         *                                                                        <W> No matching gamma within 5 keV found in Adopted
 34S   G 9036         13.1                                                      
         *                                                                        <W> No matching gamma within 5 keV found in Adopted
 34S   G 11163        76.9      E1                                              
         *                                                                        <W> No matching gamma within 5 keV found in Adopted
 34S   L 11180     5                                            3690      5 M   
         *                                                                        <W> level not placed in Adopted.
                                                                                        closest level in Adopted:
                                                                                        3304.212  13 2+                  XREF=UACDEGHIJLMNPRTVWYZabcdg
 34S   L 11194     5                                            3706      5 M   
         *                                                                        <W> level not placed in Adopted.
                                                                                        closest level in Adopted:
                                                                                        3304.212  13 2+                  XREF=UACDEGHIJLMNPRTVWYZabcdg
 34S   L 11220     5  (2+)                                      3736      5 M   
         *                                                                        <W> level not placed in Adopted.
                                                                                        closest level in Adopted:
                                                                                        3304.212  13 2+                  XREF=UACDEGHIJLMNPRTVWYZabcdg
 34S   G 7915         100                                                       
         *                                                                        <W> No matching gamma within 5 keV found in Adopted
 34S   G 9091         48.4                                                      
         *                                                                        <W> No matching gamma within 5 keV found in Adopted
 34S   G 11218        32.3      E2                                              
         *                                                                        <W> No matching gamma within 5 keV found in Adopted
 34S   L 11233     5  1-                                        3751      5 M   
         *                                                                        <W> level not placed in Adopted.
                                                                                        closest level in Adopted:
                                                                                        3304.212  13 2+                  XREF=UACDEGHIJLMNPRTVWYZabcdg
 34S   G 7928         100                                                       
         *                                                                        <W> No matching gamma within 5 keV found in Adopted
 34S   G 9104         3.7                                                       
         *                                                                        <W> No matching gamma within 5 keV found in Adopted
 34S   G 11231        24.4      E1                                              
         *                                                                        <W> No matching gamma within 5 keV found in Adopted
 34S   L 11272     5  2+                                        3795      5 M   
         *                                                                        <W> level not placed in Adopted.
                                                                                        closest level in Adopted:
                                                                                        3304.212  13 2+                  XREF=UACDEGHIJLMNPRTVWYZabcdg
 34S   G 9143         100       M1+E2    +0.18   15                         W   
         *                                                                        <W> No matching gamma within 5 keV found in Adopted
 34S   L 11289     5                                            3814      5 M   
         *                                                                        <W> level not placed in Adopted.
                                                                                        closest level in Adopted:
                                                                                        3304.212  13 2+                  XREF=UACDEGHIJLMNPRTVWYZabcdg
 34S   L 11315     5  2+                                        3843      5 M   
         *                                                                        <W> level not placed in Adopted.
                                                                                        closest level in Adopted:
                                                                                        3304.212  13 2+                  XREF=UACDEGHIJLMNPRTVWYZabcdg
 34S   G 8010         67                                                        
         *                                                                        <W> No matching gamma within 5 keV found in Adopted
 34S   G 9186         38                                                        
         *                                                                        <W> No matching gamma within 5 keV found in Adopted
 34S   G 11313        100       E2                                              
         *                                                                        <W> No matching gamma within 5 keV found in Adopted
 34S   L 11323     5  1-                                        3853      5 M   
         *                                                                        <W> level not placed in Adopted.
                                                                                        closest level in Adopted:
                                                                                        3304.212  13 2+                  XREF=UACDEGHIJLMNPRTVWYZabcdg
 34S   G 8018         48                                                        
         *                                                                        <W> No matching gamma within 5 keV found in Adopted
 34S   G 9194         65                                                        
         *                                                                        <W> No matching gamma within 5 keV found in Adopted
 34S   G 11321        100       E1                                              
         *                                                                        <W> No matching gamma within 5 keV found in Adopted
 34S   L 11358     5  1-                                        3892      5     
         *                                                                        <W> level not placed in Adopted.
                                                                                        closest level in Adopted:
                                                                                        3304.212  13 2+                  XREF=UACDEGHIJLMNPRTVWYZabcdg
 34S   G 8053         100                                                       
         *                                                                        <W> No matching gamma within 5 keV found in Adopted
 34S   G 9229         17.5                                                      
         *                                                                        <W> No matching gamma within 5 keV found in Adopted
 34S   G 11356        35.7      E1                                              
         *                                                                        <W> No matching gamma within 5 keV found in Adopted
 34S   L 11372     5  3-                                        3908      5     
         *                                                                        <W> level not placed in Adopted.
                                                                                        closest level in Adopted:
                                                                                        3304.212  13 2+                  XREF=UACDEGHIJLMNPRTVWYZabcdg
 34S   G 8067         43.5                                                      
         *                                                                        <W> No matching gamma within 5 keV found in Adopted
 34S   G 9243         100       E1+M2    +0.022  6                              
         *                                                                        <W> No matching gamma within 5 keV found in Adopted
 34S   G 11370        5.9                                                       
                               *                                                  <W> large deltaJ=3 ([E3]), but no Mult is given
                                                                                        JI=3- JF(0.0)=0+
         *                                                                        <W> No matching gamma within 5 keV found in Adopted
 34S   L 11381     5  2+                                        3918      5     
         *                                                                        <W> level not placed in Adopted.
                                                                                        closest level in Adopted:
                                                                                        3304.212  13 2+                  XREF=UACDEGHIJLMNPRTVWYZabcdg
 34S   G 8076         100                                                       
         *                                                                        <W> No matching gamma within 5 keV found in Adopted
 34S   G 9252         33.0                                                      
         *                                                                        <W> No matching gamma within 5 keV found in Adopted
 34S   G 11379        37.0      E2                                              
         *                                                                        <W> No matching gamma within 5 keV found in Adopted
 34S   L 11398     5                                            3938      5     
         *                                                                        <W> level not placed in Adopted.
                                                                                        closest level in Adopted:
                                                                                        3304.212  13 2+                  XREF=UACDEGHIJLMNPRTVWYZabcdg
 34S   L 11405     5                                            3946      5     
         *                                                                        <W> level not placed in Adopted.
                                                                                        closest level in Adopted:
                                                                                        3304.212  13 2+                  XREF=UACDEGHIJLMNPRTVWYZabcdg
 34S   L 11420     5  1-                                        3962      5     
         *                                                                        <W> level not placed in Adopted.
                                                                                        closest level in Adopted:
                                                                                        3304.212  13 2+                  XREF=UACDEGHIJLMNPRTVWYZabcdg
 34S   G 8115         5                                                         
         *                                                                        <W> No matching gamma within 5 keV found in Adopted
 34S   G 9291         19                                                        
         *                                                                        <W> No matching gamma within 5 keV found in Adopted
 34S   G 11418        100       E1                                              
         *                                                                        <W> No matching gamma within 5 keV found in Adopted
 34S   L 11435     5                                            3979      5 N   
         *                                                                        <W> level not placed in Adopted.
                                                                                        closest level in Adopted:
                                                                                        3304.212  13 2+                  XREF=UACDEGHIJLMNPRTVWYZabcdg
 34S   L 11444     5                                            3990      5 G   
         *                                                                        <W> level not placed in Adopted.
                                                                                        closest level in Adopted:
                                                                                        3304.212  13 2+                  XREF=UACDEGHIJLMNPRTVWYZabcdg
 34S   L 11458     5  3-                                        4005      5 G   
         *                                                                        <W> level not placed in Adopted.
                                                                                        closest level in Adopted:
                                                                                        3304.212  13 2+                  XREF=UACDEGHIJLMNPRTVWYZabcdg
 34S   G 9329         100       E1+M2    +0.037  2                          W   
         *                                                                        <W> No matching gamma within 5 keV found in Adopted
 34S   L 11473     5  1-                                        4023      5     
         *                                                                        <W> level not placed in Adopted.
                                                                                        closest level in Adopted:
                                                                                        3304.212  13 2+                  XREF=UACDEGHIJLMNPRTVWYZabcdg
 34S   G 9344         100       E1+M2    -0.13   7                          W   
         *                                                                        <W> No matching gamma within 5 keV found in Adopted
 34S   L 11490     5  1-                                        4042      5     
         *                                                                        <W> level not placed in Adopted.
                                                                                        closest level in Adopted:
                                                                                        3304.212  13 2+                  XREF=UACDEGHIJLMNPRTVWYZabcdg
 34S   G 8185         56                                                        
         *                                                                        <W> No matching gamma within 5 keV found in Adopted
 34S   G 9361         46                                                        
         *                                                                        <W> No matching gamma within 5 keV found in Adopted
 34S   G 11488        100       E1                                              
         *                                                                        <W> No matching gamma within 5 keV found in Adopted
 34S   L 11506     5  (1-)                                      4060      5     
         *                                                                        <W> level not placed in Adopted.
                                                                                        closest level in Adopted:
                                                                                        3304.212  13 2+                  XREF=UACDEGHIJLMNPRTVWYZabcdg
 34S   G 9377         100       E1+M2    -0.058  16                         W   
         *                                                                        <W> No matching gamma within 5 keV found in Adopted
 34S   L 11545     5  1-                                        4104      5     
         *                                                                        <W> level not placed in Adopted.
                                                                                        closest level in Adopted:
                                                                                        3304.212  13 2+                  XREF=UACDEGHIJLMNPRTVWYZabcdg
 34S   G 8240         100                                                       
         *                                                                        <W> No matching gamma within 5 keV found in Adopted
 34S   G 9416         60.0                                                      
         *                                                                        <W> No matching gamma within 5 keV found in Adopted
 34S   G 11543        62.5      E1                                              
         *                                                                        <W> No matching gamma within 5 keV found in Adopted
 34S   L 11619     5                                            4188      5     
         *                                                                        <W> level not placed in Adopted.
                                                                                        closest level in Adopted:
                                                                                        3304.212  13 2+                  XREF=UACDEGHIJLMNPRTVWYZabcdg
 34S   L 11637     5                                            4208      5 N   
         *                                                                        <W> level not placed in Adopted.
                                                                                        closest level in Adopted:
                                                                                        3304.212  13 2+                  XREF=UACDEGHIJLMNPRTVWYZabcdg
 34S   L 11643     5  1-                                        4215      5     
         *                                                                        <W> level not placed in Adopted.
                                                                                        closest level in Adopted:
                                                                                        3304.212  13 2+                  XREF=UACDEGHIJLMNPRTVWYZabcdg
 34S   G 8338         20                                                        
         *                                                                        <W> No matching gamma within 5 keV found in Adopted
 34S   G 9514         25                                                        
         *                                                                        <W> No matching gamma within 5 keV found in Adopted
 34S   G 11641        100       E1                                              
         *                                                                        <W> No matching gamma within 5 keV found in Adopted
 34S   L 11670     5                                            4246      5 N   
         *                                                                        <W> level not placed in Adopted.
                                                                                        closest level in Adopted:
                                                                                        3304.212  13 2+                  XREF=UACDEGHIJLMNPRTVWYZabcdg
 34S   L 11712     5  1-                                        4293      5     
         *                                                                        <W> level not placed in Adopted.
                                                                                        closest level in Adopted:
                                                                                        3304.212  13 2+                  XREF=UACDEGHIJLMNPRTVWYZabcdg
 34S   G 9583         100       E1(+M2)  -0.080  80                         W   
         *                                                                        <W> No matching gamma within 5 keV found in Adopted
 34S   L 11751     5                                            4338      5 N   
         *                                                                        <W> level not placed in Adopted.
                                                                                        closest level in Adopted:
                                                                                        3304.212  13 2+                  XREF=UACDEGHIJLMNPRTVWYZabcdg
 34S   L 11790     5                                            4382      5     
         *                                                                        <W> level not placed in Adopted.
                                                                                        closest level in Adopted:
                                                                                        3304.212  13 2+                  XREF=UACDEGHIJLMNPRTVWYZabcdg
 34S   L 11850     5                                            4450      5     
         *                                                                        <W> level not placed in Adopted.
                                                                                        closest level in Adopted:
                                                                                        3304.212  13 2+                  XREF=UACDEGHIJLMNPRTVWYZabcdg
 34S   L 11859     5                                            4460      5     
         *                                                                        <W> level not placed in Adopted.
                                                                                        closest level in Adopted:
                                                                                        3304.212  13 2+                  XREF=UACDEGHIJLMNPRTVWYZabcdg
 34S   L 11867     5                                            4469      5     
         *                                                                        <W> level not placed in Adopted.
                                                                                        closest level in Adopted:
                                                                                        3304.212  13 2+                  XREF=UACDEGHIJLMNPRTVWYZabcdg
 34S   L 11878     5                                            4482      5     
         *                                                                        <W> level not placed in Adopted.
                                                                                        closest level in Adopted:
                                                                                        3304.212  13 2+                  XREF=UACDEGHIJLMNPRTVWYZabcdg
 34S   L 11908     5                                            4516      5     
         *                                                                        <W> level not placed in Adopted.
                                                                                        closest level in Adopted:
                                                                                        3304.212  13 2+                  XREF=UACDEGHIJLMNPRTVWYZabcdg
 34S   L 11922     5  (3-)                                      4531      5 G   
         *                                                                        <W> level not placed in Adopted.
                                                                                        closest level in Adopted:
                                                                                        3304.212  13 2+                  XREF=UACDEGHIJLMNPRTVWYZabcdg
 34S   G 9793         100       E1                                          W   
         *                                                                        <W> No matching gamma within 5 keV found in Adopted
 34S   L 11932     5  1-                                        4543      5     
         *                                                                        <W> level not placed in Adopted.
                                                                                        closest level in Adopted:
                                                                                        3304.212  13 2+                  XREF=UACDEGHIJLMNPRTVWYZabcdg
 34S   G 11930        100       E1                                          W   
         *                                                                        <W> No matching gamma within 5 keV found in Adopted
 34S   L 11957     5  3-                                        4571      5     
         *                                                                        <W> level not placed in Adopted.
                                                                                        closest level in Adopted:
                                                                                        3304.212  13 2+                  XREF=UACDEGHIJLMNPRTVWYZabcdg
 34S   G 9828         100       E1+M2    +0.031  4                          W   
         *                                                                        <W> No matching gamma within 5 keV found in Adopted
 34S   L 11979     5                                            4596      5     
         *                                                                        <W> level not placed in Adopted.
                                                                                        closest level in Adopted:
                                                                                        3304.212  13 2+                  XREF=UACDEGHIJLMNPRTVWYZabcdg
 34S   L 12034     5  1-                                        4658      5     
         *                                                                        <W> level not placed in Adopted.
                                                                                        closest level in Adopted:
                                                                                        3304.212  13 2+                  XREF=UACDEGHIJLMNPRTVWYZabcdg
 34S   G 12032        100       E1                                          W   
         *                                                                        <W> No matching gamma within 5 keV found in Adopted
 34S   L 12063     5                                            4691      5     
         *                                                                        <W> level not placed in Adopted.
                                                                                        closest level in Adopted:
                                                                                        3304.212  13 2+                  XREF=UACDEGHIJLMNPRTVWYZabcdg
 34S   L 12077     5                                            4707      5     
         *                                                                        <W> level not placed in Adopted.
                                                                                        closest level in Adopted:
                                                                                        3304.212  13 2+                  XREF=UACDEGHIJLMNPRTVWYZabcdg
 34S   L 12100     5  1-                                        4733      5     
         *                                                                        <W> level not placed in Adopted.
                                                                                        closest level in Adopted:
                                                                                        3304.212  13 2+                  XREF=UACDEGHIJLMNPRTVWYZabcdg
 34S   G 12098        100       E1                                          W   
         *                                                                        <W> No matching gamma within 5 keV found in Adopted
 34S   L 12137     5                                            4775      5 N   
         *                                                                        <W> level not placed in Adopted.
                                                                                        closest level in Adopted:
                                                                                        3304.212  13 2+                  XREF=UACDEGHIJLMNPRTVWYZabcdg
 34S   L 12151     5                                            4791      5 N   
         *                                                                        <W> level not placed in Adopted.
                                                                                        closest level in Adopted:
                                                                                        3304.212  13 2+                  XREF=UACDEGHIJLMNPRTVWYZabcdg
 34S   L 12165     5                                            4807      5     
         *                                                                        <W> level not placed in Adopted.
                                                                                        closest level in Adopted:
                                                                                        3304.212  13 2+                  XREF=UACDEGHIJLMNPRTVWYZabcdg
 34S   L 12173     5                                            4816      5     
         *                                                                        <W> level not placed in Adopted.
                                                                                        closest level in Adopted:
                                                                                        3304.212  13 2+                  XREF=UACDEGHIJLMNPRTVWYZabcdg
 34S   L 12194     5  1-                                        4840      5     
         *                                                                        <W> level not placed in Adopted.
                                                                                        closest level in Adopted:
                                                                                        3304.212  13 2+                  XREF=UACDEGHIJLMNPRTVWYZabcdg
 34S   G 12192        100       E1                                          W   
         *                                                                        <W> No matching gamma within 5 keV found in Adopted
 34S   L 12224     5                                            4874      5     
         *                                                                        <W> level not placed in Adopted.
                                                                                        closest level in Adopted:
                                                                                        3304.212  13 2+                  XREF=UACDEGHIJLMNPRTVWYZabcdg
 34S   L 12243     5                                            4895      5     
         *                                                                        <W> level not placed in Adopted.
                                                                                        closest level in Adopted:
                                                                                        3304.212  13 2+                  XREF=UACDEGHIJLMNPRTVWYZabcdg
 34S   L 12256     5                                            4910      5     
         *                                                                        <W> level not placed in Adopted.
                                                                                        closest level in Adopted:
                                                                                        3304.212  13 2+                  XREF=UACDEGHIJLMNPRTVWYZabcdg
 34S   L 12271     5                                            4927      5     
         *                                                                        <W> level not placed in Adopted.
                                                                                        closest level in Adopted:
                                                                                        3304.212  13 2+                  XREF=UACDEGHIJLMNPRTVWYZabcdg
 34S   L 12281     5                                            4938      5     
         *                                                                        <W> level not placed in Adopted.
                                                                                        closest level in Adopted:
                                                                                        3304.212  13 2+                  XREF=UACDEGHIJLMNPRTVWYZabcdg

################################################################################
In dataset of 34S: XM 31P(A,PG)     XREF Tag=M

 34S   L 3913.0       (0,1,2)          1.12 PS   9                              
         *                                                                        <W> level not placed in Adopted or discrepant.
                                                                                        closest level in Adopted:
                                                                                        3304.212  13 2+                  XREF=UACDEGHIJLMNPRTVWYZabcdg
 34S   G 1786.0    8  100                                                       
         *                                                                        <W> No matching gamma within 5 keV found in Adopted
 34S   L 4071.8    10 1+               17 FS     LT                             
         *                                                                        <W> level not placed in Adopted or discrepant.
                                                                                        closest level in Adopted:
                                                                                        3304.212  13 2+                  XREF=UACDEGHIJLMNPRTVWYZabcdg
 34S   G 768.6        3      1  D(+Q)    -1.3    15                             
         *                                                                        <W> No matching gamma within 5 keV found in Adopted
 34S   G 1945.5    13 49     4  M1+E2    +1.3    +32-9                          
         *                                                                        <W> No matching gamma within 5 keV found in Adopted
 34S   G 4070.9    13 48     5  D                                               
         *                                                                        <W> No matching gamma within 5 keV found in Adopted
 34S   L 4114.0    9  2+               72 FS     6                              
         *                                                                        <W> level not placed in Adopted or discrepant.
                                                                                        closest level in Adopted:
                                                                                        3304.212  13 2+                  XREF=UACDEGHIJLMNPRTVWYZabcdg
 34S   G 1986.9       48     5  M1+E2    -0.40   5                              
         *                                                                        <W> No matching gamma within 5 keV found in Adopted
 34S   G 4113.7    9  52     5  E2                                              
         *                                                                        <W> No matching gamma within 5 keV found in Adopted
 34S   L 4622.4       3-               84 FS     6                              
         *                                                                        <W> level not placed in Adopted or discrepant.
                                                                                        closest level in Adopted:
                                                                                        3304.212  13 2+                  XREF=UACDEGHIJLMNPRTVWYZabcdg
 34S   G 709          7      LT                                             M  ?
                     *                                                            <W> check Jf&Ji for deltaJ>2 for gamma=709
                                                                                        JI=3- JF(3913.0)=(0,1,2)
 34S   G 1318.8    10 76     5  D(+Q)    -0.03   5                              
         *                                                                        <W> No matching gamma within 5 keV found in Adopted
 34S   G 2495.5    7  24     5  D(+Q)    +0.02   4                              
         *                                                                        <W> No matching gamma within 5 keV found in Adopted
 34S   G 4622         1      LT                                                ?
                               *                                                  <W> large deltaJ=3 ([E3]), but no Mult is given
                                                                                        JI=3- JF(0.0)=0+
 34S   L 4687.6       4+               88 FS     4                              
         *                                                                        <W> level not placed in Adopted or discrepant.
                                                                                        closest level in Adopted:
                                                                                        3304.212  13 2+                  XREF=UACDEGHIJLMNPRTVWYZabcdg
 34S   G 615.8        4      LT                                             M  ?
                               *                                                  <W> large deltaJ=3 ([M3]), but no Mult is given
                                                                                        JI=4+ JF(4071.8)=1+
 34S   G 775          7      LT                                             M  ?
                     *                                                            <W> check Jf&Ji for deltaJ>2 for gamma=775
                                                                                        JI=4+ JF(3913.0)=(0,1,2)
 34S   G 2560.5    4  100       E2                                              
         *                                                                        <W> No matching gamma within 5 keV found in Adopted
 34S   G 4687         1      LT                                             M  ?
                               *                                                  <W> large deltaJ=4 ([E4]), but no Mult is given
                                                                                        JI=4+ JF(0.0)=0+
 34S   L 4875.2       3+               40 FS     15                             
         *                                                                        <W> level not placed in Adopted or discrepant.
                                                                                        closest level in Adopted:
                                                                                        3304.212  13 2+                  XREF=UACDEGHIJLMNPRTVWYZabcdg
 34S   G 962          8      LT                                             M  ?
                     *                                                            <W> check Jf&Ji for deltaJ>2 for gamma=962
                                                                                        JI=3+ JF(3913.0)=(0,1,2)
 34S   G 1571.9    5  37     5  M1+E2    -0.09   4                              
         *                                                                        <W> No matching gamma within 5 keV found in Adopted
 34S   G 2750.9    25 63     5  M1+E2    -0.11   3                              
         *                                                                        <W> No matching gamma within 5 keV found in Adopted
 34S   G 4875         4      LT                                             M  ?
                               *                                                  <W> large deltaJ=3 ([M3]), but no Mult is given
                                                                                        JI=3+ JF(0.0)=0+
 34S   L 4891.1    30 2+               36 FS     10                             
         *                                                                        <W> level not placed in Adopted or discrepant.
                                                                                        closest level in Adopted:
                                                                                        3304.212  13 2+                  XREF=UACDEGHIJLMNPRTVWYZabcdg
 34S   G 1587.9       49     12                                                 
         *                                                                        <W> No matching gamma within 5 keV found in Adopted
 34S   G 4890.7       51     12 E2                                              
         *                                                                        <W> No matching gamma within 5 keV found in Adopted
 34S   L 5225         0                                                         
         *                                                                        <W> level not placed in Adopted.
                                                                                        closest level in Adopted:
                                                                                        3304.212  13 2+                  XREF=UACDEGHIJLMNPRTVWYZabcdg
 34S   G 1153         100       D                                           M   
         *                                                                        <W> No matching gamma within 5 keV found in Adopted
 34S   L 5318.8    18 2+               17 FS     7                              
         *                                                                        <W> level not placed in Adopted or discrepant.
                                                                                        closest level in Adopted:
                                                                                        3304.212  13 2+                  XREF=UACDEGHIJLMNPRTVWYZabcdg
 34S   G 3191.6       100       M1+E2    -0.17   6                              
         *                                                                        <W> No matching gamma within 5 keV found in Adopted
 34S   L 5382      4  1+               49 FS     LE                             
         *                                                                        <W> level not placed in Adopted.
                                                                                        closest level in Adopted:
                                                                                        3304.212  13 2+                  XREF=UACDEGHIJLMNPRTVWYZabcdg
 34S   G 3255         62     8  M1+E2    -1.1    10                             
         *                                                                        <W> No matching gamma within 5 keV found in Adopted
 34S   G 5382         38     8  D                                               
         *                                                                        <W> No matching gamma within 5 keV found in Adopted
 34S   L 5679      1  2+               263 FS    21                         Z   
         *                                                                        <W> level not placed in Adopted.
                                                                                        closest level in Adopted:
                                                                                        3304.212  13 2+                  XREF=UACDEGHIJLMNPRTVWYZabcdg
 34S   G 2376         65     10 M1+E2    -0.4    LT                             
         *                                                                        <W> No matching gamma within 5 keV found in Adopted
 34S   G 3552         35     10 D+Q      -0.47   +7-11                          
         *                                                                        <W> No matching gamma within 5 keV found in Adopted
 34S   L 5688      4  5-               37.4 PS   35                             
         *                                                                        <W> level not placed in Adopted.
                                                                                        closest level in Adopted:
                                                                                        3304.212  13 2+                  XREF=UACDEGHIJLMNPRTVWYZabcdg
 34S   G 1000         49     2  E1                                              
         *                                                                        <W> No matching gamma within 5 keV found in Adopted
 34S   G 1066         51     2  E2                                              
         *                                                                        <W> No matching gamma within 5 keV found in Adopted
 34S   L 5753                                                               J   
         *                                                                        <W> level not placed in Adopted.
                                                                                        closest level in Adopted:
                                                                                        3304.212  13 2+                  XREF=UACDEGHIJLMNPRTVWYZabcdg
 34S   G 3626                                                                   
         *                                                                        <W> No matching gamma within 5 keV found in Adopted
 34S   L 5848                                                               J   
         *                                                                        <W> level not placed in Adopted.
                                                                                        closest level in Adopted:
                                                                                        3304.212  13 2+                  XREF=UACDEGHIJLMNPRTVWYZabcdg
 34S   G 3721                                                                   
         *                                                                        <W> No matching gamma within 5 keV found in Adopted
 34S   L 5993         2+               6.9 FS    LT                         J   
         *                                                                        <W> level not placed in Adopted.
                                                                                        closest level in Adopted:
                                                                                        3304.212  13 2+                  XREF=UACDEGHIJLMNPRTVWYZabcdg
 34S   G 1921         20     8                                                  
         *                                                                        <W> No matching gamma within 5 keV found in Adopted
 34S   G 3866         25     8                                                  
         *                                                                        <W> No matching gamma within 5 keV found in Adopted
 34S   G 5992         55     10 E2                                              
         *                                                                        <W> No matching gamma within 5 keV found in Adopted
 34S   L 6120         1,2              52 FS     LT                         J   
         *                                                                        <W> level not placed in Adopted.
                                                                                        closest level in Adopted:
                                                                                        3304.212  13 2+                  XREF=UACDEGHIJLMNPRTVWYZabcdg
 34S   G 2817         82     7  D+Q                                             
         *                                                                        <W> No matching gamma within 5 keV found in Adopted
 34S   G 3993         18     7                                                  
         *                                                                        <W> No matching gamma within 5 keV found in Adopted
 34S   L 6173         3+               9.0 FS    LT                         J   
         *                                                                        <W> level not placed in Adopted.
                                                                                        closest level in Adopted:
                                                                                        3304.212  13 2+                  XREF=UACDEGHIJLMNPRTVWYZabcdg
 34S   G 1282         6      5                                                  
         *                                                                        <W> No matching gamma within 5 keV found in Adopted
 34S   G 1485         36     5  D+Q      +0.04   +6-3                           
         *                                                                        <W> No matching gamma within 5 keV found in Adopted
 34S   G 2870         38     5  M1+E2    -0.23   7                              
         *                                                                        <W> No matching gamma within 5 keV found in Adopted
 34S   G 4046         20     5  D+Q      -0.43   16                             
         *                                                                        <W> No matching gamma within 5 keV found in Adopted
 34S   L 6251      2  4+               0.42 PS   +49-21                     Z   
         *                                                                        <W> level not placed in Adopted.
                                                                                        closest level in Adopted:
                                                                                        3304.212  13 2+                  XREF=UACDEGHIJLMNPRTVWYZabcdg
 34S   G 1376         57     10 M1+E2    -3.7    +7-26                          
         *                                                                        <W> No matching gamma within 5 keV found in Adopted
 34S   G 1563         43     10                                                 
         *                                                                        <W> No matching gamma within 5 keV found in Adopted
 34S   L 6347         1                25 FS     LT                         J   
         *                                                                        <W> level not placed in Adopted.
                                                                                        closest level in Adopted:
                                                                                        3304.212  13 2+                  XREF=UACDEGHIJLMNPRTVWYZabcdg
 34S   G 3044         70     10 D(+Q)    -0.55   65                             
         *                                                                        <W> No matching gamma within 5 keV found in Adopted
 34S   G 6346         30     10 D                                               
         *                                                                        <W> No matching gamma within 5 keV found in Adopted
 34S   L 6415         4                6.9 FS    LT                         J   
         *                                                                        <W> level not placed in Adopted.
                                                                                        closest level in Adopted:
                                                                                        3304.212  13 2+                  XREF=UACDEGHIJLMNPRTVWYZabcdg
 34S   G 1540         62     5  D                                               
         *                                                                        <W> No matching gamma within 5 keV found in Adopted
 34S   G 1727         38     5  D                                               
         *                                                                        <W> No matching gamma within 5 keV found in Adopted
 34S   L 6480         1                                                     J   
         *                                                                        <W> level not placed in Adopted.
                                                                                        closest level in Adopted:
                                                                                        3304.212  13 2+                  XREF=UACDEGHIJLMNPRTVWYZabcdg
 34S   G 3177         59     10                                                 
         *                                                                        <W> No matching gamma within 5 keV found in Adopted
 34S   G 4353         41     10 D+Q      -1.1    9                              
         *                                                                        <W> No matching gamma within 5 keV found in Adopted
 34S   L 6639      1  4(+)             42 FS     10                         Z   
         *                                                                        <W> level not placed in Adopted.
                                                                                        closest level in Adopted:
                                                                                        3304.212  13 2+                  XREF=UACDEGHIJLMNPRTVWYZabcdg
 34S   G 960          22     10                                                 
         *                                                                        <W> No matching gamma within 5 keV found in Adopted
 34S   G 2017         78     10                                                 
         *                                                                        <W> No matching gamma within 5 keV found in Adopted
 34S   L 6731         2(+),4(+)        6.9 FS    LT                         J   
         *                                                                        <W> level not placed in Adopted.
                                                                                        closest level in Adopted:
                                                                                        3304.212  13 2+                  XREF=UACDEGHIJLMNPRTVWYZabcdg
 34S   G 1856         5      5                                                  
         *                                                                        <W> No matching gamma within 5 keV found in Adopted
 34S   G 2043         20     7                                                  
         *                                                                        <W> No matching gamma within 5 keV found in Adopted
 34S   G 3428         20     7                                                  
         *                                                                        <W> No matching gamma within 5 keV found in Adopted
 34S   G 4604         55     5                                                  
         *                                                                        <W> No matching gamma within 5 keV found in Adopted
 34S   L 6830         2                46 FS     LT                         J   
         *                                                                        <W> level not placed in Adopted.
                                                                                        closest level in Adopted:
                                                                                        3304.212  13 2+                  XREF=UACDEGHIJLMNPRTVWYZabcdg
 34S   G 2208                                                                   
         *                                                                        <W> No matching gamma within 5 keV found in Adopted
 34S   G 2716                                                                   
         *                                                                        <W> No matching gamma within 5 keV found in Adopted
 34S   G 6829                   Q                                               
         *                                                                        <W> No matching gamma within 5 keV found in Adopted
 34S   L 6864      1  2(+),4(+)        28 FS     7                          Z   
         *                                                                        <W> level not placed in Adopted.
                                                                                        closest level in Adopted:
                                                                                        3304.212  13 2+                  XREF=UACDEGHIJLMNPRTVWYZabcdg
 34S   G 2176                                                                   
         *                                                                        <W> No matching gamma within 5 keV found in Adopted
 34S   G 4737                                                                   
         *                                                                        <W> No matching gamma within 5 keV found in Adopted
 34S   L 6890      1  (3,4)            14 FS     LT                         Z   
         *                                                                        <W> level not placed in Adopted.
                                                                                        closest level in Adopted:
                                                                                        3304.212  13 2+                  XREF=UACDEGHIJLMNPRTVWYZabcdg
 34S   L 6950         2                                                     J   
         *                                                                        <W> level not placed in Adopted.
                                                                                        closest level in Adopted:
                                                                                        3304.212  13 2+                  XREF=UACDEGHIJLMNPRTVWYZabcdg
 34S   G 2059                   D(+Q)    0.0     5                              
         *                                                                        <W> No matching gamma within 5 keV found in Adopted
 34S   G 3647                                                                   
         *                                                                        <W> No matching gamma within 5 keV found in Adopted
 34S   L 7112         2                6.9 FS    LT                         J   
         *                                                                        <W> level not placed in Adopted.
                                                                                        closest level in Adopted:
                                                                                        3304.212  13 2+                  XREF=UACDEGHIJLMNPRTVWYZabcdg
 34S   G 3809         26     7                                                  
         *                                                                        <W> No matching gamma within 5 keV found in Adopted
 34S   G 4985         66     7  D+Q      +0.27   +19-15                         
         *                                                                        <W> No matching gamma within 5 keV found in Adopted
 34S   G 7111         8      6  Q                                               
         *                                                                        <W> No matching gamma within 5 keV found in Adopted
 34S   L 7220         2+               13 FS     LT                         J   
         *                                                                        <W> level not placed in Adopted.
                                                                                        closest level in Adopted:
                                                                                        3304.212  13 2+                  XREF=UACDEGHIJLMNPRTVWYZabcdg
 34S   G 2532                                                                   
         *                                                                        <W> No matching gamma within 5 keV found in Adopted
 34S   G 5093                                                                   
         *                                                                        <W> No matching gamma within 5 keV found in Adopted
 34S   G 7219                   E2                                              
         *                                                                        <W> No matching gamma within 5 keV found in Adopted
 34S   L 7248      2  (4)              14 FS     7                          Z   
         *                                                                        <W> level not placed in Adopted.
                                                                                        closest level in Adopted:
                                                                                        3304.212  13 2+                  XREF=UACDEGHIJLMNPRTVWYZabcdg
 34S   G 1560                                                                   
         *                                                                        <W> No matching gamma within 5 keV found in Adopted
 34S   L 7392      1  (4,5)            159 FS    35                         Z   
         *                                                                        <W> level not placed in Adopted.
                                                                                        closest level in Adopted:
                                                                                        3304.212  13 2+                  XREF=UACDEGHIJLMNPRTVWYZabcdg
 34S   L 7629      1                   14 FS     7                          Z   
         *                                                                        <W> level not placed in Adopted.
                                                                                        closest level in Adopted:
                                                                                        3304.212  13 2+                  XREF=UACDEGHIJLMNPRTVWYZabcdg
 34S   L 7788      1  6                80 FS     24                         Z   
         *                                                                        <W> level not placed in Adopted.
                                                                                        closest level in Adopted:
                                                                                        3304.212  13 2+                  XREF=UACDEGHIJLMNPRTVWYZabcdg
 34S   G 2100                   D+Q                                             
         *                                                                        <W> Similar gammas placed differently in Adopted:
                                                                                        2127.498(20)   from level=2127.564    JPI=2+                  
 34S   L 8083      1  5                44 FS     7                          Z   
         *                                                                        <W> level not placed in Adopted.
                                                                                        closest level in Adopted:
                                                                                        3304.212  13 2+                  XREF=UACDEGHIJLMNPRTVWYZabcdg
 34S   L 8293      2  4                28 FS     LT                         Z   
         *                                                                        <W> level not placed in Adopted.
                                                                                        closest level in Adopted:
                                                                                        3304.212  13 2+                  XREF=UACDEGHIJLMNPRTVWYZabcdg
 34S   L 8369      1  (5,7)            83 FS     14                         Z   
         *                                                                        <W> level not placed in Adopted.
                                                                                        closest level in Adopted:
                                                                                        3304.212  13 2+                  XREF=UACDEGHIJLMNPRTVWYZabcdg
 34S   L 8502      2  (4,6)            28 FS     7                          Z   
         *                                                                        <W> level not placed in Adopted.
                                                                                        closest level in Adopted:
                                                                                        3304.212  13 2+                  XREF=UACDEGHIJLMNPRTVWYZabcdg

################################################################################
In dataset of 34S: XN 32S(T,P)     XREF Tag=N

 34S   L 3915      12 0+                               0                        
         *                                                                        <W> level not placed in Adopted.
                                                                                        closest level in Adopted:
                                                                                        3304.212  13 2+                  XREF=UACDEGHIJLMNPRTVWYZabcdg
 34S   L 4085      12                                                           
         *                                                                        <W> level not placed in Adopted.
                                                                                        closest level in Adopted:
                                                                                        3304.212  13 2+                  XREF=UACDEGHIJLMNPRTVWYZabcdg
 34S   L 4121      12 2+                               2                        
         *                                                                        <W> level not placed in Adopted.
                                                                                        closest level in Adopted:
                                                                                        3304.212  13 2+                  XREF=UACDEGHIJLMNPRTVWYZabcdg
 34S   L 4623      13 3-                               3                        
         *                                                                        <W> level not placed in Adopted.
                                                                                        closest level in Adopted:
                                                                                        3304.212  13 2+                  XREF=UACDEGHIJLMNPRTVWYZabcdg
 34S   L 4690      13 (4+)                             (4)                      
         *                                                                        <W> level not placed in Adopted.
                                                                                        closest level in Adopted:
                                                                                        3304.212  13 2+                  XREF=UACDEGHIJLMNPRTVWYZabcdg
 34S   L 4888      13 (2+)                             (2)                      
         *                                                                        <W> level not placed in Adopted.
                                                                                        closest level in Adopted:
                                                                                        3304.212  13 2+                  XREF=UACDEGHIJLMNPRTVWYZabcdg
 34S   L 5225      13 0+                               0                        
         *                                                                        <W> level not placed in Adopted.
                                                                                        closest level in Adopted:
                                                                                        3304.212  13 2+                  XREF=UACDEGHIJLMNPRTVWYZabcdg
 34S   L 5320      13                                                           
         *                                                                        <W> level not placed in Adopted.
                                                                                        closest level in Adopted:
                                                                                        3304.212  13 2+                  XREF=UACDEGHIJLMNPRTVWYZabcdg
 34S   L 5380      13                                                           
         *                                                                        <W> level not placed in Adopted.
                                                                                        closest level in Adopted:
                                                                                        3304.212  13 2+                  XREF=UACDEGHIJLMNPRTVWYZabcdg
 34S   L 5679      14 5-                               5,(1)                    
         *                                                                        <W> level not placed in Adopted.
                                                                                        closest level in Adopted:
                                                                                        3304.212  13 2+                  XREF=UACDEGHIJLMNPRTVWYZabcdg
 34S   L 5759      14 1-                               1                        
         *                                                                        <W> level not placed in Adopted.
                                                                                        closest level in Adopted:
                                                                                        3304.212  13 2+                  XREF=UACDEGHIJLMNPRTVWYZabcdg
 34S   L 5859      14 0+                               0                        
         *                                                                        <W> level not placed in Adopted.
                                                                                        closest level in Adopted:
                                                                                        3304.212  13 2+                  XREF=UACDEGHIJLMNPRTVWYZabcdg
 34S   L 6008      14 2+                               2                        
         *                                                                        <W> level not placed in Adopted.
                                                                                        closest level in Adopted:
                                                                                        3304.212  13 2+                  XREF=UACDEGHIJLMNPRTVWYZabcdg
 34S   L 6128      14 2+                               2                        
         *                                                                        <W> level not placed in Adopted.
                                                                                        closest level in Adopted:
                                                                                        3304.212  13 2+                  XREF=UACDEGHIJLMNPRTVWYZabcdg
 34S   L 6179      14 (3-)                             (3)                      
         *                                                                        <W> level not placed in Adopted.
                                                                                        closest level in Adopted:
                                                                                        3304.212  13 2+                  XREF=UACDEGHIJLMNPRTVWYZabcdg
 34S   L 6256      14                                                           
         *                                                                        <W> level not placed in Adopted.
                                                                                        closest level in Adopted:
                                                                                        3304.212  13 2+                  XREF=UACDEGHIJLMNPRTVWYZabcdg
 34S   L 6349      14 1-                               1                        
         *                                                                        <W> level not placed in Adopted.
                                                                                        closest level in Adopted:
                                                                                        3304.212  13 2+                  XREF=UACDEGHIJLMNPRTVWYZabcdg
 34S   L 6423      14                                                           
         *                                                                        <W> level not placed in Adopted.
                                                                                        closest level in Adopted:
                                                                                        3304.212  13 2+                  XREF=UACDEGHIJLMNPRTVWYZabcdg
 34S   L 6488      14                                                           
         *                                                                        <W> level not placed in Adopted.
                                                                                        closest level in Adopted:
                                                                                        3304.212  13 2+                  XREF=UACDEGHIJLMNPRTVWYZabcdg
 34S   L 6535      15                                                           
         *                                                                        <W> level not placed in Adopted.
                                                                                        closest level in Adopted:
                                                                                        3304.212  13 2+                  XREF=UACDEGHIJLMNPRTVWYZabcdg
 34S   L 6639      15                                                           
         *                                                                        <W> level not placed in Adopted.
                                                                                        closest level in Adopted:
                                                                                        3304.212  13 2+                  XREF=UACDEGHIJLMNPRTVWYZabcdg
 34S   L 6690      15                                                           
         *                                                                        <W> level not placed in Adopted.
                                                                                        closest level in Adopted:
                                                                                        3304.212  13 2+                  XREF=UACDEGHIJLMNPRTVWYZabcdg
 34S   L 6743      15                                                           
         *                                                                        <W> level not placed in Adopted.
                                                                                        closest level in Adopted:
                                                                                        3304.212  13 2+                  XREF=UACDEGHIJLMNPRTVWYZabcdg
 34S   L 6828      15 2+                               2                        
         *                                                                        <W> level not placed in Adopted.
                                                                                        closest level in Adopted:
                                                                                        3304.212  13 2+                  XREF=UACDEGHIJLMNPRTVWYZabcdg
 34S   L 6869      15                                                           
         *                                                                        <W> level not placed in Adopted.
                                                                                        closest level in Adopted:
                                                                                        3304.212  13 2+                  XREF=UACDEGHIJLMNPRTVWYZabcdg
 34S   L 6898      15                                                           
         *                                                                        <W> level not placed in Adopted.
                                                                                        closest level in Adopted:
                                                                                        3304.212  13 2+                  XREF=UACDEGHIJLMNPRTVWYZabcdg
 34S   L 6956      15                                                           
         *                                                                        <W> level not placed in Adopted.
                                                                                        closest level in Adopted:
                                                                                        3304.212  13 2+                  XREF=UACDEGHIJLMNPRTVWYZabcdg
 34S   L 7112      15 3-,(2+)                          3,(2)                    
         *                                                                        <W> level not placed in Adopted.
                                                                                        closest level in Adopted:
                                                                                        3304.212  13 2+                  XREF=UACDEGHIJLMNPRTVWYZabcdg
 34S   L 7245      15 (2+,3-)                          (2,3)                    
         *                                                                        <W> level not placed in Adopted.
                                                                                        closest level in Adopted:
                                                                                        3304.212  13 2+                  XREF=UACDEGHIJLMNPRTVWYZabcdg
 34S   L 7388      15 3-                               3                        
         *                                                                        <W> level not placed in Adopted.
                                                                                        closest level in Adopted:
                                                                                        3304.212  13 2+                  XREF=UACDEGHIJLMNPRTVWYZabcdg
 34S   L 7472      15                                                           
         *                                                                        <W> level not placed in Adopted.
                                                                                        closest level in Adopted:
                                                                                        3304.212  13 2+                  XREF=UACDEGHIJLMNPRTVWYZabcdg
 34S   L 7547      16                                                           
         *                                                                        <W> level not placed in Adopted.
                                                                                        closest level in Adopted:
                                                                                        3304.212  13 2+                  XREF=UACDEGHIJLMNPRTVWYZabcdg
 34S   L 7621      16 3-                               3                        
         *                                                                        <W> level not placed in Adopted.
                                                                                        closest level in Adopted:
                                                                                        3304.212  13 2+                  XREF=UACDEGHIJLMNPRTVWYZabcdg
 34S   L 7714      16                                                           
         *                                                                        <W> level not placed in Adopted.
                                                                                        closest level in Adopted:
                                                                                        3304.212  13 2+                  XREF=UACDEGHIJLMNPRTVWYZabcdg
 34S   L 7739      16 2+                               2                        
         *                                                                        <W> level not placed in Adopted.
                                                                                        closest level in Adopted:
                                                                                        3304.212  13 2+                  XREF=UACDEGHIJLMNPRTVWYZabcdg
 34S   L 7801      16 2+                               2                        
         *                                                                        <W> level not placed in Adopted.
                                                                                        closest level in Adopted:
                                                                                        3304.212  13 2+                  XREF=UACDEGHIJLMNPRTVWYZabcdg
 34S   L 7971      16                                                           
         *                                                                        <W> level not placed in Adopted.
                                                                                        closest level in Adopted:
                                                                                        3304.212  13 2+                  XREF=UACDEGHIJLMNPRTVWYZabcdg
 34S   L 8025      16 0+                               0                        
         *                                                                        <W> level not placed in Adopted.
                                                                                        closest level in Adopted:
                                                                                        3304.212  13 2+                  XREF=UACDEGHIJLMNPRTVWYZabcdg
 34S   L 8255      16 2+                               2                        
         *                                                                        <W> level not placed in Adopted.
                                                                                        closest level in Adopted:
                                                                                        3304.212  13 2+                  XREF=UACDEGHIJLMNPRTVWYZabcdg
 34S   L 8293      16                                                           
         *                                                                        <W> level not placed in Adopted.
                                                                                        closest level in Adopted:
                                                                                        3304.212  13 2+                  XREF=UACDEGHIJLMNPRTVWYZabcdg
 34S   L 8383      16 1-                               1                        
         *                                                                        <W> level not placed in Adopted.
                                                                                        closest level in Adopted:
                                                                                        3304.212  13 2+                  XREF=UACDEGHIJLMNPRTVWYZabcdg
 34S   L 8418      16 4+                               4                        
         *                                                                        <W> level not placed in Adopted.
                                                                                        closest level in Adopted:
                                                                                        3304.212  13 2+                  XREF=UACDEGHIJLMNPRTVWYZabcdg
 34S   L 8496      16 1-                               1                        
         *                                                                        <W> level not placed in Adopted.
                                                                                        closest level in Adopted:
                                                                                        3304.212  13 2+                  XREF=UACDEGHIJLMNPRTVWYZabcdg

################################################################################
In dataset of 34S: XO 32S(A,2HE)     XREF Tag=O

 34S   L 4620                                                                   
         *                                                                        <W> level not placed in Adopted.
                                                                                        closest level in Adopted:
                                                                                        3304.212  13 2+                  XREF=UACDEGHIJLMNPRTVWYZabcdg
 34S   L 5690                                                                   
         *                                                                        <W> level not placed in Adopted.
                                                                                        closest level in Adopted:
                                                                                        3304.212  13 2+                  XREF=UACDEGHIJLMNPRTVWYZabcdg
 34S   L 7240                                                                   
         *                                                                        <W> level not placed in Adopted.
                                                                                        closest level in Adopted:
                                                                                        3304.212  13 2+                  XREF=UACDEGHIJLMNPRTVWYZabcdg
 34S   L 8450                                                                   
         *                                                                        <W> level not placed in Adopted.
                                                                                        closest level in Adopted:
                                                                                        3304.212  13 2+                  XREF=UACDEGHIJLMNPRTVWYZabcdg
 34S   L 10700                                                                  
         *                                                                        <W> level not placed in Adopted.
                                                                                        closest level in Adopted:
                                                                                        3304.212  13 2+                  XREF=UACDEGHIJLMNPRTVWYZabcdg

################################################################################
In dataset of 34S: XP 33S(N,G) E=THERMAL     XREF Tag=P

 34S   L 3916.408  21 0+                                                        
         *                                                                        <W> level not placed in Adopted or discrepant.
                                                                                        closest level in Adopted:
                                                                                        3304.212  13 2+                  XREF=UACDEGHIJLMNPRTVWYZabcdg
                     *                                                            <E> JPI commented from Adopted but no such Adopted level
 34S   G 612.16    5  0.263  28                                                 
         *                                                                        <W> No matching gamma within 5 keV found in Adopted
 34S   G 1788.794  20 79     8                                                  
         *                                                                        <W> No matching gamma within 5 keV found in Adopted
 34S   L 4074.667  13 1+                                                        
         *                                                                        <W> level not placed in Adopted or discrepant.
                                                                                        closest level in Adopted:
                                                                                        3304.212  13 2+                  XREF=UACDEGHIJLMNPRTVWYZabcdg
                     *                                                            <E> JPI commented from Adopted but no such Adopted level
 34S   G 770.428   20 2.75   25                                                 
         *                                                                        <W> No matching gamma within 5 keV found in Adopted
 34S   G 1947.060  20 29.2   26                                                 
         *                                                                        <W> No matching gamma within 5 keV found in Adopted
 34S   G 4074.418  20 31.3   29                                                 
         *                                                                        <W> No matching gamma within 5 keV found in Adopted
 34S   L 4114.81   2  2+                                                        
         *                                                                        <W> level not placed in Adopted or discrepant.
                                                                                        closest level in Adopted:
                                                                                        3304.212  13 2+                  XREF=UACDEGHIJLMNPRTVWYZabcdg
                     *                                                            <E> JPI commented from Adopted but no such Adopted level
 34S   G 1987.19   3  6.5    7                                                  
         *                                                                        <W> No matching gamma within 5 keV found in Adopted
 34S   G 4114.52   4  8.6    9                                                  
         *                                                                        <W> No matching gamma within 5 keV found in Adopted
 34S   L 4624.404  16 3-                                                        
         *                                                                        <W> level not placed in Adopted or discrepant.
                                                                                        closest level in Adopted:
                                                                                        3304.212  13 2+                  XREF=UACDEGHIJLMNPRTVWYZabcdg
                     *                                                            <E> JPI commented from Adopted but no such Adopted level
 34S   G 708.0        0.11   LT                                             B  ?
                               *                                                  <W> large deltaJ=3 ([E3]), but no Mult is given
                                                                                        JI=3- JF(3916.408)=0+
 34S   G 1320.169  20 38     4                                                  
         *                                                                        <W> No matching gamma within 5 keV found in Adopted
 34S   G 2496.726  20 15.4   14                                                 
         *                                                                        <W> No matching gamma within 5 keV found in Adopted
 34S   G 4624.2    5  0.21   5  [E3]                                            
         *                                                                        <W> No matching gamma within 5 keV found in Adopted
 34S   L 4688.97   4  4+                                                        
         *                                                                        <W> level not placed in Adopted or discrepant.
                                                                                        closest level in Adopted:
                                                                                        3304.212  13 2+                  XREF=UACDEGHIJLMNPRTVWYZabcdg
                     *                                                            <E> JPI commented from Adopted but no such Adopted level
 34S   G 2561.36   5  3.6    4                                                  
         *                                                                        <W> No matching gamma within 5 keV found in Adopted
 34S   L 4876.842  23 3+                                                        
         *                                                                        <W> level not placed in Adopted or discrepant.
                                                                                        closest level in Adopted:
                                                                                        3304.212  13 2+                  XREF=UACDEGHIJLMNPRTVWYZabcdg
                     *                                                            <E> JPI commented from Adopted but no such Adopted level
 34S   G 960.4        0.08   LT                                             B  ?
                               *                                                  <W> large deltaJ=3 ([M3]), but no Mult is given
                                                                                        JI=3+ JF(3916.408)=0+
 34S   G 1572.57   5  5.6    6                                                  
         *                                                                        <W> No matching gamma within 5 keV found in Adopted
 34S   G 2749.24   5  7.0    7                                                  
         *                                                                        <W> No matching gamma within 5 keV found in Adopted
 34S   G 4876.8       0.25   LT                                             B  ?
                               *                                                  <W> large deltaJ=3 ([M3]), but no Mult is given
                                                                                        JI=3+ JF(0.0)=0+
 34S   L 4889.76   2  2+                                                        
         *                                                                        <W> level not placed in Adopted or discrepant.
                                                                                        closest level in Adopted:
                                                                                        3304.212  13 2+                  XREF=UACDEGHIJLMNPRTVWYZabcdg
                     *                                                            <E> JPI commented from Adopted but no such Adopted level
 34S   G 1585.510  20 2.52   23                                                 
         *                                                                        <W> No matching gamma within 5 keV found in Adopted
 34S   G 2762.10   8  3.0    3                                                  
         *                                                                        <W> No matching gamma within 5 keV found in Adopted
 34S   G 4889.30   8  2.68   26                                                 
         *                                                                        <W> No matching gamma within 5 keV found in Adopted
 34S   L 5228.175  22 0+                                                        
         *                                                                        <W> level not placed in Adopted or discrepant.
                                                                                        closest level in Adopted:
                                                                                        3304.212  13 2+                  XREF=UACDEGHIJLMNPRTVWYZabcdg
                     *                                                            <E> JPI commented from Adopted but no such Adopted level
 34S   G 351.3        0.10   LT                                             B  ?
                               *                                                  <W> large deltaJ=3 ([M3]), but no Mult is given
                                                                                        JI=0+ JF(4876.842)=3+
 34S   G 539.2        0.04   LT                                             B  ?
                               *                                                  <W> large deltaJ=4 ([E4]), but no Mult is given
                                                                                        JI=0+ JF(4688.97)=4+
 34S   G 603.8        0.04   LT                                             B  ?
                               *                                                  <W> large deltaJ=3 ([E3]), but no Mult is given
                                                                                        JI=0+ JF(4624.404)=3-
 34S   G 1113.27   9  0.41   6                                                  
         *                                                                        <W> No matching gamma within 5 keV found in Adopted
 34S   G 1153.492  20 10.0   9                                                  
         *                                                                        <W> No matching gamma within 5 keV found in Adopted
 34S   L 5322.514  28 2(-)                                                      
         *                                                                        <W> level not placed in Adopted or discrepant.
                                                                                        closest level in Adopted:
                                                                                        3304.212  13 2+                  XREF=UACDEGHIJLMNPRTVWYZabcdg
                     *                                                            <E> JPI commented from Adopted but no such Adopted level
 34S   G 698.18    13 0.101  14                                                 
         *                                                                        <W> No matching gamma within 5 keV found in Adopted
 34S   G 1247.92   6  0.59   7                                                  
         *                                                                        <W> No matching gamma within 5 keV found in Adopted
 34S   G 3194.74   5  7.4    8                                                  
         *                                                                        <W> No matching gamma within 5 keV found in Adopted
 34S   L 5380.99   3  1+                                                        
         *                                                                        <W> level not placed in Adopted or discrepant.
                                                                                        closest level in Adopted:
                                                                                        3304.212  13 2+                  XREF=UACDEGHIJLMNPRTVWYZabcdg
                     *                                                            <E> JPI commented from Adopted but no such Adopted level
 34S   G 692.0        0.06   LT                                             B  ?
                               *                                                  <W> large deltaJ=3 ([M3]), but no Mult is given
                                                                                        JI=1+ JF(4688.97)=4+
 34S   G 1266.11   5  0.66   7                                                  
         *                                                                        <W> No matching gamma within 5 keV found in Adopted
 34S   G 2076.89   8  1.48   16                                                 
         *                                                                        <W> No matching gamma within 5 keV found in Adopted
 34S   G 3253.21   6  3.8    4                                                  
         *                                                                        <W> No matching gamma within 5 keV found in Adopted
 34S   G 5380.59   9  1.97   20                                                 
         *                                                                        <W> No matching gamma within 5 keV found in Adopted
 34S   L 5679.928  17 3-                                                        
         *                                                                        <W> level not placed in Adopted or discrepant.
                                                                                        closest level in Adopted:
                                                                                        3304.212  13 2+                  XREF=UACDEGHIJLMNPRTVWYZabcdg
                     *                                                            <E> JPI commented from Adopted but no such Adopted level
 34S   G 451.8        0.05   LT                                             B  ?
                               *                                                  <W> large deltaJ=3 ([E3]), but no Mult is given
                                                                                        JI=3- JF(5228.175)=0+
 34S   G 789.1     6  0.39   7                                                  
         *                                                                        <W> No matching gamma within 5 keV found in Adopted
 34S   G 803.103   27 1.14   11                                                 
         *                                                                        <W> No matching gamma within 5 keV found in Adopted
 34S   G 1055.491  20 7.0    7                                                  
         *                                                                        <W> No matching gamma within 5 keV found in Adopted
 34S   G 1564.8    5  0.91   20                                                 
         *                                                                        <W> No matching gamma within 5 keV found in Adopted
 34S   G 1763.5       0.11   LT                                             B  ?
                               *                                                  <W> large deltaJ=3 ([E3]), but no Mult is given
                                                                                        JI=3- JF(3916.408)=0+
 34S   G 2375.657  20 26.0   24                                                 
         *                                                                        <W> No matching gamma within 5 keV found in Adopted
 34S   G 3552.08   4  17.34  17                                                 
         *                                                                        <W> No matching gamma within 5 keV found in Adopted
 34S   G 5679.9       0.53   LT                                             B  ?
                               *                                                  <W> large deltaJ=3 ([E3]), but no Mult is given
                                                                                        JI=3- JF(0.0)=0+
 34S   L 5755.876  21 1-                                                        
         *                                                                        <W> level not placed in Adopted or discrepant.
                                                                                        closest level in Adopted:
                                                                                        3304.212  13 2+                  XREF=UACDEGHIJLMNPRTVWYZabcdg
                     *                                                            <E> JPI commented from Adopted but no such Adopted level
 34S   G 1066.9       0.09   LT                                             B  ?
                               *                                                  <W> large deltaJ=3 ([E3]), but no Mult is given
                                                                                        JI=1- JF(4688.97)=4+
 34S   G 1640.7    10 0.17   10                                                 
         *                                                                        <W> No matching gamma within 5 keV found in Adopted
 34S   G 2451.557  20 5.2    5                                                  
         *                                                                        <W> No matching gamma within 5 keV found in Adopted
 34S   G 3628.10   4  17.6   16                                                 
         *                                                                        <W> No matching gamma within 5 keV found in Adopted
 34S   G 5755.5    5  0.51   8                                                  
         *                                                                        <W> No matching gamma within 5 keV found in Adopted
 34S   L 5847.524  29 0+                                                        
         *                                                                        <W> level not placed in Adopted or discrepant.
                                                                                        closest level in Adopted:
                                                                                        3304.212  13 2+                  XREF=UACDEGHIJLMNPRTVWYZabcdg
                     *                                                            <E> JPI commented from Adopted but no such Adopted level
 34S   G 619.4        0.09   LT                                             B  ?
                               *                                                  <W> Check E0 transition.
 34S   G 970.7        0.14   LT                                             B  ?
                               *                                                  <W> large deltaJ=3 ([M3]), but no Mult is given
                                                                                        JI=0+ JF(4876.842)=3+
 34S   G 1158.6       0.26   LT                                             B  ?
                               *                                                  <W> large deltaJ=4 ([E4]), but no Mult is given
                                                                                        JI=0+ JF(4688.97)=4+
 34S   G 1223.1       0.20   LT                                             B  ?
                               *                                                  <W> large deltaJ=3 ([E3]), but no Mult is given
                                                                                        JI=0+ JF(4624.404)=3-
 34S   G 1772.82   4  1.40   14                                                 
         *                                                                        <W> No matching gamma within 5 keV found in Adopted
 34S   G 2543.13   10 9.6    9                                              &   
         *                                                                        <W> No matching gamma within 5 keV found in Adopted
 34S   G 3719.68   16 1.91   20                                                 
         *                                                                        <W> No matching gamma within 5 keV found in Adopted
 34S   L 5998.10   8  2+                                                        
         *                                                                        <W> level not placed in Adopted or discrepant.
                                                                                        closest level in Adopted:
                                                                                        3304.212  13 2+                  XREF=UACDEGHIJLMNPRTVWYZabcdg
                     *                                                            <E> JPI commented from Adopted but no such Adopted level
 34S   G 1121.33   9  0.35   5                                                  
         *                                                                        <W> No matching gamma within 5 keV found in Adopted
 34S   G 1922.92   22 0.61   11                                                 
         *                                                                        <W> No matching gamma within 5 keV found in Adopted
 34S   G 3870.51   31 0.56   8                                                  
         *                                                                        <W> No matching gamma within 5 keV found in Adopted
 34S   G 5997.30   31 0.34   6                                                  
         *                                                                        <W> No matching gamma within 5 keV found in Adopted
 34S   L 6121.56   10 2+                                                        
         *                                                                        <W> level not placed in Adopted or discrepant.
                                                                                        closest level in Adopted:
                                                                                        3304.212  13 2+                  XREF=UACDEGHIJLMNPRTVWYZabcdg
                     *                                                            <E> JPI commented from Adopted but no such Adopted level
 34S   G 2817.76   25 0.84   13                                             &   
         *                                                                        <W> No matching gamma within 5 keV found in Adopted
 34S   G 3994.8    8  0.25   7                                                  
         *                                                                        <W> No matching gamma within 5 keV found in Adopted
 34S   L 6168.862  28 3-                                                        
         *                                                                        <W> level not placed in Adopted or discrepant.
                                                                                        closest level in Adopted:
                                                                                        3304.212  13 2+                  XREF=UACDEGHIJLMNPRTVWYZabcdg
                     *                                                            <E> JPI commented from Adopted but no such Adopted level
 34S   G 846.1     13 0.28   18                                                 
         *                                                                        <W> No matching gamma within 5 keV found in Adopted
 34S   G 940.7        0.29   LT                                             B  ?
                               *                                                  <W> large deltaJ=3 ([E3]), but no Mult is given
                                                                                        JI=3- JF(5228.175)=0+
 34S   G 1479.73   15 0.263  32                                                 
         *                                                                        <W> No matching gamma within 5 keV found in Adopted
 34S   G 1544.41   10 2.58   24                                             &   
         *                                                                        <W> No matching gamma within 5 keV found in Adopted
 34S   G 2053.94   14 0.59   9                                                  
         *                                                                        <W> No matching gamma within 5 keV found in Adopted
 34S   G 2252.5       0.11   LT                                             B  ?
                               *                                                  <W> large deltaJ=3 ([E3]), but no Mult is given
                                                                                        JI=3- JF(3916.408)=0+
 34S   G 2864.56   4  10.9   11                                                 
         *                                                                        <W> No matching gamma within 5 keV found in Adopted
 34S   G 4040.63   29 0.54   8                                                  
         *                                                                        <W> No matching gamma within 5 keV found in Adopted
 34S   L 6251.23   19 4+                                                        
         *                                                                        <W> level not placed in Adopted or discrepant.
                                                                                        closest level in Adopted:
                                                                                        3304.212  13 2+                  XREF=UACDEGHIJLMNPRTVWYZabcdg
                     *                                                            <E> JPI commented from Adopted but no such Adopted level
 34S   G 1374.34   20 0.37   8                                                  
         *                                                                        <W> No matching gamma within 5 keV found in Adopted
 34S   G 1562.3    5  0.80   20                                                 
         *                                                                        <W> No matching gamma within 5 keV found in Adopted
 34S   L 6251.68   9  4-                                                        
         *                                                                        <W> level not placed in Adopted or discrepant.
                                                                                        closest level in Adopted:
                                                                                        3304.212  13 2+                  XREF=UACDEGHIJLMNPRTVWYZabcdg
                     *                                                            <E> JPI commented from Adopted but no such Adopted level
 34S   G 571.7     6  0.08   3                                                  
         *                                                                        <W> No matching gamma within 5 keV found in Adopted
 34S   G 1627.2    10 0.19   7                                                  
         *                                                                        <W> No matching gamma within 5 keV found in Adopted
 34S   L 6342.52   10 1-                                                        
         *                                                                        <W> level not placed in Adopted or discrepant.
                                                                                        closest level in Adopted:
                                                                                        3304.212  13 2+                  XREF=UACDEGHIJLMNPRTVWYZabcdg
                     *                                                            <E> JPI commented from Adopted but no such Adopted level
 34S   G 3038.18   32 1.27   17                                                 
         *                                                                        <W> No matching gamma within 5 keV found in Adopted
 34S   G 6341.58   32 0.45   8                                                  
         *                                                                        <W> No matching gamma within 5 keV found in Adopted
 34S   L 6421.34   8  4-                                                        
         *                                                                        <W> level not placed in Adopted or discrepant.
                                                                                        closest level in Adopted:
                                                                                        3304.212  13 2+                  XREF=UACDEGHIJLMNPRTVWYZabcdg
                     *                                                            <E> JPI commented from Adopted but no such Adopted level
 34S   G 1544.41   10 2.58   24                                             &   
         *                                                                        <W> No matching gamma within 5 keV found in Adopted
 34S   G 1732.39   11 0.44   6                                                  
         *                                                                        <W> No matching gamma within 5 keV found in Adopted
 34S   L 6428.13   7  (2+)                                                      
         *                                                                        <W> level not placed in Adopted or discrepant.
                                                                                        closest level in Adopted:
                                                                                        3304.212  13 2+                  XREF=UACDEGHIJLMNPRTVWYZabcdg
                     *                                                            <E> JPI commented from Adopted but no such Adopted level
 34S   G 306.63    16 0.089  20                                                 
         *                                                                        <W> No matching gamma within 5 keV found in Adopted
 34S   G 1739.32   9  0.48   6                                                  
         *                                                                        <W> No matching gamma within 5 keV found in Adopted
 34S   G 2353.06   21 0.23   4                                                  
         *                                                                        <W> No matching gamma within 5 keV found in Adopted
 34S   L 6478.770  22 1-                                                        
         *                                                                        <W> level not placed in Adopted or discrepant.
                                                                                        closest level in Adopted:
                                                                                        3304.212  13 2+                  XREF=UACDEGHIJLMNPRTVWYZabcdg
                     *                                                            <E> JPI commented from Adopted but no such Adopted level
 34S   G 631.13    6  0.283  31                                                 
         *                                                                        <W> No matching gamma within 5 keV found in Adopted
 34S   G 722.95    14 0.175  22                                                 
         *                                                                        <W> No matching gamma within 5 keV found in Adopted
 34S   G 798.92    10 0.29   4                                                  
         *                                                                        <W> No matching gamma within 5 keV found in Adopted
 34S   G 1156.39   7  1.57   18                                                 
         *                                                                        <W> No matching gamma within 5 keV found in Adopted
 34S   G 1602.06   15 0.43   7                                                  
         *                                                                        <W> No matching gamma within 5 keV found in Adopted
 34S   G 1854.28   4  1.28   13                                                 
         *                                                                        <W> No matching gamma within 5 keV found in Adopted
 34S   G 2404.04   6  1.07   11                                                 
         *                                                                        <W> No matching gamma within 5 keV found in Adopted
 34S   G 3174.37   5  10.5   10                                                 
         *                                                                        <W> No matching gamma within 5 keV found in Adopted
 34S   G 4350.85   9  6.2    7                                                  
         *                                                                        <W> No matching gamma within 5 keV found in Adopted
 34S   L 6685.333  29 (0:3)-                                                    
         *                                                                        <W> level not placed in Adopted or discrepant.
                                                                                        closest level in Adopted:
                                                                                        3304.212  13 2+                  XREF=UACDEGHIJLMNPRTVWYZabcdg
                     *                                                            <E> JPI commented from Adopted but no such Adopted level
 34S   G 929.436   21 1.07   10                                                 
         *                                                                        <W> No matching gamma within 5 keV found in Adopted
 34S   L 6828.83   18 2+                                                        
         *                                                                        <W> level not placed in Adopted or discrepant.
                                                                                        closest level in Adopted:
                                                                                        3304.212  13 2+                  XREF=UACDEGHIJLMNPRTVWYZabcdg
                     *                                                            <E> JPI commented from Adopted but no such Adopted level
 34S   G 2753.3    13 0.93   23                                                 
         *                                                                        <W> No matching gamma within 5 keV found in Adopted
 34S   L 6847.90   6  (1,2+)                                                    
         *                                                                        <W> level not placed in Adopted or discrepant.
                                                                                        closest level in Adopted:
                                                                                        3304.212  13 2+                  XREF=UACDEGHIJLMNPRTVWYZabcdg
                     *                                                            <E> JPI commented from Adopted but no such Adopted level
 34S   G 1525.39   6  1.13   11                                                 
         *                                                                        <W> No matching gamma within 5 keV found in Adopted
 34S   G 6846.37   32 0.56   7                                                  
         *                                                                        <W> No matching gamma within 5 keV found in Adopted
 34S   L 6954.218  30 (2)-                                                      
         *                                                                        <W> level not placed in Adopted or discrepant.
                                                                                        closest level in Adopted:
                                                                                        3304.212  13 2+                  XREF=UACDEGHIJLMNPRTVWYZabcdg
                     *                                                            <E> JPI commented from Adopted but no such Adopted level
 34S   G 1274.30   4  1.17   11                                                 
         *                                                                        <W> No matching gamma within 5 keV found in Adopted
 34S   G 1631.641  25 2.88   27                                                 
         *                                                                        <W> No matching gamma within 5 keV found in Adopted
 34S   G 2839.3    4  1.00   16                                                 
         *                                                                        <W> No matching gamma within 5 keV found in Adopted
 34S   G 3649.88   12 3.11   31                                                 
         *                                                                        <W> No matching gamma within 5 keV found in Adopted
 34S   G 4826.0    5  0.11   5                                                  
         *                                                                        <W> No matching gamma within 5 keV found in Adopted
 34S   L 7110.451  33 3-                                                        
         *                                                                        <W> level not placed in Adopted or discrepant.
                                                                                        closest level in Adopted:
                                                                                        3304.212  13 2+                  XREF=UACDEGHIJLMNPRTVWYZabcdg
                     *                                                            <E> JPI commented from Adopted but no such Adopted level
 34S   G 281.34    24 0.023  8                                                  
         *                                                                        <W> No matching gamma within 5 keV found in Adopted
 34S   G 941.59    6  0.41   5                                                  
         *                                                                        <W> No matching gamma within 5 keV found in Adopted
 34S   G 989.1     3  0.079  23                                             &   
         *                                                                        <W> No matching gamma within 5 keV found in Adopted
 34S   G 2233.49   4  5.0    5                                                  
         *                                                                        <W> No matching gamma within 5 keV found in Adopted
 34S   G 2995.8    6  0.37   10                                                 
         *                                                                        <W> No matching gamma within 5 keV found in Adopted
 34S   G 4982.44   20 1.31   14                                                 
         *                                                                        <W> No matching gamma within 5 keV found in Adopted
 34S   L 7164.47   17 (0:3)+                                                    
         *                                                                        <W> level not placed in Adopted or discrepant.
                                                                                        closest level in Adopted:
                                                                                        3304.212  13 2+                  XREF=UACDEGHIJLMNPRTVWYZabcdg
                     *                                                            <E> JPI commented from Adopted but no such Adopted level
 34S   G 3089.53   26 0.56   11                                                 
         *                                                                        <W> No matching gamma within 5 keV found in Adopted
 34S   G 5036.4    7  0.25   6                                                  
         *                                                                        <W> No matching gamma within 5 keV found in Adopted
 34S   L 7219.28   6  (2+)                                                      
         *                                                                        <W> level not placed in Adopted or discrepant.
                                                                                        closest level in Adopted:
                                                                                        3304.212  13 2+                  XREF=UACDEGHIJLMNPRTVWYZabcdg
                     *                                                            <E> JPI commented from Adopted but no such Adopted level
 34S   G 2328.8    5  0.14   4                                                  
         *                                                                        <W> No matching gamma within 5 keV found in Adopted
 34S   G 2530.25   10 0.51   7                                                  
         *                                                                        <W> No matching gamma within 5 keV found in Adopted
 34S   G 7218.48   13 2.71   28                                                 
         *                                                                        <W> No matching gamma within 5 keV found in Adopted
 34S   L 7248.05   11 (2+,3-)                                                   
         *                                                                        <W> level not placed in Adopted or discrepant.
                                                                                        closest level in Adopted:
                                                                                        3304.212  13 2+                  XREF=UACDEGHIJLMNPRTVWYZabcdg
                     *                                                            <E> JPI commented from Adopted but no such Adopted level
 34S   G 2558.82   13 1.24   14                                                 
         *                                                                        <W> No matching gamma within 5 keV found in Adopted
 34S   L 7367.42   10 (1+,2+)                                                   
         *                                                                        <W> level not placed in Adopted or discrepant.
                                                                                        closest level in Adopted:
                                                                                        3304.212  13 2+                  XREF=UACDEGHIJLMNPRTVWYZabcdg
                     *                                                            <E> JPI commented from Adopted but no such Adopted level
 34S   G 2490.6    13 0.62   16                                                 
         *                                                                        <W> No matching gamma within 5 keV found in Adopted
 34S   G 3451.5    9  0.35   10                                                 
         *                                                                        <W> No matching gamma within 5 keV found in Adopted
 34S   G 5239.8    4  0.65   9                                                  
         *                                                                        <W> No matching gamma within 5 keV found in Adopted
 34S   L 7467.74   10 (0+,1,2)                                                  
         *                                                                        <W> level not placed in Adopted or discrepant.
                                                                                        closest level in Adopted:
                                                                                        3304.212  13 2+                  XREF=UACDEGHIJLMNPRTVWYZabcdg
                     *                                                            <E> JPI commented from Adopted but no such Adopted level
 34S   G 989.1     3  0.079  23                                             &   
         *                                                                        <W> No matching gamma within 5 keV found in Adopted
 34S   G 1469.67   24 0.23   4                                                  
         *                                                                        <W> No matching gamma within 5 keV found in Adopted
 34S   G 3392.86   24 1.57   19                                                 
         *                                                                        <W> No matching gamma within 5 keV found in Adopted
 34S   L 7552.70   8  (1,2,3-)                                                  
         *                                                                        <W> level not placed in Adopted or discrepant.
                                                                                        closest level in Adopted:
                                                                                        3304.212  13 2+                  XREF=UACDEGHIJLMNPRTVWYZabcdg
                     *                                                            <E> JPI commented from Adopted but no such Adopted level
 34S   G 1210.04   13 0.162  22                                                 
         *                                                                        <W> No matching gamma within 5 keV found in Adopted
 34S   G 2230.14   14 0.80   10                                                 
         *                                                                        <W> No matching gamma within 5 keV found in Adopted
 34S   G 4248.28   21 1.59   18                                                 
         *                                                                        <W> No matching gamma within 5 keV found in Adopted
 34S   L 7629.907  21 3-                                                        
         *                                                                        <W> level not placed in Adopted or discrepant.
                                                                                        closest level in Adopted:
                                                                                        3304.212  13 2+                  XREF=UACDEGHIJLMNPRTVWYZabcdg
                     *                                                            <E> JPI commented from Adopted but no such Adopted level
 34S   G 2401.7       0.13   LT                                             B  ?
                               *                                                  <W> large deltaJ=3 ([E3]), but no Mult is given
                                                                                        JI=3- JF(5228.175)=0+
 34S   G 2940.42   31 1.05   15                                                 
         *                                                                        <W> No matching gamma within 5 keV found in Adopted
 34S   G 3005.39   5  10.0   10                                                 
         *                                                                        <W> No matching gamma within 5 keV found in Adopted
 34S   G 3515.07   11 1.43   16                                                 
         *                                                                        <W> No matching gamma within 5 keV found in Adopted
 34S   G 3713.5       0.18   LT                                             B  ?
                               *                                                  <W> large deltaJ=3 ([E3]), but no Mult is given
                                                                                        JI=3- JF(3916.408)=0+
 34S   G 4325.397  30 12.7   12                                                 
         *                                                                        <W> No matching gamma within 5 keV found in Adopted
 34S   G 7629.9       0.33   LT                                             B  ?
                               *                                                  <W> large deltaJ=3 ([E3]), but no Mult is given
                                                                                        JI=3- JF(0.0)=0+
 34S   L 7730.79   15 (1-,2-,3-)                                                
         *                                                                        <W> level not placed in Adopted or discrepant.
                                                                                        closest level in Adopted:
                                                                                        3304.212  13 2+                  XREF=UACDEGHIJLMNPRTVWYZabcdg
                     *                                                            <E> JPI commented from Adopted but no such Adopted level
 34S   G 5602.78   15 1.15   14                                                 
         *                                                                        <W> No matching gamma within 5 keV found in Adopted
 34S   L 7781.22   6  (1)-                                                      
         *                                                                        <W> level not placed in Adopted or discrepant.
                                                                                        closest level in Adopted:
                                                                                        3304.212  13 2+                  XREF=UACDEGHIJLMNPRTVWYZabcdg
                     *                                                            <E> JPI commented from Adopted but no such Adopted level
 34S   G 1353.46   16 0.38   5                                                  
         *                                                                        <W> No matching gamma within 5 keV found in Adopted
 34S   G 7780.22   10 3.8    5                                                  
         *                                                                        <W> No matching gamma within 5 keV found in Adopted
 34S   L 7974.72   16 (1,2+)                                                    
         *                                                                        <W> level not placed in Adopted or discrepant.
                                                                                        closest level in Adopted:
                                                                                        3304.212  13 2+                  XREF=UACDEGHIJLMNPRTVWYZabcdg
                     *                                                            <E> JPI commented from Adopted but no such Adopted level
 34S   G 4670.1    6  0.11   6                                                  
         *                                                                        <W> No matching gamma within 5 keV found in Adopted
 34S   G 5847.4    5  0.25   6                                                  
         *                                                                        <W> No matching gamma within 5 keV found in Adopted
 34S   G 7973.45   25 0.42   6                                                  
         *                                                                        <W> No matching gamma within 5 keV found in Adopted
 34S   L 8036.31   14 (1-,2+)                                                   
         *                                                                        <W> level not placed in Adopted or discrepant.
                                                                                        closest level in Adopted:
                                                                                        3304.212  13 2+                  XREF=UACDEGHIJLMNPRTVWYZabcdg
                     *                                                            <E> JPI commented from Adopted but no such Adopted level
 34S   G 925.79    14 0.171  21                                                 
         *                                                                        <W> No matching gamma within 5 keV found in Adopted
 34S   G 8036.6    7  0.18   4                                                  
         *                                                                        <W> No matching gamma within 5 keV found in Adopted
 34S   L 8138.08   7  (1)-                                                      
         *                                                                        <W> level not placed in Adopted or discrepant.
                                                                                        closest level in Adopted:
                                                                                        3304.212  13 2+                  XREF=UACDEGHIJLMNPRTVWYZabcdg
                     *                                                            <E> JPI commented from Adopted but no such Adopted level
 34S   G 1795.3    3  0.19   5                                              &   
         *                                                                        <W> No matching gamma within 5 keV found in Adopted
 34S   G 2290.26   15 0.27   5                                                  
         *                                                                        <W> No matching gamma within 5 keV found in Adopted
 34S   G 6010.3    3  0.50   8                                                  
         *                                                                        <W> No matching gamma within 5 keV found in Adopted
 34S   G 8136.98   17 1.40   16                                                 
         *                                                                        <W> No matching gamma within 5 keV found in Adopted
 34S   L 8174.9    4  (1,2+)                                                    
         *                                                                        <W> level not placed in Adopted or discrepant.
                                                                                        closest level in Adopted:
                                                                                        3304.212  13 2+                  XREF=UACDEGHIJLMNPRTVWYZabcdg
                     *                                                            <E> JPI commented from Adopted but no such Adopted level
 34S   G 2945.8    10 0.30   9                                              &   
         *                                                                        <W> No matching gamma within 5 keV found in Adopted
 34S   G 8173.8    9  0.157  31                                                 
         *                                                                        <W> No matching gamma within 5 keV found in Adopted
 34S   L 8185.46   12 (1)+                                                      
         *                                                                        <W> level not placed in Adopted or discrepant.
                                                                                        closest level in Adopted:
                                                                                        3304.212  13 2+                  XREF=UACDEGHIJLMNPRTVWYZabcdg
                     *                                                            <E> JPI commented from Adopted but no such Adopted level
 34S   G 8184.70   24 0.64   7                                                  
         *                                                                        <W> No matching gamma within 5 keV found in Adopted
 34S   L 8205.4    1  (1-:4+)                                                   
         *                                                                        <W> level not placed in Adopted or discrepant.
                                                                                        closest level in Adopted:
                                                                                        3304.212  13 2+                  XREF=UACDEGHIJLMNPRTVWYZabcdg
                     *                                                            <E> JPI commented from Adopted but no such Adopted level
 34S   G 3581.2    4  0.37   7                                                  
         *                                                                        <W> No matching gamma within 5 keV found in Adopted
 34S   G 6077.27   12 1.19   13                                                 
         *                                                                        <W> No matching gamma within 5 keV found in Adopted
 34S   L 8294.40   9  (0+:3-)                                                   
         *                                                                        <W> level not placed in Adopted or discrepant.
                                                                                        closest level in Adopted:
                                                                                        3304.212  13 2+                  XREF=UACDEGHIJLMNPRTVWYZabcdg
                     *                                                            <E> JPI commented from Adopted but no such Adopted level
 34S   G 1951.77   19 0.53   11                                                 
         *                                                                        <W> No matching gamma within 5 keV found in Adopted
 34S   G 6166.24   13 1.55   17                                                 
         *                                                                        <W> No matching gamma within 5 keV found in Adopted
 34S   L 8385.41   6  1-                                                        
         *                                                                        <W> level not placed in Adopted or discrepant.
                                                                                        closest level in Adopted:
                                                                                        3304.212  13 2+                  XREF=UACDEGHIJLMNPRTVWYZabcdg
                     *                                                            <E> JPI commented from Adopted but no such Adopted level
 34S   G 8384.28   9  3.43   33                                                 
         *                                                                        <W> No matching gamma within 5 keV found in Adopted
 34S   L 8506.77   4  1-                                                        
         *                                                                        <W> level not placed in Adopted or discrepant.
                                                                                        closest level in Adopted:
                                                                                        3304.212  13 2+                  XREF=UACDEGHIJLMNPRTVWYZabcdg
                     *                                                            <E> JPI commented from Adopted but no such Adopted level
 34S   G 3183.9    7  0.12   8                                                  
         *                                                                        <W> No matching gamma within 5 keV found in Adopted
 34S   G 4391.77   29 0.44   9                                                  
         *                                                                        <W> No matching gamma within 5 keV found in Adopted
 34S   G 5202.06   6  3.00   29                                                 
         *                                                                        <W> No matching gamma within 5 keV found in Adopted
 34S   G 8505.68   10 4.7    5                                                  
         *                                                                        <W> No matching gamma within 5 keV found in Adopted
 34S   L 8615.74   4  (2-,3+)                                                   
         *                                                                        <W> level not placed in Adopted or discrepant.
                                                                                        closest level in Adopted:
                                                                                        3304.212  13 2+                  XREF=UACDEGHIJLMNPRTVWYZabcdg
                     *                                                            <E> JPI commented from Adopted but no such Adopted level
 34S   G 2363.97   8  2.1    11                                                 
         *                                                                        <W> No matching gamma within 5 keV found in Adopted
 34S   G 3738.69   17 1.18   17                                                 
         *                                                                        <W> No matching gamma within 5 keV found in Adopted
 34S   G 3990.7    7  0.29   7                                                  
         *                                                                        <W> No matching gamma within 5 keV found in Adopted
 34S   G 4540.68   15 1.70   20                                                 
         *                                                                        <W> No matching gamma within 5 keV found in Adopted
 34S   G 5311.10   15 0.80   10                                                 
         *                                                                        <W> No matching gamma within 5 keV found in Adopted
 34S   G 6487.48   6  3.6    4                                                  
         *                                                                        <W> No matching gamma within 5 keV found in Adopted
 34S   L 8702.35   12 (1-,2)                                                    
         *                                                                        <W> level not placed in Adopted or discrepant.
                                                                                        closest level in Adopted:
                                                                                        3304.212  13 2+                  XREF=UACDEGHIJLMNPRTVWYZabcdg
                     *                                                            <E> JPI commented from Adopted but no such Adopted level
 34S   G 516.86    12 0.32   5                                                  
         *                                                                        <W> No matching gamma within 5 keV found in Adopted
 34S   G 2945.8    10 0.30   9                                              &   
         *                                                                        <W> No matching gamma within 5 keV found in Adopted
 34S   G 3022.0    10 0.16   9                                                  
         *                                                                        <W> No matching gamma within 5 keV found in Adopted
 34S   G 3812.0    5  0.25   6                                                  
         *                                                                        <W> No matching gamma within 5 keV found in Adopted
 34S   G 6573.6    4  1.09   19                                                 
         *                                                                        <W> No matching gamma within 5 keV found in Adopted
 34S   L 8727.64   7  (1-,2+)                                                   
         *                                                                        <W> level not placed in Adopted or discrepant.
                                                                                        closest level in Adopted:
                                                                                        3304.212  13 2+                  XREF=UACDEGHIJLMNPRTVWYZabcdg
                     *                                                            <E> JPI commented from Adopted but no such Adopted level
 34S   G 1617.00   12 1.94   25                                                 
         *                                                                        <W> No matching gamma within 5 keV found in Adopted
 34S   G 3500.3    5  0.48   11                                                 
         *                                                                        <W> No matching gamma within 5 keV found in Adopted
 34S   G 6600.1    7  0.23   5                                                  
         *                                                                        <W> No matching gamma within 5 keV found in Adopted
 34S   G 8726.78   24 0.44   6                                                  
         *                                                                        <W> No matching gamma within 5 keV found in Adopted
 34S   L 8805.6    3  (1,2+)                                                    
         *                                                                        <W> level not placed in Adopted or discrepant.
                                                                                        closest level in Adopted:
                                                                                        3304.212  13 2+                  XREF=UACDEGHIJLMNPRTVWYZabcdg
                     *                                                            <E> JPI commented from Adopted but no such Adopted level
 34S   G 2326.2    10 0.05   4                                              &   
         *                                                                        <W> No matching gamma within 5 keV found in Adopted
 34S   G 5501.4    5  0.46   9                                                  
         *                                                                        <W> No matching gamma within 5 keV found in Adopted
 34S   G 8804.4    4  0.24   4                                                  
         *                                                                        <W> No matching gamma within 5 keV found in Adopted
 34S   L 8874.01   6  (1-,2,3+)                                                 
         *                                                                        <W> level not placed in Adopted or discrepant.
                                                                                        closest level in Adopted:
                                                                                        3304.212  13 2+                  XREF=UACDEGHIJLMNPRTVWYZabcdg
                     *                                                            <E> JPI commented from Adopted but no such Adopted level
 34S   G 1244.32   21 0.120  26                                                 
         *                                                                        <W> No matching gamma within 5 keV found in Adopted
 34S   G 4758.79   27 0.46   8                                                  
         *                                                                        <W> No matching gamma within 5 keV found in Adopted
 34S   G 4799.11   28 0.52   8                                                  
         *                                                                        <W> No matching gamma within 5 keV found in Adopted
 34S   G 6745.64   16 2.71   30                                                 
         *                                                                        <W> No matching gamma within 5 keV found in Adopted
 34S   L 9026.31   6  (1,2+)                                                    
         *                                                                        <W> level not placed in Adopted or discrepant.
                                                                                        closest level in Adopted:
                                                                                        3304.212  13 2+                  XREF=UACDEGHIJLMNPRTVWYZabcdg
                     *                                                            <E> JPI commented from Adopted but no such Adopted level
 34S   G 3644.8    8  0.48   10                                                 
         *                                                                        <W> No matching gamma within 5 keV found in Adopted
 34S   G 9024.95   17 0.80   9                                                  
         *                                                                        <W> No matching gamma within 5 keV found in Adopted
 34S   L 9158.715  28 (1,2+)                                                    
         *                                                                        <W> level not placed in Adopted or discrepant.
                                                                                        closest level in Adopted:
                                                                                        3304.212  13 2+                  XREF=UACDEGHIJLMNPRTVWYZabcdg
                     *                                                            <E> JPI commented from Adopted but no such Adopted level
 34S   G 3311.6    5  0.62   11                                                 
         *                                                                        <W> No matching gamma within 5 keV found in Adopted
 34S   G 5043.3    4  1.59   26                                                 
         *                                                                        <W> No matching gamma within 5 keV found in Adopted
 34S   G 5084.2    5  0.14   5                                                  
         *                                                                        <W> No matching gamma within 5 keV found in Adopted
 34S   L 9208.04   5  (1,2+)                                                    
         *                                                                        <W> level not placed in Adopted or discrepant.
                                                                                        closest level in Adopted:
                                                                                        3304.212  13 2+                  XREF=UACDEGHIJLMNPRTVWYZabcdg
                     *                                                            <E> JPI commented from Adopted but no such Adopted level
 34S   G 334.21    15 0.042  10                                                 
         *                                                                        <W> No matching gamma within 5 keV found in Adopted
 34S   G 1840.52   12 0.56   9                                                  
         *                                                                        <W> No matching gamma within 5 keV found in Adopted
 34S   G 1959.67   17 0.88   11                                                 
         *                                                                        <W> No matching gamma within 5 keV found in Adopted
 34S   G 9206.65   26 0.35   5                                                  
         *                                                                        <W> No matching gamma within 5 keV found in Adopted
 34S   L 9546.09   7  (1,2+)                                                    
         *                                                                        <W> level not placed in Adopted or discrepant.
                                                                                        closest level in Adopted:
                                                                                        3304.212  13 2+                  XREF=UACDEGHIJLMNPRTVWYZabcdg
                     *                                                            <E> JPI commented from Adopted but no such Adopted level
 34S   G 672.00    10 0.152  20                                                 
         *                                                                        <W> No matching gamma within 5 keV found in Adopted
 34S   G 2326.2    10 0.05   4                                              &   
         *                                                                        <W> No matching gamma within 5 keV found in Adopted
 34S   G 6241.0    5  0.45   7                                                  
         *                                                                        <W> No matching gamma within 5 keV found in Adopted
 34S   G 9544.83   28 0.38   5                                                  
         *                                                                        <W> No matching gamma within 5 keV found in Adopted
 34S   L 9598.42   8                                                            
         *                                                                        <W> level not placed in Adopted or discrepant.
                                                                                        closest level in Adopted:
                                                                                        3304.212  13 2+                  XREF=UACDEGHIJLMNPRTVWYZabcdg
 34S   G 982.68    9  0.187  27                                                 
         *                                                                        <W> No matching gamma within 5 keV found in Adopted
 34S   G 3476.95   18 0.71   10                                                 
         *                                                                        <W> No matching gamma within 5 keV found in Adopted
 34S   L 9665.74   3                                                            
         *                                                                        <W> level not placed in Adopted or discrepant.
                                                                                        closest level in Adopted:
                                                                                        3304.212  13 2+                  XREF=UACDEGHIJLMNPRTVWYZabcdg
 34S   G 2817.76   25 0.84   13                                             &   
         *                                                                        <W> No matching gamma within 5 keV found in Adopted
 34S   G 7536.2    7  0.44   10                                                 
         *                                                                        <W> No matching gamma within 5 keV found in Adopted
 34S   L 9801.89   9  (1,2+)                                                    
         *                                                                        <W> level not placed in Adopted or discrepant.
                                                                                        closest level in Adopted:
                                                                                        3304.212  13 2+                  XREF=UACDEGHIJLMNPRTVWYZabcdg
                     *                                                            <E> JPI commented from Adopted but no such Adopted level
 34S   G 5884.6    6  0.27   6                                                  
         *                                                                        <W> No matching gamma within 5 keV found in Adopted
 34S   G 6496.62   23 0.56   7                                                  
         *                                                                        <W> No matching gamma within 5 keV found in Adopted
 34S   G 7675.0    8  0.16   4                                                  
         *                                                                        <W> No matching gamma within 5 keV found in Adopted
 34S   L 9836.70   6                                                            
         *                                                                        <W> level not placed in Adopted or discrepant.
                                                                                        closest level in Adopted:
                                                                                        3304.212  13 2+                  XREF=UACDEGHIJLMNPRTVWYZabcdg
 34S   G 2989.9    7  0.18   9                                                  
         *                                                                        <W> No matching gamma within 5 keV found in Adopted
 34S   G 7708.32   30 0.44   7                                                  
         *                                                                        <W> No matching gamma within 5 keV found in Adopted
 34S   L 9933.36   12 1-                                                        
         *                                                                        <W> level not placed in Adopted or discrepant.
                                                                                        closest level in Adopted:
                                                                                        3304.212  13 2+                  XREF=UACDEGHIJLMNPRTVWYZabcdg
                     *                                                            <E> JPI commented from Adopted but no such Adopted level
 34S   G 725.25    22 0.115  19                                                 
         *                                                                        <W> No matching gamma within 5 keV found in Adopted
 34S   G 1795.3    3  0.19   5                                              &   
         *                                                                        <W> No matching gamma within 5 keV found in Adopted
 34S   G 2152.41   23 0.17   9                                                  
         *                                                                        <W> No matching gamma within 5 keV found in Adopted
 34S   G 9932.1    6  0.082  19                                                 
         *                                                                        <W> No matching gamma within 5 keV found in Adopted
 34S   L 10092.21  15                                                           
         *                                                                        <W> level not placed in Adopted or discrepant.
                                                                                        closest level in Adopted:
                                                                                        3304.212  13 2+                  XREF=UACDEGHIJLMNPRTVWYZabcdg
 34S   G 1364.4    4  0.32   9                                                  
         *                                                                        <W> No matching gamma within 5 keV found in Adopted
 34S   G 3664.8    4  0.47   10                                                 
         *                                                                        <W> No matching gamma within 5 keV found in Adopted
 34S   L 10179.59  5  (1,2,3)                                                   
         *                                                                        <W> level not placed in Adopted or discrepant.
                                                                                        closest level in Adopted:
                                                                                        3304.212  13 2+                  XREF=UACDEGHIJLMNPRTVWYZabcdg
                     *                                                            <E> JPI commented from Adopted but no such Adopted level
 34S   G 4499.7    10 0.23   7                                                  
         *                                                                        <W> No matching gamma within 5 keV found in Adopted
 34S   G 8051.1    6  0.26   5                                                  
         *                                                                        <W> No matching gamma within 5 keV found in Adopted
 34S   L 10212.15  4                                                            
         *                                                                        <W> level not placed in Adopted or discrepant.
                                                                                        closest level in Adopted:
                                                                                        3304.212  13 2+                  XREF=UACDEGHIJLMNPRTVWYZabcdg
 34S   G 4532.6    7  0.23   7                                                  
         *                                                                        <W> No matching gamma within 5 keV found in Adopted
 34S   G 8083.49   31 0.47   7                                                  
         *                                                                        <W> No matching gamma within 5 keV found in Adopted
 34S   L 10311.53  3  2+                                                        
         *                                                                        <W> level not placed in Adopted or discrepant.
                                                                                        closest level in Adopted:
                                                                                        3304.212  13 2+                  XREF=UACDEGHIJLMNPRTVWYZabcdg
                     *                                                            <E> JPI commented from Adopted but no such Adopted level
 34S   G 1925.94   17 0.28   8                                                  
         *                                                                        <W> No matching gamma within 5 keV found in Adopted
 34S   G 2173.55   21 0.16   5                                                  
         *                                                                        <W> No matching gamma within 5 keV found in Adopted
 34S   G 2843.7    6  0.59   13                                                 
         *                                                                        <W> No matching gamma within 5 keV found in Adopted
 34S   G 4988.6    4  0.63   9                                                  
         *                                                                        <W> No matching gamma within 5 keV found in Adopted
 34S   G 6236.3    11 0.19   5                                                  
         *                                                                        <W> No matching gamma within 5 keV found in Adopted
 34S   L 10650.13  19                                                           
         *                                                                        <W> level not placed in Adopted or discrepant.
                                                                                        closest level in Adopted:
                                                                                        3304.212  13 2+                  XREF=UACDEGHIJLMNPRTVWYZabcdg
 34S   G 2919.7    5  0.43   11                                                 
         *                                                                        <W> No matching gamma within 5 keV found in Adopted
 34S   G 5268.9    6  0.27   7                                              &   
         *                                                                        <W> No matching gamma within 5 keV found in Adopted
 34S   L 10840.62  14 3-                                                        
         *                                                                        <W> level not placed in Adopted or discrepant.
                                                                                        closest level in Adopted:
                                                                                        3304.212  13 2+                  XREF=UACDEGHIJLMNPRTVWYZabcdg
                     *                                                            <E> JPI commented from Adopted but no such Adopted level
 34S   G 748.43    14 0.127  17                                                 
         *                                                                        <W> No matching gamma within 5 keV found in Adopted
 34S   G 6152.1    5  0.18   5                                                  
         *                                                                        <W> No matching gamma within 5 keV found in Adopted
 34S   L 11024.95  11 1-                                                        
         *                                                                        <W> level not placed in Adopted or discrepant.
                                                                                        closest level in Adopted:
                                                                                        3304.212  13 2+                  XREF=UACDEGHIJLMNPRTVWYZabcdg
                     *                                                            <E> JPI commented from Adopted but no such Adopted level
 34S   G 1998.3    4  0.14   5                                                  
         *                                                                        <W> No matching gamma within 5 keV found in Adopted
 34S   G 4903.4    5  0.28   8                                                  
         *                                                                        <W> No matching gamma within 5 keV found in Adopted
 34S   G 5268.9    6  0.27   7                                                  
         *                                                                        <W> No matching gamma within 5 keV found in Adopted
 34S   L 11417.22  2  1+,2+                                                    S
 34S   G 392.28    11 0.124  20                                                 
         *                                                                        <W> No matching gamma within 5 keV found in Adopted
 34S   G 576.80    19 0.146  21                                                 
         *                                                                        <W> No matching gamma within 5 keV found in Adopted
 34S   G 767.20    21 0.098  16                                                 
         *                                                                        <W> No matching gamma within 5 keV found in Adopted
 34S   G 1105.673  21 1.49   14                                                 
         *                                                                        <W> No matching gamma within 5 keV found in Adopted
 34S   G 1205.05   4  0.61   6                                                  
         *                                                                        <W> No matching gamma within 5 keV found in Adopted
 34S   G 1237.61   5  0.52   6                                                  
         *                                                                        <W> No matching gamma within 5 keV found in Adopted
 34S   G 1325.22   26 0.33   7                                                  
         *                                                                        <W> No matching gamma within 5 keV found in Adopted
 34S   G 1484.06   19 0.33   5                                                  
         *                                                                        <W> No matching gamma within 5 keV found in Adopted
 34S   G 1580.50   6  0.66   7                                                  
         *                                                                        <W> No matching gamma within 5 keV found in Adopted
 34S   G 1615.24   10 2.25   27                                                 
         *                                                                        <W> No matching gamma within 5 keV found in Adopted
 34S   G 1751.431  29 1.44   14                                                 
         *                                                                        <W> No matching gamma within 5 keV found in Adopted
 34S   G 1818.96   14 0.38   6                                                  
         *                                                                        <W> No matching gamma within 5 keV found in Adopted
 34S   G 1871.04   8  2.04   22                                                 
         *                                                                        <W> No matching gamma within 5 keV found in Adopted
 34S   G 2209.10   6  0.86   9                                                  
         *                                                                        <W> No matching gamma within 5 keV found in Adopted
 34S   G 2258.430  23 3.7    4                                                  
         *                                                                        <W> No matching gamma within 5 keV found in Adopted
 34S   G 2390.82   6  1.33   14                                                 
         *                                                                        <W> No matching gamma within 5 keV found in Adopted
 34S   G 2543.13   10 9.6    9                                              &   
         *                                                                        <W> No matching gamma within 5 keV found in Adopted
 34S   G 2611.7    4  1.2    3                                                  
         *                                                                        <W> No matching gamma within 5 keV found in Adopted
 34S   G 2689.50   10 2.16   24                                                 
         *                                                                        <W> No matching gamma within 5 keV found in Adopted
 34S   G 2714.50   19 2.8    5                                                  
         *                                                                        <W> No matching gamma within 5 keV found in Adopted
 34S   G 2801.33   5  10.1   10                                                 
         *                                                                        <W> No matching gamma within 5 keV found in Adopted
 34S   G 2910.28   5  10.0   10                                                 
         *                                                                        <W> No matching gamma within 5 keV found in Adopted
 34S   G 3031.69   8  4.6    6                                                  
         *                                                                        <W> No matching gamma within 5 keV found in Adopted
 34S   G 3122.65   15 2.7    4                                                  
         *                                                                        <W> No matching gamma within 5 keV found in Adopted
 34S   G 3211.69   9  2.36   23                                                 
         *                                                                        <W> No matching gamma within 5 keV found in Adopted
 34S   G 3231.89   20 0.84   11                                                 
         *                                                                        <W> No matching gamma within 5 keV found in Adopted
 34S   G 3241.9    5  0.36   7                                                  
         *                                                                        <W> No matching gamma within 5 keV found in Adopted
 34S   G 3278.79   11 3.2    4                                                  
         *                                                                        <W> No matching gamma within 5 keV found in Adopted
 34S   G 3442.24   25 1.02   16                                                 
         *                                                                        <W> No matching gamma within 5 keV found in Adopted
 34S   G 3635.83   8  5.2    6                                                  
         *                                                                        <W> No matching gamma within 5 keV found in Adopted
 34S   G 3787.096  20 26.5   25                                                 
         *                                                                        <W> No matching gamma within 5 keV found in Adopted
 34S   G 3864.25   11 1.68   17                                                 
         *                                                                        <W> No matching gamma within 5 keV found in Adopted
 34S   G 3949.27   12 1.54   17                                                 
         *                                                                        <W> No matching gamma within 5 keV found in Adopted
 34S   G 4049.68   15 1.17   13                                                 
         *                                                                        <W> No matching gamma within 5 keV found in Adopted
 34S   G 4197.69   9  3.0    4                                                  
         *                                                                        <W> No matching gamma within 5 keV found in Adopted
 34S   G 4252.38   22 1.23   15                                                 
         *                                                                        <W> No matching gamma within 5 keV found in Adopted
 34S   G 4306.44   6  8.3    8                                                  
         *                                                                        <W> No matching gamma within 5 keV found in Adopted
 34S   G 4462.44   20 7.9    8                                                  
         *                                                                        <W> No matching gamma within 5 keV found in Adopted
 34S   G 4568.9    4  0.30   6                                                  
         *                                                                        <W> No matching gamma within 5 keV found in Adopted
 34S   G 4588.37   26 0.59   10                                                 
         *                                                                        <W> No matching gamma within 5 keV found in Adopted
 34S   G 4731.37   10 1.58   16                                                 
         *                                                                        <W> No matching gamma within 5 keV found in Adopted
 34S   G 4938.06   3  22.2   21                                                 
         *                                                                        <W> No matching gamma within 5 keV found in Adopted
 34S   G 5074.79   25 0.42   8                                                  
         *                                                                        <W> No matching gamma within 5 keV found in Adopted
 34S   G 5247.94   4  11.8   11                                                 
         *                                                                        <W> No matching gamma within 5 keV found in Adopted
 34S   G 5294.94   24 0.42   8                                                  
         *                                                                        <W> No matching gamma within 5 keV found in Adopted
 34S   G 5569.30   5  5.6    6                                                  
         *                                                                        <W> No matching gamma within 5 keV found in Adopted
 34S   G 5660.78   6  18.4   18                                                 
         *                                                                        <W> No matching gamma within 5 keV found in Adopted
 34S   G 5736.76   4  43     4                                                  
         *                                                                        <W> No matching gamma within 5 keV found in Adopted
 34S   G 6035.68   7  4.4    5                                                  
         *                                                                        <W> No matching gamma within 5 keV found in Adopted
 34S   G 6094.4    4  0.21   5                                                  
         *                                                                        <W> No matching gamma within 5 keV found in Adopted
 34S   G 6188.45   6  8.7    9                                                  
         *                                                                        <W> No matching gamma within 5 keV found in Adopted
 34S   G 6526.84   6  5.5    6                                                  
         *                                                                        <W> No matching gamma within 5 keV found in Adopted
 34S   G 6539.66   16 0.99   12                                                 
         *                                                                        <W> No matching gamma within 5 keV found in Adopted
 34S   G 6727.5    9  0.07   4  [E2]                                            
                     *                                                            <W> check Jf&Ji for deltaJ>2 for gamma=6727.5
                                                                                        JI=1+,2+ JF(4688.97)=4+
         *                                                                        <W> No matching gamma within 5 keV found in Adopted
 34S   G 6792.10   3  24.2   23                                                 
         *                                                                        <W> No matching gamma within 5 keV found in Adopted
 34S   G 7302.2    8  0.28   5                                                  
         *                                                                        <W> No matching gamma within 5 keV found in Adopted
 34S   G 7341.67   6  36.5   34                                                 
         *                                                                        <W> No matching gamma within 5 keV found in Adopted
 34S   G 7499.90   5  62     6                                                  
         *                                                                        <W> No matching gamma within 5 keV found in Adopted
 34S   G 8111.99   9  6.1    7                                                  
         *                                                                        <W> No matching gamma within 5 keV found in Adopted
 34S   G 9288.28   16 1.10   12                                                 
         *                                                                        <W> No matching gamma within 5 keV found in Adopted
 34S   G 11415.17  11 7.1    7                                                  
         *                                                                        <W> No matching gamma within 5 keV found in Adopted

################################################################################
In dataset of 34S: XQ 33S(N,G),(N,N):RESONANCES     XREF Tag=Q

 34S   L 11430.3      2+               0.116 KEV 20    0        13.45           
         *                                                                        <W> level not placed in Adopted or discrepant.
                                                                                        closest level in Adopted:
                                                                                        3304.212  13 2+                  XREF=UACDEGHIJLMNPRTVWYZabcdg
 34S   L 11434.3      2-               0.049 KEV 10    1        17.63           
         *                                                                        <W> level not placed in Adopted or discrepant.
                                                                                        closest level in Adopted:
                                                                                        3304.212  13 2+                  XREF=UACDEGHIJLMNPRTVWYZabcdg
 34S   L 11440.4      3-               0.0198 KEV 10   1        23.95           
         *                                                                        <W> level not placed in Adopted or discrepant.
                                                                                        closest level in Adopted:
                                                                                        3304.212  13 2+                  XREF=UACDEGHIJLMNPRTVWYZabcdg
 34S   L 11448.1                       0.015 KEV LT             31.79           
         *                                                                        <W> level not placed in Adopted or discrepant.
                                                                                        closest level in Adopted:
                                                                                        3304.212  13 2+                  XREF=UACDEGHIJLMNPRTVWYZabcdg
 34S   L 11467.8      2+               0.368 KEV 8     0        52.11           
         *                                                                        <W> level not placed in Adopted or discrepant.
                                                                                        closest level in Adopted:
                                                                                        3304.212  13 2+                  XREF=UACDEGHIJLMNPRTVWYZabcdg
 34S   L 11469.2      3-               0.152 KEV 15    1        53.58           
         *                                                                        <W> level not placed in Adopted or discrepant.
                                                                                        closest level in Adopted:
                                                                                        3304.212  13 2+                  XREF=UACDEGHIJLMNPRTVWYZabcdg
 34S   L 11474.6      2-               0.45 KEV  6     1        59.15           
         *                                                                        <W> level not placed in Adopted or discrepant.
                                                                                        closest level in Adopted:
                                                                                        3304.212  13 2+                  XREF=UACDEGHIJLMNPRTVWYZabcdg
 34S   L 11486.0      1-                               1        70.88           
         *                                                                        <W> level not placed in Adopted or discrepant.
                                                                                        closest level in Adopted:
                                                                                        3304.212  13 2+                  XREF=UACDEGHIJLMNPRTVWYZabcdg
 34S   L 11492.7      2-               0.51 KEV  10    1        77.83           
         *                                                                        <W> level not placed in Adopted or discrepant.
                                                                                        closest level in Adopted:
                                                                                        3304.212  13 2+                  XREF=UACDEGHIJLMNPRTVWYZabcdg
 34S   L 11496.2      2+               0.71 KEV  3     0        81.36           
         *                                                                        <W> level not placed in Adopted or discrepant.
                                                                                        closest level in Adopted:
                                                                                        3304.212  13 2+                  XREF=UACDEGHIJLMNPRTVWYZabcdg
 34S   L 11499.6      1-                               1        84.88           
         *                                                                        <W> level not placed in Adopted or discrepant.
                                                                                        closest level in Adopted:
                                                                                        3304.212  13 2+                  XREF=UACDEGHIJLMNPRTVWYZabcdg
 34S   L 11502.3      1-               0.292 KEV 25    1        87.63           
         *                                                                        <W> level not placed in Adopted or discrepant.
                                                                                        closest level in Adopted:
                                                                                        3304.212  13 2+                  XREF=UACDEGHIJLMNPRTVWYZabcdg
 34S   L 11502.9                       0.26 KEV  5              88.32           
         *                                                                        <W> level not placed in Adopted or discrepant.
                                                                                        closest level in Adopted:
                                                                                        3304.212  13 2+                  XREF=UACDEGHIJLMNPRTVWYZabcdg
 34S   L 11515.3      2-               1.262 KEV 25    1        101.09          
         *                                                                        <W> level not placed in Adopted or discrepant.
                                                                                        closest level in Adopted:
                                                                                        3304.212  13 2+                  XREF=UACDEGHIJLMNPRTVWYZabcdg
 34S   L 11541        1-               0.63 KEV  7     1        127.76          
         *                                                                        <W> level not placed in Adopted.
                                                                                        closest level in Adopted:
                                                                                        3304.212  13 2+                  XREF=UACDEGHIJLMNPRTVWYZabcdg
 34S   L 11544                         0.20 KEV  4              130.6           
         *                                                                        <W> level not placed in Adopted.
                                                                                        closest level in Adopted:
                                                                                        3304.212  13 2+                  XREF=UACDEGHIJLMNPRTVWYZabcdg
 34S   L 11546                         0.23 KEV  4              133.1           
         *                                                                        <W> level not placed in Adopted.
                                                                                        closest level in Adopted:
                                                                                        3304.212  13 2+                  XREF=UACDEGHIJLMNPRTVWYZabcdg
 34S   L 11551                         0.15 KEV  3              138.2           
         *                                                                        <W> level not placed in Adopted.
                                                                                        closest level in Adopted:
                                                                                        3304.212  13 2+                  XREF=UACDEGHIJLMNPRTVWYZabcdg
 34S   L 11564        GE 1             0.134 KEV 18             151.57          
         *                                                                        <W> level not placed in Adopted.
                                                                                        closest level in Adopted:
                                                                                        3304.212  13 2+                  XREF=UACDEGHIJLMNPRTVWYZabcdg
 34S   L 11575        (0-)             0.152 KEV 32    (1)      162.34          
         *                                                                        <W> level not placed in Adopted.
                                                                                        closest level in Adopted:
                                                                                        3304.212  13 2+                  XREF=UACDEGHIJLMNPRTVWYZabcdg
 34S   L 11581        2-               3.42 KEV  8     1        168.51          
         *                                                                        <W> level not placed in Adopted.
                                                                                        closest level in Adopted:
                                                                                        3304.212  13 2+                  XREF=UACDEGHIJLMNPRTVWYZabcdg
 34S   L 11590        2-               0.76 KEV  4     1        178.29          
         *                                                                        <W> level not placed in Adopted.
                                                                                        closest level in Adopted:
                                                                                        3304.212  13 2+                  XREF=UACDEGHIJLMNPRTVWYZabcdg
 34S   L 11608        3-               0.62 KEV  3     1        196.6           
         *                                                                        <W> level not placed in Adopted.
                                                                                        closest level in Adopted:
                                                                                        3304.212  13 2+                  XREF=UACDEGHIJLMNPRTVWYZabcdg
 34S   L 11610                         0.70 KEV  14             199.1           
         *                                                                        <W> level not placed in Adopted.
                                                                                        closest level in Adopted:
                                                                                        3304.212  13 2+                  XREF=UACDEGHIJLMNPRTVWYZabcdg
 34S   L 11614        3-               2.1 KEV   8     1        203.17          
         *                                                                        <W> level not placed in Adopted.
                                                                                        closest level in Adopted:
                                                                                        3304.212  13 2+                  XREF=UACDEGHIJLMNPRTVWYZabcdg
 34S   L 11622                         0.31 KEV  6              210.8           
         *                                                                        <W> level not placed in Adopted.
                                                                                        closest level in Adopted:
                                                                                        3304.212  13 2+                  XREF=UACDEGHIJLMNPRTVWYZabcdg
 34S   L 11626                         0.12 KEV  LT             215.6           
         *                                                                        <W> level not placed in Adopted.
                                                                                        closest level in Adopted:
                                                                                        3304.212  13 2+                  XREF=UACDEGHIJLMNPRTVWYZabcdg
 34S   L 11632        2+               0.75 KEV  7     0        221.2           
         *                                                                        <W> level not placed in Adopted.
                                                                                        closest level in Adopted:
                                                                                        3304.212  13 2+                  XREF=UACDEGHIJLMNPRTVWYZabcdg
 34S   L 11634        0+               5.3 KEV   10    2        223.17          
         *                                                                        <W> level not placed in Adopted.
                                                                                        closest level in Adopted:
                                                                                        3304.212  13 2+                  XREF=UACDEGHIJLMNPRTVWYZabcdg
 34S   L 11639        3-               0.96 KEV  6     1        228.6           
         *                                                                        <W> level not placed in Adopted.
                                                                                        closest level in Adopted:
                                                                                        3304.212  13 2+                  XREF=UACDEGHIJLMNPRTVWYZabcdg
 34S   L 11649        3-               0.61 KEV  12    1        238.6           
         *                                                                        <W> level not placed in Adopted.
                                                                                        closest level in Adopted:
                                                                                        3304.212  13 2+                  XREF=UACDEGHIJLMNPRTVWYZabcdg
 34S   L 11669        2-               0.40 KEV  8     1        259.51          
         *                                                                        <W> level not placed in Adopted.
                                                                                        closest level in Adopted:
                                                                                        3304.212  13 2+                  XREF=UACDEGHIJLMNPRTVWYZabcdg
 34S   L 11670        1+               0.55 KEV  11    0        260.92          
         *                                                                        <W> level not placed in Adopted.
                                                                                        closest level in Adopted:
                                                                                        3304.212  13 2+                  XREF=UACDEGHIJLMNPRTVWYZabcdg
 34S   L 11704                         0.61 KEV  12             295.4           
         *                                                                        <W> level not placed in Adopted.
                                                                                        closest level in Adopted:
                                                                                        3304.212  13 2+                  XREF=UACDEGHIJLMNPRTVWYZabcdg
 34S   L 11706                         0.79 KEV  16             298.2           
         *                                                                        <W> level not placed in Adopted.
                                                                                        closest level in Adopted:
                                                                                        3304.212  13 2+                  XREF=UACDEGHIJLMNPRTVWYZabcdg
 34S   L 11717                         0.67 KEV  14             308.7           
         *                                                                        <W> level not placed in Adopted.
                                                                                        closest level in Adopted:
                                                                                        3304.212  13 2+                  XREF=UACDEGHIJLMNPRTVWYZabcdg
 34S   L 11744                         0.28 KEV  6              335.9           
         *                                                                        <W> level not placed in Adopted.
                                                                                        closest level in Adopted:
                                                                                        3304.212  13 2+                  XREF=UACDEGHIJLMNPRTVWYZabcdg
 34S   L 11773                         0.40 KEV  8              367.4           
         *                                                                        <W> level not placed in Adopted.
                                                                                        closest level in Adopted:
                                                                                        3304.212  13 2+                  XREF=UACDEGHIJLMNPRTVWYZabcdg
 34S   L 11785                         1.40 KEV  25             377.9           
         *                                                                        <W> level not placed in Adopted.
                                                                                        closest level in Adopted:
                                                                                        3304.212  13 2+                  XREF=UACDEGHIJLMNPRTVWYZabcdg
 34S   L 11796                         1.30 KEV  25             391.3           
         *                                                                        <W> level not placed in Adopted.
                                                                                        closest level in Adopted:
                                                                                        3304.212  13 2+                  XREF=UACDEGHIJLMNPRTVWYZabcdg
 34S   L 11829                         1.7 KEV   3              425.3           
         *                                                                        <W> level not placed in Adopted.
                                                                                        closest level in Adopted:
                                                                                        3304.212  13 2+                  XREF=UACDEGHIJLMNPRTVWYZabcdg
 34S   L 11870                         3.3 KEV   5              465.4           
         *                                                                        <W> level not placed in Adopted.
                                                                                        closest level in Adopted:
                                                                                        3304.212  13 2+                  XREF=UACDEGHIJLMNPRTVWYZabcdg
 34S   L 11949                         2.3 KEV   4              548.4           
         *                                                                        <W> level not placed in Adopted.
                                                                                        closest level in Adopted:
                                                                                        3304.212  13 2+                  XREF=UACDEGHIJLMNPRTVWYZabcdg

################################################################################
In dataset of 34S: XR 33S(D,P)     XREF Tag=R

 34S   L 3915                                                               V   
         *                                                                        <W> level not placed in Adopted.
                                                                                        closest level in Adopted:
                                                                                        3304.212  13 2+                  XREF=UACDEGHIJLMNPRTVWYZabcdg
 34S   L 4072                                          0+2      0.033+0.06  V   
         *                                                                        <W> level not placed in Adopted.
                                                                                        closest level in Adopted:
                                                                                        3304.212  13 2+                  XREF=UACDEGHIJLMNPRTVWYZabcdg
 34S   L 4118      4                                   0+2      1.64+3.20       
         *                                                                        <W> level not placed in Adopted.
                                                                                        closest level in Adopted:
                                                                                        3304.212  13 2+                  XREF=UACDEGHIJLMNPRTVWYZabcdg
 34S   L 4627      5                                   1+3      0.84+1.84       
         *                                                                        <W> level not placed in Adopted.
                                                                                        closest level in Adopted:
                                                                                        3304.212  13 2+                  XREF=UACDEGHIJLMNPRTVWYZabcdg
 34S   L 4688                                                               V   
         *                                                                        <W> level not placed in Adopted.
                                                                                        closest level in Adopted:
                                                                                        3304.212  13 2+                  XREF=UACDEGHIJLMNPRTVWYZabcdg
 34S   L 4874                                          (1+3)    (0.01+0.3)  V   
         *                                                                        <W> level not placed in Adopted.
                                                                                        closest level in Adopted:
                                                                                        3304.212  13 2+                  XREF=UACDEGHIJLMNPRTVWYZabcdg
 34S   L 4888      10                                  (0)      (0.08)      B   
         *                                                                        <W> level not placed in Adopted.
                                                                                        closest level in Adopted:
                                                                                        3304.212  13 2+                  XREF=UACDEGHIJLMNPRTVWYZabcdg
 34S   L 5225                                                               V   
         *                                                                        <W> level not placed in Adopted.
                                                                                        closest level in Adopted:
                                                                                        3304.212  13 2+                  XREF=UACDEGHIJLMNPRTVWYZabcdg
 34S   L 5326      6                                   3        4.60        C   
         *                                                                        <W> level not placed in Adopted.
                                                                                        closest level in Adopted:
                                                                                        3304.212  13 2+                  XREF=UACDEGHIJLMNPRTVWYZabcdg
 34S   L 5384      6                                   0        0.92            
         *                                                                        <W> level not placed in Adopted.
                                                                                        closest level in Adopted:
                                                                                        3304.212  13 2+                  XREF=UACDEGHIJLMNPRTVWYZabcdg
 34S   L 5683      7                                   1        2.60        C   
         *                                                                        <W> level not placed in Adopted.
                                                                                        closest level in Adopted:
                                                                                        3304.212  13 2+                  XREF=UACDEGHIJLMNPRTVWYZabcdg
 34S   L 5694      7                                   3        12.48       C   
         *                                                                        <W> level not placed in Adopted.
                                                                                        closest level in Adopted:
                                                                                        3304.212  13 2+                  XREF=UACDEGHIJLMNPRTVWYZabcdg
 34S   L 5758      7                                   1        1.68        C   
         *                                                                        <W> level not placed in Adopted.
                                                                                        closest level in Adopted:
                                                                                        3304.212  13 2+                  XREF=UACDEGHIJLMNPRTVWYZabcdg
 34S   L 5859                                                               V   
         *                                                                        <W> level not placed in Adopted.
                                                                                        closest level in Adopted:
                                                                                        3304.212  13 2+                  XREF=UACDEGHIJLMNPRTVWYZabcdg
 34S   L 6008                                                               V   
         *                                                                        <W> level not placed in Adopted.
                                                                                        closest level in Adopted:
                                                                                        3304.212  13 2+                  XREF=UACDEGHIJLMNPRTVWYZabcdg
 34S   L 6128                                                               C   
         *                                                                        <W> level not placed in Adopted.
                                                                                        closest level in Adopted:
                                                                                        3304.212  13 2+                  XREF=UACDEGHIJLMNPRTVWYZabcdg
 34S   L 6174      8                                   1+3      1.00+2.84       
         *                                                                        <W> level not placed in Adopted.
                                                                                        closest level in Adopted:
                                                                                        3304.212  13 2+                  XREF=UACDEGHIJLMNPRTVWYZabcdg
 34S   L 6254      8                                   3        2.28            
         *                                                                        <W> level not placed in Adopted.
                                                                                        closest level in Adopted:
                                                                                        3304.212  13 2+                  XREF=UACDEGHIJLMNPRTVWYZabcdg
 34S   L 6345      8                                   1        0.80            
         *                                                                        <W> level not placed in Adopted.
                                                                                        closest level in Adopted:
                                                                                        3304.212  13 2+                  XREF=UACDEGHIJLMNPRTVWYZabcdg
 34S   L 6422      8                                   3        0.88        C   
         *                                                                        <W> level not placed in Adopted.
                                                                                        closest level in Adopted:
                                                                                        3304.212  13 2+                  XREF=UACDEGHIJLMNPRTVWYZabcdg
 34S   L 6482      8                                   1        3.64            
         *                                                                        <W> level not placed in Adopted.
                                                                                        closest level in Adopted:
                                                                                        3304.212  13 2+                  XREF=UACDEGHIJLMNPRTVWYZabcdg
 34S   L 6640      9                                   (3)      (6.56)          
         *                                                                        <W> level not placed in Adopted.
                                                                                        closest level in Adopted:
                                                                                        3304.212  13 2+                  XREF=UACDEGHIJLMNPRTVWYZabcdg
 34S   L 6690      9                                   1        1.28            
         *                                                                        <W> level not placed in Adopted.
                                                                                        closest level in Adopted:
                                                                                        3304.212  13 2+                  XREF=UACDEGHIJLMNPRTVWYZabcdg
 34S   L 6832      9                                   0        0.56        C   
         *                                                                        <W> level not placed in Adopted.
                                                                                        closest level in Adopted:
                                                                                        3304.212  13 2+                  XREF=UACDEGHIJLMNPRTVWYZabcdg
 34S   L 6959      10                                  1        0.84            
         *                                                                        <W> level not placed in Adopted.
                                                                                        closest level in Adopted:
                                                                                        3304.212  13 2+                  XREF=UACDEGHIJLMNPRTVWYZabcdg
 34S   L 7114      10                                  1+3      0.52+1.76       
         *                                                                        <W> level not placed in Adopted.
                                                                                        closest level in Adopted:
                                                                                        3304.212  13 2+                  XREF=UACDEGHIJLMNPRTVWYZabcdg
 34S   L 7398      14                                                       B   
         *                                                                        <W> level not placed in Adopted.
                                                                                        closest level in Adopted:
                                                                                        3304.212  13 2+                  XREF=UACDEGHIJLMNPRTVWYZabcdg
 34S   L 7547                                                               C   
         *                                                                        <W> level not placed in Adopted.
                                                                                        closest level in Adopted:
                                                                                        3304.212  13 2+                  XREF=UACDEGHIJLMNPRTVWYZabcdg
 34S   L 7632      10                                  1+3      3.92,12         
         *                                                                        <W> level not placed in Adopted.
                                                                                        closest level in Adopted:
                                                                                        3304.212  13 2+                  XREF=UACDEGHIJLMNPRTVWYZabcdg
 34S   L 7659      11                                  (3)      (2.28)      C   
         *                                                                        <W> level not placed in Adopted.
                                                                                        closest level in Adopted:
                                                                                        3304.212  13 2+                  XREF=UACDEGHIJLMNPRTVWYZabcdg
 34S   L 7732      11                                  (1+3)    (0.12,0.6)  C   
         *                                                                        <W> level not placed in Adopted.
                                                                                        closest level in Adopted:
                                                                                        3304.212  13 2+                  XREF=UACDEGHIJLMNPRTVWYZabcdg
 34S   L 7753      11                                  1        0.32            
         *                                                                        <W> level not placed in Adopted.
                                                                                        closest level in Adopted:
                                                                                        3304.212  13 2+                  XREF=UACDEGHIJLMNPRTVWYZabcdg
 34S   L 7784      11                                  1        1.08            
         *                                                                        <W> level not placed in Adopted.
                                                                                        closest level in Adopted:
                                                                                        3304.212  13 2+                  XREF=UACDEGHIJLMNPRTVWYZabcdg
 34S   L 8142      12                                  1        1.04        C   
         *                                                                        <W> level not placed in Adopted.
                                                                                        closest level in Adopted:
                                                                                        3304.212  13 2+                  XREF=UACDEGHIJLMNPRTVWYZabcdg
 34S   L 8299      14                                                       B   
         *                                                                        <W> level not placed in Adopted.
                                                                                        closest level in Adopted:
                                                                                        3304.212  13 2+                  XREF=UACDEGHIJLMNPRTVWYZabcdg

################################################################################
In dataset of 34S: XS 34S(G,G'),(POL G,G')     XREF Tag=S

 34S   L 7220      2  (1,2+)           1.09 EV   33                             
         *                                                                        <W> level not placed in Adopted.
                                                                                        closest level in Adopted:
                                                                                        3304.212  13 2+                  XREF=UACDEGHIJLMNPRTVWYZabcdg
 34S   G 7219                                                                   
         *                                                                        <W> No matching gamma within 5 keV found in Adopted
 34S   L 7781      2  (1,2+)           0.57 EV   9                              
         *                                                                        <W> level not placed in Adopted.
                                                                                        closest level in Adopted:
                                                                                        3304.212  13 2+                  XREF=UACDEGHIJLMNPRTVWYZabcdg
 34S   G 7780                                                                   
         *                                                                        <W> No matching gamma within 5 keV found in Adopted
 34S   L 8185      3  1+               0.78 EV   20                         A   
         *                                                                        <W> level not placed in Adopted.
                                                                                        closest level in Adopted:
                                                                                        3304.212  13 2+                  XREF=UACDEGHIJLMNPRTVWYZabcdg
 34S   G 8184         M1                                                        
         *                                                                        <W> No matching gamma within 5 keV found in Adopted
 34S   L 8385      3  (1,2+)           0.49 EV   15                             
         *                                                                        <W> level not placed in Adopted.
                                                                                        closest level in Adopted:
                                                                                        3304.212  13 2+                  XREF=UACDEGHIJLMNPRTVWYZabcdg
 34S   G 8384                                                                   
         *                                                                        <W> No matching gamma within 5 keV found in Adopted
 34S   L 8511      3  (1,2+)           0.52 EV   9                              
         *                                                                        <W> level not placed in Adopted.
                                                                                        closest level in Adopted:
                                                                                        3304.212  13 2+                  XREF=UACDEGHIJLMNPRTVWYZabcdg
 34S   G 8510                                                                   
         *                                                                        <W> No matching gamma within 5 keV found in Adopted
 34S   L 8657      7  1+               0.41 EV   19                         A   
         *                                                                        <W> level not placed in Adopted.
                                                                                        closest level in Adopted:
                                                                                        3304.212  13 2+                  XREF=UACDEGHIJLMNPRTVWYZabcdg
 34S   G 8656         M1                                                        
         *                                                                        <W> No matching gamma within 5 keV found in Adopted
 34S   L 9478      4  1+               1.1 EV    3                          A   
         *                                                                        <W> level not placed in Adopted.
                                                                                        closest level in Adopted:
                                                                                        3304.212  13 2+                  XREF=UACDEGHIJLMNPRTVWYZabcdg
 34S   G 9477         M1                                                        
         *                                                                        <W> No matching gamma within 5 keV found in Adopted
 34S   L 9640      4  (1,2+)           3.6 EV    7                              
         *                                                                        <W> level not placed in Adopted.
                                                                                        closest level in Adopted:
                                                                                        3304.212  13 2+                  XREF=UACDEGHIJLMNPRTVWYZabcdg
 34S   G 9639                                                                   
         *                                                                        <W> No matching gamma within 5 keV found in Adopted
 34S   L 9711      5  (1,2+)           0.50 EV   14                             
         *                                                                        <W> level not placed in Adopted.
                                                                                        closest level in Adopted:
                                                                                        3304.212  13 2+                  XREF=UACDEGHIJLMNPRTVWYZabcdg
 34S   G 9710                                                                   
         *                                                                        <W> No matching gamma within 5 keV found in Adopted
 34S   L 9860      7  1+               0.60 EV   12                         A   
         *                                                                        <W> level not placed in Adopted.
                                                                                        closest level in Adopted:
                                                                                        3304.212  13 2+                  XREF=UACDEGHIJLMNPRTVWYZabcdg
 34S   G 9858         M1                                                        
         *                                                                        <W> No matching gamma within 5 keV found in Adopted
 34S   L 10170     5  1+               1.06 EV   20                         A   
         *                                                                        <W> level not placed in Adopted.
                                                                                        closest level in Adopted:
                                                                                        3304.212  13 2+                  XREF=UACDEGHIJLMNPRTVWYZabcdg
 34S   G 10168        M1                                                        
         *                                                                        <W> No matching gamma within 5 keV found in Adopted
 34S   L 10786     13 (1,2+)           0.75 EV   14                             
         *                                                                        <W> level not placed in Adopted.
                                                                                        closest level in Adopted:
                                                                                        3304.212  13 2+                  XREF=UACDEGHIJLMNPRTVWYZabcdg
 34S   G 10784                                                                  
         *                                                                        <W> No matching gamma within 5 keV found in Adopted
 34S   L 10803     6  (1,2+)           0.60 EV   11                         A   
         *                                                                        <W> level not placed in Adopted.
                                                                                        closest level in Adopted:
                                                                                        3304.212  13 2+                  XREF=UACDEGHIJLMNPRTVWYZabcdg
 34S   G 10801                                                                  
         *                                                                        <W> No matching gamma within 5 keV found in Adopted

################################################################################
In dataset of 34S: XT 34S(E,E')     XREF Tag=T

 34S   L 9480      10 1+                                                        
         *                                                                        <W> level not placed in Adopted.
                                                                                        closest level in Adopted:
                                                                                        3304.212  13 2+                  XREF=UACDEGHIJLMNPRTVWYZabcdg
 34S   L 9870      10 1+                                                        
         *                                                                        <W> level not placed in Adopted.
                                                                                        closest level in Adopted:
                                                                                        3304.212  13 2+                  XREF=UACDEGHIJLMNPRTVWYZabcdg
 34S   L 10000     10 1+                                                        
         *                                                                        <W> level not placed in Adopted.
                                                                                        closest level in Adopted:
                                                                                        3304.212  13 2+                  XREF=UACDEGHIJLMNPRTVWYZabcdg
 34S   L 10180     10 1+                                                        
         *                                                                        <W> level not placed in Adopted.
                                                                                        closest level in Adopted:
                                                                                        3304.212  13 2+                  XREF=UACDEGHIJLMNPRTVWYZabcdg
 34S   L 10430     10 1+                                                        
         *                                                                        <W> level not placed in Adopted.
                                                                                        closest level in Adopted:
                                                                                        3304.212  13 2+                  XREF=UACDEGHIJLMNPRTVWYZabcdg
 34S   L 10660     10 (1+,2-)                                                   
         *                                                                        <W> level not placed in Adopted.
                                                                                        closest level in Adopted:
                                                                                        3304.212  13 2+                  XREF=UACDEGHIJLMNPRTVWYZabcdg
 34S   L 10800     10 1+                                                        
         *                                                                        <W> level not placed in Adopted.
                                                                                        closest level in Adopted:
                                                                                        3304.212  13 2+                  XREF=UACDEGHIJLMNPRTVWYZabcdg
 34S   L 11020     10 1+                                                        
         *                                                                        <W> level not placed in Adopted.
                                                                                        closest level in Adopted:
                                                                                        3304.212  13 2+                  XREF=UACDEGHIJLMNPRTVWYZabcdg
 34S   L 11350     10 1+                                                        
         *                                                                        <W> level not placed in Adopted.
                                                                                        closest level in Adopted:
                                                                                        3304.212  13 2+                  XREF=UACDEGHIJLMNPRTVWYZabcdg
 34S   L 11500     10 1+                                                        
         *                                                                        <W> level not placed in Adopted.
                                                                                        closest level in Adopted:
                                                                                        3304.212  13 2+                  XREF=UACDEGHIJLMNPRTVWYZabcdg
 34S   L 12120     10 1+                                                        
         *                                                                        <W> level not placed in Adopted.
                                                                                        closest level in Adopted:
                                                                                        3304.212  13 2+                  XREF=UACDEGHIJLMNPRTVWYZabcdg
 34S   L 12180     10 2-                                                        
         *                                                                        <W> level not placed in Adopted.
                                                                                        closest level in Adopted:
                                                                                        3304.212  13 2+                  XREF=UACDEGHIJLMNPRTVWYZabcdg
 34S   L 12460     10 (1+,2-)                                                   
         *                                                                        <W> level not placed in Adopted.
                                                                                        closest level in Adopted:
                                                                                        3304.212  13 2+                  XREF=UACDEGHIJLMNPRTVWYZabcdg
 34S   L 12660     10 1+                                                        
         *                                                                        <W> level not placed in Adopted.
                                                                                        closest level in Adopted:
                                                                                        3304.212  13 2+                  XREF=UACDEGHIJLMNPRTVWYZabcdg
 34S   L 12930     10 (1+,2-)                                                   
         *                                                                        <W> level not placed in Adopted.
                                                                                        closest level in Adopted:
                                                                                        3304.212  13 2+                  XREF=UACDEGHIJLMNPRTVWYZabcdg
 34S   L 13590     10 2-                                                        
         *                                                                        <W> level not placed in Adopted.
                                                                                        closest level in Adopted:
                                                                                        3304.212  13 2+                  XREF=UACDEGHIJLMNPRTVWYZabcdg
 34S   L 13790     10 2-                                                        
         *                                                                        <W> level not placed in Adopted.
                                                                                        closest level in Adopted:
                                                                                        3304.212  13 2+                  XREF=UACDEGHIJLMNPRTVWYZabcdg
 34S   L 13990     10 1+                                                        
         *                                                                        <W> level not placed in Adopted.
                                                                                        closest level in Adopted:
                                                                                        3304.212  13 2+                  XREF=UACDEGHIJLMNPRTVWYZabcdg
 34S   L 14200     10 (1+,2-)                                                   
         *                                                                        <W> level not placed in Adopted.
                                                                                        closest level in Adopted:
                                                                                        3304.212  13 2+                  XREF=UACDEGHIJLMNPRTVWYZabcdg
 34S   L 14320     10 (1+,2-)                                                   
         *                                                                        <W> level not placed in Adopted.
                                                                                        closest level in Adopted:
                                                                                        3304.212  13 2+                  XREF=UACDEGHIJLMNPRTVWYZabcdg
 34S   L 14430     10 (1+,2-)                                                   
         *                                                                        <W> level not placed in Adopted.
                                                                                        closest level in Adopted:
                                                                                        3304.212  13 2+                  XREF=UACDEGHIJLMNPRTVWYZabcdg
 34S   L 14800     10 2-                                                        
         *                                                                        <W> level not placed in Adopted.
                                                                                        closest level in Adopted:
                                                                                        3304.212  13 2+                  XREF=UACDEGHIJLMNPRTVWYZabcdg

################################################################################
In dataset of 34S: XV 34S(N,N),(N,N')     XREF Tag=V

 34S   L 2127         2+                                                        
         *                                                                        <E> E(level) commented from Adopted but inconsistent
                                                                                        Adopted E=2127.564 13 this E=2127
 34S   L 3303         2+                                                        
         *                                                                        <E> E(level) commented from Adopted but inconsistent
                                                                                        Adopted E=3304.212 13 this E=3303
 34S   L 4114         2+                                                        
         *                                                                        <W> level not placed in Adopted.
                                                                                        closest level in Adopted:
                                                                                        3304.212  13 2+                  XREF=UACDEGHIJLMNPRTVWYZabcdg
         *                                                                        <E> E(level) commented from Adopted but no such Adopted level
 34S   L 4623         3-                                                        
         *                                                                        <W> level not placed in Adopted.
                                                                                        closest level in Adopted:
                                                                                        3304.212  13 2+                  XREF=UACDEGHIJLMNPRTVWYZabcdg
         *                                                                        <E> E(level) commented from Adopted but no such Adopted level
 34S   L 4688         4+                                                        
         *                                                                        <W> level not placed in Adopted.
                                                                                        closest level in Adopted:
                                                                                        3304.212  13 2+                  XREF=UACDEGHIJLMNPRTVWYZabcdg
         *                                                                        <E> E(level) commented from Adopted but no such Adopted level

################################################################################
In dataset of 34S: XW 34S(P,P),(P,P'),(POL P,P')     XREF Tag=W

 34S   L 3917      14 0                                                     M   
         *                                                                        <W> level not placed in Adopted.
                                                                                        closest level in Adopted:
                                                                                        3304.212  13 2+                  XREF=UACDEGHIJLMNPRTVWYZabcdg
 34S   L 4077      15                                                       M   
         *                                                                        <W> level not placed in Adopted.
                                                                                        closest level in Adopted:
                                                                                        3304.212  13 2+                  XREF=UACDEGHIJLMNPRTVWYZabcdg
 34S   L 4115      14 2+                                                    M   
         *                                                                        <W> level not placed in Adopted.
                                                                                        closest level in Adopted:
                                                                                        3304.212  13 2+                  XREF=UACDEGHIJLMNPRTVWYZabcdg
 34S   L 4625      14 3-                                                    M   
         *                                                                        <W> level not placed in Adopted.
                                                                                        closest level in Adopted:
                                                                                        3304.212  13 2+                  XREF=UACDEGHIJLMNPRTVWYZabcdg
 34S   L 4689      25                                                       M   
         *                                                                        <W> level not placed in Adopted.
                                                                                        closest level in Adopted:
                                                                                        3304.212  13 2+                  XREF=UACDEGHIJLMNPRTVWYZabcdg
 34S   L 4882      14 4+                                                    M   
         *                                                                        <W> level not placed in Adopted.
                                                                                        closest level in Adopted:
                                                                                        3304.212  13 2+                  XREF=UACDEGHIJLMNPRTVWYZabcdg
 34S   L 4889         2+                                                        
         *                                                                        <W> level not placed in Adopted.
                                                                                        closest level in Adopted:
                                                                                        3304.212  13 2+                  XREF=UACDEGHIJLMNPRTVWYZabcdg
 34S   L 5228      14                                                       M   
         *                                                                        <W> level not placed in Adopted.
                                                                                        closest level in Adopted:
                                                                                        3304.212  13 2+                  XREF=UACDEGHIJLMNPRTVWYZabcdg
 34S   L 5321      14                                                       M   
         *                                                                        <W> level not placed in Adopted.
                                                                                        closest level in Adopted:
                                                                                        3304.212  13 2+                  XREF=UACDEGHIJLMNPRTVWYZabcdg
 34S   L 5381      14                                                       M   
         *                                                                        <W> level not placed in Adopted.
                                                                                        closest level in Adopted:
                                                                                        3304.212  13 2+                  XREF=UACDEGHIJLMNPRTVWYZabcdg
 34S   L 5684      14                                                       M   
         *                                                                        <W> level not placed in Adopted.
                                                                                        closest level in Adopted:
                                                                                        3304.212  13 2+                  XREF=UACDEGHIJLMNPRTVWYZabcdg
 34S   L 5689                                                                   
         *                                                                        <W> level not placed in Adopted.
                                                                                        closest level in Adopted:
                                                                                        3304.212  13 2+                  XREF=UACDEGHIJLMNPRTVWYZabcdg
 34S   L 5755      14                                                       M   
         *                                                                        <W> level not placed in Adopted.
                                                                                        closest level in Adopted:
                                                                                        3304.212  13 2+                  XREF=UACDEGHIJLMNPRTVWYZabcdg
 34S   L 5848      18                                                       M   
         *                                                                        <W> level not placed in Adopted.
                                                                                        closest level in Adopted:
                                                                                        3304.212  13 2+                  XREF=UACDEGHIJLMNPRTVWYZabcdg
 34S   L 5995      18                                                       M   
         *                                                                        <W> level not placed in Adopted.
                                                                                        closest level in Adopted:
                                                                                        3304.212  13 2+                  XREF=UACDEGHIJLMNPRTVWYZabcdg
 34S   L 6118      14                                                       M   
         *                                                                        <W> level not placed in Adopted.
                                                                                        closest level in Adopted:
                                                                                        3304.212  13 2+                  XREF=UACDEGHIJLMNPRTVWYZabcdg
 34S   L 6170      14                                                       M   
         *                                                                        <W> level not placed in Adopted.
                                                                                        closest level in Adopted:
                                                                                        3304.212  13 2+                  XREF=UACDEGHIJLMNPRTVWYZabcdg
 34S   L 6248      18                                                       M   
         *                                                                        <W> level not placed in Adopted.
                                                                                        closest level in Adopted:
                                                                                        3304.212  13 2+                  XREF=UACDEGHIJLMNPRTVWYZabcdg
 34S   L 6340      14                                                       M   
         *                                                                        <W> level not placed in Adopted.
                                                                                        closest level in Adopted:
                                                                                        3304.212  13 2+                  XREF=UACDEGHIJLMNPRTVWYZabcdg
 34S   L 6414      14                                                       M   
         *                                                                        <W> level not placed in Adopted.
                                                                                        closest level in Adopted:
                                                                                        3304.212  13 2+                  XREF=UACDEGHIJLMNPRTVWYZabcdg
 34S   L 6479      18                                                       M   
         *                                                                        <W> level not placed in Adopted.
                                                                                        closest level in Adopted:
                                                                                        3304.212  13 2+                  XREF=UACDEGHIJLMNPRTVWYZabcdg
 34S   L 6635      14                                                       M   
         *                                                                        <W> level not placed in Adopted.
                                                                                        closest level in Adopted:
                                                                                        3304.212  13 2+                  XREF=UACDEGHIJLMNPRTVWYZabcdg
 34S   L 6680      14                                                       M   
         *                                                                        <W> level not placed in Adopted.
                                                                                        closest level in Adopted:
                                                                                        3304.212  13 2+                  XREF=UACDEGHIJLMNPRTVWYZabcdg
 34S   L 6738      25                                                       M   
         *                                                                        <W> level not placed in Adopted.
                                                                                        closest level in Adopted:
                                                                                        3304.212  13 2+                  XREF=UACDEGHIJLMNPRTVWYZabcdg
 34S   L 6819      26                                                       M   
         *                                                                        <W> level not placed in Adopted.
                                                                                        closest level in Adopted:
                                                                                        3304.212  13 2+                  XREF=UACDEGHIJLMNPRTVWYZabcdg
 34S   L 6860      14                                                       M   
         *                                                                        <W> level not placed in Adopted.
                                                                                        closest level in Adopted:
                                                                                        3304.212  13 2+                  XREF=UACDEGHIJLMNPRTVWYZabcdg
 34S   L 6888      14                                                       M   
         *                                                                        <W> level not placed in Adopted.
                                                                                        closest level in Adopted:
                                                                                        3304.212  13 2+                  XREF=UACDEGHIJLMNPRTVWYZabcdg
 34S   L 6950      14                                                       M   
         *                                                                        <W> level not placed in Adopted.
                                                                                        closest level in Adopted:
                                                                                        3304.212  13 2+                  XREF=UACDEGHIJLMNPRTVWYZabcdg
 34S   L 7110      14                                                       M   
         *                                                                        <W> level not placed in Adopted.
                                                                                        closest level in Adopted:
                                                                                        3304.212  13 2+                  XREF=UACDEGHIJLMNPRTVWYZabcdg
 34S   L 7248      18                                                       M   
         *                                                                        <W> level not placed in Adopted.
                                                                                        closest level in Adopted:
                                                                                        3304.212  13 2+                  XREF=UACDEGHIJLMNPRTVWYZabcdg
 34S   L 7479      5                                                            
         *                                                                        <W> level not placed in Adopted.
                                                                                        closest level in Adopted:
                                                                                        3304.212  13 2+                  XREF=UACDEGHIJLMNPRTVWYZabcdg
 34S   L 7556      5                                                            
         *                                                                        <W> level not placed in Adopted.
                                                                                        closest level in Adopted:
                                                                                        3304.212  13 2+                  XREF=UACDEGHIJLMNPRTVWYZabcdg
 34S   L 7625      5                                                            
         *                                                                        <W> level not placed in Adopted.
                                                                                        closest level in Adopted:
                                                                                        3304.212  13 2+                  XREF=UACDEGHIJLMNPRTVWYZabcdg
 34S   L 7649      14                                                       M   
         *                                                                        <W> level not placed in Adopted.
                                                                                        closest level in Adopted:
                                                                                        3304.212  13 2+                  XREF=UACDEGHIJLMNPRTVWYZabcdg
 34S   L 7732      5                                                            
         *                                                                        <W> level not placed in Adopted.
                                                                                        closest level in Adopted:
                                                                                        3304.212  13 2+                  XREF=UACDEGHIJLMNPRTVWYZabcdg
 34S   L 7779      5                                                            
         *                                                                        <W> level not placed in Adopted.
                                                                                        closest level in Adopted:
                                                                                        3304.212  13 2+                  XREF=UACDEGHIJLMNPRTVWYZabcdg
 34S   L 7805      5                                                            
         *                                                                        <W> level not placed in Adopted.
                                                                                        closest level in Adopted:
                                                                                        3304.212  13 2+                  XREF=UACDEGHIJLMNPRTVWYZabcdg
 34S   L 7976      5                                                            
         *                                                                        <W> level not placed in Adopted.
                                                                                        closest level in Adopted:
                                                                                        3304.212  13 2+                  XREF=UACDEGHIJLMNPRTVWYZabcdg
 34S   L 8034      5                                                            
         *                                                                        <W> level not placed in Adopted.
                                                                                        closest level in Adopted:
                                                                                        3304.212  13 2+                  XREF=UACDEGHIJLMNPRTVWYZabcdg
 34S   L 8296      5                                                            
         *                                                                        <W> level not placed in Adopted.
                                                                                        closest level in Adopted:
                                                                                        3304.212  13 2+                  XREF=UACDEGHIJLMNPRTVWYZabcdg
 34S   L 8385      5                                                            
         *                                                                        <W> level not placed in Adopted.
                                                                                        closest level in Adopted:
                                                                                        3304.212  13 2+                  XREF=UACDEGHIJLMNPRTVWYZabcdg
 34S   L 8423      5                                                            
         *                                                                        <W> level not placed in Adopted.
                                                                                        closest level in Adopted:
                                                                                        3304.212  13 2+                  XREF=UACDEGHIJLMNPRTVWYZabcdg
 34S   L 8511      5                                                            
         *                                                                        <W> level not placed in Adopted.
                                                                                        closest level in Adopted:
                                                                                        3304.212  13 2+                  XREF=UACDEGHIJLMNPRTVWYZabcdg
 34S   L 8580      5                                                            
         *                                                                        <W> level not placed in Adopted.
                                                                                        closest level in Adopted:
                                                                                        3304.212  13 2+                  XREF=UACDEGHIJLMNPRTVWYZabcdg
 34S   L 8623      5                                                            
         *                                                                        <W> level not placed in Adopted.
                                                                                        closest level in Adopted:
                                                                                        3304.212  13 2+                  XREF=UACDEGHIJLMNPRTVWYZabcdg
 34S   L 8656      5                                                            
         *                                                                        <W> level not placed in Adopted.
                                                                                        closest level in Adopted:
                                                                                        3304.212  13 2+                  XREF=UACDEGHIJLMNPRTVWYZabcdg
 34S   L 8671      5                                                            
         *                                                                        <W> level not placed in Adopted.
                                                                                        closest level in Adopted:
                                                                                        3304.212  13 2+                  XREF=UACDEGHIJLMNPRTVWYZabcdg
 34S   L 8718      5                                                            
         *                                                                        <W> level not placed in Adopted.
                                                                                        closest level in Adopted:
                                                                                        3304.212  13 2+                  XREF=UACDEGHIJLMNPRTVWYZabcdg
 34S   L 8740      10                                                           
         *                                                                        <W> level not placed in Adopted.
                                                                                        closest level in Adopted:
                                                                                        3304.212  13 2+                  XREF=UACDEGHIJLMNPRTVWYZabcdg
 34S   L 8792      5                                                            
         *                                                                        <W> level not placed in Adopted.
                                                                                        closest level in Adopted:
                                                                                        3304.212  13 2+                  XREF=UACDEGHIJLMNPRTVWYZabcdg
 34S   L 8809      5                                                            
         *                                                                        <W> level not placed in Adopted.
                                                                                        closest level in Adopted:
                                                                                        3304.212  13 2+                  XREF=UACDEGHIJLMNPRTVWYZabcdg
 34S   L 8953      5                                                            
         *                                                                        <W> level not placed in Adopted.
                                                                                        closest level in Adopted:
                                                                                        3304.212  13 2+                  XREF=UACDEGHIJLMNPRTVWYZabcdg
 34S   L 8987      5                                                            
         *                                                                        <W> level not placed in Adopted.
                                                                                        closest level in Adopted:
                                                                                        3304.212  13 2+                  XREF=UACDEGHIJLMNPRTVWYZabcdg
 34S   L 9120      5                                                            
         *                                                                        <W> level not placed in Adopted.
                                                                                        closest level in Adopted:
                                                                                        3304.212  13 2+                  XREF=UACDEGHIJLMNPRTVWYZabcdg
 34S   L 9171      5                                                            
         *                                                                        <W> level not placed in Adopted.
                                                                                        closest level in Adopted:
                                                                                        3304.212  13 2+                  XREF=UACDEGHIJLMNPRTVWYZabcdg
 34S   L 9205      7                                                            
         *                                                                        <W> level not placed in Adopted.
                                                                                        closest level in Adopted:
                                                                                        3304.212  13 2+                  XREF=UACDEGHIJLMNPRTVWYZabcdg
 34S   L 9226      6                                                            
         *                                                                        <W> level not placed in Adopted.
                                                                                        closest level in Adopted:
                                                                                        3304.212  13 2+                  XREF=UACDEGHIJLMNPRTVWYZabcdg
 34S   L 9257      10                                                           
         *                                                                        <W> level not placed in Adopted.
                                                                                        closest level in Adopted:
                                                                                        3304.212  13 2+                  XREF=UACDEGHIJLMNPRTVWYZabcdg
 34S   L 9429      5                                                            
         *                                                                        <W> level not placed in Adopted.
                                                                                        closest level in Adopted:
                                                                                        3304.212  13 2+                  XREF=UACDEGHIJLMNPRTVWYZabcdg
 34S   L 9445      5                                                            
         *                                                                        <W> level not placed in Adopted.
                                                                                        closest level in Adopted:
                                                                                        3304.212  13 2+                  XREF=UACDEGHIJLMNPRTVWYZabcdg
 34S   L 9481      5                                                            
         *                                                                        <W> level not placed in Adopted.
                                                                                        closest level in Adopted:
                                                                                        3304.212  13 2+                  XREF=UACDEGHIJLMNPRTVWYZabcdg
 34S   L 9566      10                                                           
         *                                                                        <W> level not placed in Adopted.
                                                                                        closest level in Adopted:
                                                                                        3304.212  13 2+                  XREF=UACDEGHIJLMNPRTVWYZabcdg
 34S   L 9601      5                                                            
         *                                                                        <W> level not placed in Adopted.
                                                                                        closest level in Adopted:
                                                                                        3304.212  13 2+                  XREF=UACDEGHIJLMNPRTVWYZabcdg
 34S   L 9700      6                                                            
         *                                                                        <W> level not placed in Adopted.
                                                                                        closest level in Adopted:
                                                                                        3304.212  13 2+                  XREF=UACDEGHIJLMNPRTVWYZabcdg
 34S   L 9847      10                                                           
         *                                                                        <W> level not placed in Adopted.
                                                                                        closest level in Adopted:
                                                                                        3304.212  13 2+                  XREF=UACDEGHIJLMNPRTVWYZabcdg
 34S   L 9872      5                                                            
         *                                                                        <W> level not placed in Adopted.
                                                                                        closest level in Adopted:
                                                                                        3304.212  13 2+                  XREF=UACDEGHIJLMNPRTVWYZabcdg
 34S   L 9925      5                                                            
         *                                                                        <W> level not placed in Adopted.
                                                                                        closest level in Adopted:
                                                                                        3304.212  13 2+                  XREF=UACDEGHIJLMNPRTVWYZabcdg
 34S   L 9969      10                                                           
         *                                                                        <W> level not placed in Adopted.
                                                                                        closest level in Adopted:
                                                                                        3304.212  13 2+                  XREF=UACDEGHIJLMNPRTVWYZabcdg

################################################################################
In dataset of 34S: XY 34S(POL D,D),(POL D,D')     XREF Tag=Y

 34S   L 3914         (0+)                                                      
         *                                                                        <W> level not placed in Adopted.
                                                                                        closest level in Adopted:
                                                                                        3304.212  13 2+                  XREF=UACDEGHIJLMNPRTVWYZabcdg
 34S   L 4072                                                                   
         *                                                                        <W> level not placed in Adopted.
                                                                                        closest level in Adopted:
                                                                                        3304.212  13 2+                  XREF=UACDEGHIJLMNPRTVWYZabcdg
 34S   L 4115                                                                   
         *                                                                        <W> level not placed in Adopted.
                                                                                        closest level in Adopted:
                                                                                        3304.212  13 2+                  XREF=UACDEGHIJLMNPRTVWYZabcdg
 34S   L 4622                                                                   
         *                                                                        <W> level not placed in Adopted.
                                                                                        closest level in Adopted:
                                                                                        3304.212  13 2+                  XREF=UACDEGHIJLMNPRTVWYZabcdg
 34S   L 4688                                                                   
         *                                                                        <W> level not placed in Adopted.
                                                                                        closest level in Adopted:
                                                                                        3304.212  13 2+                  XREF=UACDEGHIJLMNPRTVWYZabcdg
 34S   L 4696                                                                   
         *                                                                        <W> level not placed in Adopted.
                                                                                        closest level in Adopted:
                                                                                        3304.212  13 2+                  XREF=UACDEGHIJLMNPRTVWYZabcdg

################################################################################
In dataset of 34S: XZ 34S(A,A),(A,A'),(A,A'G)     XREF Tag=Z

 34S   L 2127         2+               306 FS    18                             
         *                                                                        <E> E(level) commented from Adopted but inconsistent
                                                                                        Adopted E=2127.564 13 this E=2127
 34S   L 3920                                                                   
         *                                                                        <W> level not placed in Adopted.
                                                                                        closest level in Adopted:
                                                                                        3304.212  13 2+                  XREF=UACDEGHIJLMNPRTVWYZabcdg
 34S   L 4120                                                                   
         *                                                                        <W> level not placed in Adopted.
                                                                                        closest level in Adopted:
                                                                                        3304.212  13 2+                  XREF=UACDEGHIJLMNPRTVWYZabcdg
 34S   L 4690                                                                   
         *                                                                        <W> level not placed in Adopted.
                                                                                        closest level in Adopted:
                                                                                        3304.212  13 2+                  XREF=UACDEGHIJLMNPRTVWYZabcdg
 34S   L 4890                                                                   
         *                                                                        <W> level not placed in Adopted.
                                                                                        closest level in Adopted:
                                                                                        3304.212  13 2+                  XREF=UACDEGHIJLMNPRTVWYZabcdg
 34S   L 5230                                                                   
         *                                                                        <W> level not placed in Adopted.
                                                                                        closest level in Adopted:
                                                                                        3304.212  13 2+                  XREF=UACDEGHIJLMNPRTVWYZabcdg
 34S   L 5320                                                                   
         *                                                                        <W> level not placed in Adopted.
                                                                                        closest level in Adopted:
                                                                                        3304.212  13 2+                  XREF=UACDEGHIJLMNPRTVWYZabcdg
 34S   L 5690                                                                   
         *                                                                        <W> level not placed in Adopted.
                                                                                        closest level in Adopted:
                                                                                        3304.212  13 2+                  XREF=UACDEGHIJLMNPRTVWYZabcdg
 34S   L 6010                                                                   
         *                                                                        <W> level not placed in Adopted.
                                                                                        closest level in Adopted:
                                                                                        3304.212  13 2+                  XREF=UACDEGHIJLMNPRTVWYZabcdg
 34S   L 6130                                                                   
         *                                                                        <W> level not placed in Adopted.
                                                                                        closest level in Adopted:
                                                                                        3304.212  13 2+                  XREF=UACDEGHIJLMNPRTVWYZabcdg
 34S   L 6640                                                                   
         *                                                                        <W> level not placed in Adopted.
                                                                                        closest level in Adopted:
                                                                                        3304.212  13 2+                  XREF=UACDEGHIJLMNPRTVWYZabcdg

################################################################################
In dataset of 34S: Xa 35CL(G,P)     XREF Tag=a

 34S   L 3920                                                                   
         *                                                                        <W> level not placed in Adopted.
                                                                                        closest level in Adopted:
                                                                                        3304.212  13 2+                  XREF=UACDEGHIJLMNPRTVWYZabcdg
 34S   L 4070                                                                   
         *                                                                        <W> level not placed in Adopted.
                                                                                        closest level in Adopted:
                                                                                        3304.212  13 2+                  XREF=UACDEGHIJLMNPRTVWYZabcdg
 34S   L 4110                                                                   
         *                                                                        <W> level not placed in Adopted.
                                                                                        closest level in Adopted:
                                                                                        3304.212  13 2+                  XREF=UACDEGHIJLMNPRTVWYZabcdg
 34S   L 4620                                                                   
         *                                                                        <W> level not placed in Adopted.
                                                                                        closest level in Adopted:
                                                                                        3304.212  13 2+                  XREF=UACDEGHIJLMNPRTVWYZabcdg
 34S   L 4690                                                                   
         *                                                                        <W> level not placed in Adopted.
                                                                                        closest level in Adopted:
                                                                                        3304.212  13 2+                  XREF=UACDEGHIJLMNPRTVWYZabcdg
 34S   L 4880                                                                   
         *                                                                        <W> level not placed in Adopted.
                                                                                        closest level in Adopted:
                                                                                        3304.212  13 2+                  XREF=UACDEGHIJLMNPRTVWYZabcdg
 34S   L 4890                                                                   
         *                                                                        <W> level not placed in Adopted.
                                                                                        closest level in Adopted:
                                                                                        3304.212  13 2+                  XREF=UACDEGHIJLMNPRTVWYZabcdg
 34S   L 5380                                                                   
         *                                                                        <W> level not placed in Adopted.
                                                                                        closest level in Adopted:
                                                                                        3304.212  13 2+                  XREF=UACDEGHIJLMNPRTVWYZabcdg
 34S   L 5760                                                                   
         *                                                                        <W> level not placed in Adopted.
                                                                                        closest level in Adopted:
                                                                                        3304.212  13 2+                  XREF=UACDEGHIJLMNPRTVWYZabcdg
 34S   L 6250                                                                   
         *                                                                        <W> level not placed in Adopted.
                                                                                        closest level in Adopted:
                                                                                        3304.212  13 2+                  XREF=UACDEGHIJLMNPRTVWYZabcdg

################################################################################
In dataset of 34S: Xc 35CL(D,3HE)     XREF Tag=c

 34S   L 4090      15                                  0        0.82            
         *                                                                        <W> level not placed in Adopted.
                                                                                        closest level in Adopted:
                                                                                        3304.212  13 2+                  XREF=UACDEGHIJLMNPRTVWYZabcdg
 34S   L 4710      20                                  2        0.5             
         *                                                                        <W> level not placed in Adopted.
                                                                                        closest level in Adopted:
                                                                                        3304.212  13 2+                  XREF=UACDEGHIJLMNPRTVWYZabcdg
 34S   L 4900      20                                  2        0.8             
         *                                                                        <W> level not placed in Adopted.
                                                                                        closest level in Adopted:
                                                                                        3304.212  13 2+                  XREF=UACDEGHIJLMNPRTVWYZabcdg
 34S   L 5360      40                                  2        0.2             
         *                                                                        <W> level not placed in Adopted.
                                                                                        closest level in Adopted:
                                                                                        3304.212  13 2+                  XREF=UACDEGHIJLMNPRTVWYZabcdg
 34S   L 6220      50                                  2        0.24            
         *                                                                        <W> level not placed in Adopted.
                                                                                        closest level in Adopted:
                                                                                        3304.212  13 2+                  XREF=UACDEGHIJLMNPRTVWYZabcdg
 34S   L 6830                                          0        0.08            
         *                                                                        <W> level not placed in Adopted.
                                                                                        closest level in Adopted:
                                                                                        3304.212  13 2+                  XREF=UACDEGHIJLMNPRTVWYZabcdg
 34S   L 6910      40                                  2        0.5             
         *                                                                        <W> level not placed in Adopted.
                                                                                        closest level in Adopted:
                                                                                        3304.212  13 2+                  XREF=UACDEGHIJLMNPRTVWYZabcdg
 34S   L 7110                                          0        0.19            
         *                                                                        <W> level not placed in Adopted.
                                                                                        closest level in Adopted:
                                                                                        3304.212  13 2+                  XREF=UACDEGHIJLMNPRTVWYZabcdg
 34S   L 7190      40                                  2        0.6             
         *                                                                        <W> level not placed in Adopted.
                                                                                        closest level in Adopted:
                                                                                        3304.212  13 2+                  XREF=UACDEGHIJLMNPRTVWYZabcdg
 34S   L 7780      30                                  2        1.4             
         *                                                                        <W> level not placed in Adopted.
                                                                                        closest level in Adopted:
                                                                                        3304.212  13 2+                  XREF=UACDEGHIJLMNPRTVWYZabcdg

################################################################################
In dataset of 34S: Xe 206PB(34S,34S'G)     XREF Tag=e

 34S   L 2127         2+               0.25 PS   +5-3                           
         *                                                                        <E> E(level) commented from Adopted but inconsistent
                                                                                        Adopted E=2127.564 13 this E=2127

################################################################################
In dataset of 34S: Xf 208PB(34S,34S')     XREF Tag=f

 34S   L 2127         2+                                                        
         *                                                                        <E> E(level) commented from Adopted but inconsistent
                                                                                        Adopted E=2127.564 13 this E=2127

################################################################################
In dataset of 34S: Xg 208PB(36S,34SG)     XREF Tag=g

 34S   L 4624.9    14 (3-)                                                      
         *                                                                        <W> level not placed in Adopted or discrepant.
                                                                                        closest level in Adopted:
                                                                                        3304.212  13 2+                  XREF=UACDEGHIJLMNPRTVWYZabcdg
 34S   G 1320      1  26.5   26                                                 
         *                                                                        <W> No matching gamma within 5 keV found in Adopted
 34S   L 4689.7    16 (4+)                                                      
         *                                                                        <W> level not placed in Adopted or discrepant.
                                                                                        closest level in Adopted:
                                                                                        3304.212  13 2+                  XREF=UACDEGHIJLMNPRTVWYZabcdg
 34S   G 2561      2  39.6   36                                                 
         *                                                                        <W> No matching gamma within 5 keV found in Adopted
 34S   L 4878.1    15 (3+)                                                      
         *                                                                        <W> level not placed in Adopted or discrepant.
                                                                                        closest level in Adopted:
                                                                                        3304.212  13 2+                  XREF=UACDEGHIJLMNPRTVWYZabcdg
 34S   G 1573      1  35.5   33                                                 
         *                                                                        <W> No matching gamma within 5 keV found in Adopted
 34S   L 5690.8    16 (5-)                                                      
         *                                                                        <W> level not placed in Adopted or discrepant.
                                                                                        closest level in Adopted:
                                                                                        3304.212  13 2+                  XREF=UACDEGHIJLMNPRTVWYZabcdg
 34S   G 1001      1  26.8   25                                                 
         *                                                                        <W> No matching gamma within 5 keV found in Adopted
 34S   G 1066      1  21.0   21                                                 
         *                                                                        <W> No matching gamma within 5 keV found in Adopted
 34S   L 6251.7    19 (4-)                                                      
         *                                                                        <W> level not placed in Adopted or discrepant.
                                                                                        closest level in Adopted:
                                                                                        3304.212  13 2+                  XREF=UACDEGHIJLMNPRTVWYZabcdg
 34S   G 1562      1  18.6   23                                                 
         *                                                                        <W> No matching gamma within 5 keV found in Adopted
 34S   L 7791.8    22 (6-)                                                      
         *                                                                        <W> level not placed in Adopted or discrepant.
                                                                                        closest level in Adopted:
                                                                                        3304.212  13 2+                  XREF=UACDEGHIJLMNPRTVWYZabcdg
 34S   G 1540      1  23.3   25                                                 
         *                                                                        <W> No matching gamma within 5 keV found in Adopted
 34S   L 8372.0    26 (7-)                                                      
         *                                                                        <W> level not placed in Adopted or discrepant.
                                                                                        closest level in Adopted:
                                                                                        3304.212  13 2+                  XREF=UACDEGHIJLMNPRTVWYZabcdg
 34S   G 2681      2  15.8   27                                                 
         *                                                                        <W> No matching gamma within 5 keV found in Adopted

################################################################################
In dataset of 34S: X?1      XREF Tag=?1

 34S   L 3916.407  22 0+               1.12E3 FS 9                              
         *                                                                        <W> level not placed in Adopted or discrepant.
                                                                                        closest level in Adopted:
                                                                                        3304.212  13 2+                  XREF=UACDEGHIJLMNPRTVWYZabcdg
 34S   G 612.16    5  0.33   4  [E2]                                            
         *                                                                        <W> No final level found
         *                                                                        <W> No matching gamma within 5 keV found in Adopted
 34S   G 1787.3    8  100    10 [E2]                                            
         *                                                                        <W> No final level found
         *                                                                        <W> No matching gamma within 5 keV found in Adopted
 34S   L 4074.666  20 1+               17 FS     LT                             
         *                                                                        <W> level not placed in Adopted or discrepant.
                                                                                        closest level in Adopted:
                                                                                        3304.212  13 2+                  XREF=UACDEGHIJLMNPRTVWYZabcdg
 34S   G 770.428   20 8.5    9  (M1(+E2))-1.3    15                             
         *                                                                        <W> No final level found
         *                                                                        <W> No matching gamma within 5 keV found in Adopted
 34S   G 1947.060  20 95     8  M1+E2    +1.3    +32-9                          
         *                                                                        <W> No final level found
         *                                                                        <W> No matching gamma within 5 keV found in Adopted
 34S   G 4072.9    11 100    9  (M1)                                            
         *                                                                        <W> No final level found
         *                                                                        <W> No matching gamma within 5 keV found in Adopted
 34S   L 4114.81   2  2+               72 FS     7                              
         *                                                                        <W> level not placed in Adopted or discrepant.
                                                                                        closest level in Adopted:
                                                                                        3304.212  13 2+                  XREF=UACDEGHIJLMNPRTVWYZabcdg
 34S   G 1987.19   3  69.8   34 M1+E2    -0.40   5                              
         *                                                                        <W> No final level found
         *                                                                        <W> No matching gamma within 5 keV found in Adopted
 34S   G 4114.52   4  100.0  22 E2                                              
         *                                                                        <W> No final level found
         *                                                                        <W> No matching gamma within 5 keV found in Adopted
 34S   L 4624.404  16 3-               85 FS     7                          C   
         *                                                                        <W> level not placed in Adopted or discrepant.
                                                                                        closest level in Adopted:
                                                                                        3304.212  13 2+                  XREF=UACDEGHIJLMNPRTVWYZabcdg
 34S   G 1320.168  20 100    7  (E1(+M2))-0.03   5                          P   
         *                                                                        <W> No final level found
         *                                                                        <W> No matching gamma within 5 keV found in Adopted
 34S   G 2496.725  25 41     4  (E1(+M2))+0.02   4                              
         *                                                                        <W> No final level found
         *                                                                        <W> No matching gamma within 5 keV found in Adopted
 34S   G 4624.2    5  0.55   13 [E3]                                            
         *                                                                        <W> No final level found
         *                                                                        <W> No matching gamma within 5 keV found in Adopted
 34S   L 4688.97   4  4+               88 FS     7                          A   
         *                                                                        <W> level not placed in Adopted or discrepant.
                                                                                        closest level in Adopted:
                                                                                        3304.212  13 2+                  XREF=UACDEGHIJLMNPRTVWYZabcdg
 34S   G 1384.5    14 0.44   30 [E2]                                        M   
         *                                                                        <W> No final level found
         *                                                                        <W> No matching gamma within 5 keV found in Adopted
 34S   G 2561.35   6  100    9  E2                                              
         *                                                                        <W> No final level found
         *                                                                        <W> No matching gamma within 5 keV found in Adopted
 34S   L 4876.842  23 3+               40 FS     15                             
         *                                                                        <W> level not placed in Adopted or discrepant.
                                                                                        closest level in Adopted:
                                                                                        3304.212  13 2+                  XREF=UACDEGHIJLMNPRTVWYZabcdg
 34S   G 1572.56   5  70     8  M1+E2    -0.09   4                              
         *                                                                        <W> No final level found
         *                                                                        <W> No matching gamma within 5 keV found in Adopted
 34S   G 2749.24   5  100    8  M1+E2    -0.11   3                          P   
         *                                                                        <W> No final level found
         *                                                                        <W> No matching gamma within 5 keV found in Adopted
 34S   L 4882      14 4+                                                        
         *                                                                        <W> level not placed in Adopted.
                                                                                        closest level in Adopted:
                                                                                        3304.212  13 2+                  XREF=UACDEGHIJLMNPRTVWYZabcdg
 34S   L 4889.76   2  2+               36 FS     10                             
         *                                                                        <W> level not placed in Adopted or discrepant.
                                                                                        closest level in Adopted:
                                                                                        3304.212  13 2+                  XREF=UACDEGHIJLMNPRTVWYZabcdg
 34S   G 1585.510  20 96     24 [M1,E2]                                     P   
         *                                                                        <W> No final level found
         *                                                                        <W> No matching gamma within 5 keV found in Adopted
 34S   G 2762.10   8  71     LT [M1,E2]                                     P   
         *                                                                        <W> No final level found
         *                                                                        <W> No matching gamma within 5 keV found in Adopted
 34S   G 4889.30   8  100    24 E2                                          P   
         *                                                                        <W> No final level found
         *                                                                        <W> No matching gamma within 5 keV found in Adopted
 34S   L 5228.175  22 0+                                                        
         *                                                                        <W> level not placed in Adopted or discrepant.
                                                                                        closest level in Adopted:
                                                                                        3304.212  13 2+                  XREF=UACDEGHIJLMNPRTVWYZabcdg
 34S   G 1113.27   9  4.1    6                                                  
         *                                                                        <W> No matching gamma within 5 keV found in Adopted
 34S   G 1153.492  20 100    9  D                                               
         *                                                                        <W> No matching gamma within 5 keV found in Adopted
 34S   L 5318.8    18 2+               17 FS     7                          P   
         *                                                                        <W> level not placed in Adopted or discrepant.
                                                                                        closest level in Adopted:
                                                                                        3304.212  13 2+                  XREF=UACDEGHIJLMNPRTVWYZabcdg
 34S   G 3191.6       100       M1+E2    -0.17   6                          P   
         *                                                                        <W> No final level found
         *                                                                        <W> No matching gamma within 5 keV found in Adopted
 34S   L 5322.514  28 -                17 FS     6                              
         *                                                                        <W> level not placed in Adopted or discrepant.
                                                                                        closest level in Adopted:
                                                                                        3304.212  13 2+                  XREF=UACDEGHIJLMNPRTVWYZabcdg
 34S   G 698.18    13 1.37   19                                                 
         *                                                                        <W> No matching gamma within 5 keV found in Adopted
 34S   G 1247.92   6  8.0    10                                                 
         *                                                                        <W> No matching gamma within 5 keV found in Adopted
 34S   G 3194.74   5  100    11                                                 
         *                                                                        <W> No final level found
         *                                                                        <W> No matching gamma within 5 keV found in Adopted
 34S   L 5380.99   3  1+               49 FS     LE                             
         *                                                                        <W> level not placed in Adopted or discrepant.
                                                                                        closest level in Adopted:
                                                                                        3304.212  13 2+                  XREF=UACDEGHIJLMNPRTVWYZabcdg
 34S   G 1266.11   5  17.4   19 [M1,E2]                                         
         *                                                                        <W> No matching gamma within 5 keV found in Adopted
 34S   G 2076.89   8  39     4  [M1,E2]                                         
         *                                                                        <W> No final level found
         *                                                                        <W> No matching gamma within 5 keV found in Adopted
 34S   G 3253.21   6  100    11 M1+E2    -1.1    10                             
         *                                                                        <W> No final level found
         *                                                                        <W> No matching gamma within 5 keV found in Adopted
 34S   G 5380.59   9  53     5  (M1)                                            
         *                                                                        <W> No final level found
         *                                                                        <W> No matching gamma within 5 keV found in Adopted
 34S   L 5679.928  17 2+               263 FS    21                         B   
         *                                                                        <W> level not placed in Adopted or discrepant.
                                                                                        closest level in Adopted:
                                                                                        3304.212  13 2+                  XREF=UACDEGHIJLMNPRTVWYZabcdg
 34S   G 789.1     6  1.50   27 [M1,E2]                                         
         *                                                                        <W> No matching gamma within 5 keV found in Adopted
 34S   G 803.103   27 4.4    4  [M1,E2]                                         
         *                                                                        <W> No matching gamma within 5 keV found in Adopted
 34S   G 1055.491  20 26.9   27 [E1]                                            
         *                                                                        <W> No matching gamma within 5 keV found in Adopted
 34S   G 1564.8    5  3.5    8  [M1,E2]                                         
         *                                                                        <W> No matching gamma within 5 keV found in Adopted
 34S   G 2375.657  20 100    9  M1+E2    -0.4    LT                             
         *                                                                        <W> No final level found
         *                                                                        <W> No matching gamma within 5 keV found in Adopted
 34S   G 3552.08   6  66.7   7  D+Q      -0.47   +7-11                          
         *                                                                        <W> No final level found
         *                                                                        <W> No matching gamma within 5 keV found in Adopted
 34S   L 5690.8    6  5-               36.9 PS   17                         C   
         *                                                                        <W> level not placed in Adopted or discrepant.
                                                                                        closest level in Adopted:
                                                                                        3304.212  13 2+                  XREF=UACDEGHIJLMNPRTVWYZabcdg
 34S   G 1001.5    5  100    4  E1                                          P   
         *                                                                        <W> No matching gamma within 5 keV found in Adopted
 34S   G 1066.2    5  88     8  E2                                              
         *                                                                        <W> No matching gamma within 5 keV found in Adopted
 34S   G 3562.7    6  2.9    12 [E3]                                        M   
         *                                                                        <W> No final level found
         *                                                                        <W> No matching gamma within 5 keV found in Adopted
 34S   L 5755.876  21 1-                                                        
         *                                                                        <W> level not placed in Adopted or discrepant.
                                                                                        closest level in Adopted:
                                                                                        3304.212  13 2+                  XREF=UACDEGHIJLMNPRTVWYZabcdg
 34S   G 1640.7    10 0.97   57                                                 
         *                                                                        <W> No matching gamma within 5 keV found in Adopted
 34S   G 2451.557  20 29.6   29                                                 
         *                                                                        <W> No final level found
         *                                                                        <W> No matching gamma within 5 keV found in Adopted
 34S   G 3628.10   4  100    9                                                  
         *                                                                        <W> No final level found
         *                                                                        <W> No matching gamma within 5 keV found in Adopted
 34S   G 5755.5    5  2.9    5                                                  
         *                                                                        <W> No final level found
         *                                                                        <W> No matching gamma within 5 keV found in Adopted
 34S   L 5847.524  29 0+                                                        
         *                                                                        <W> level not placed in Adopted or discrepant.
                                                                                        closest level in Adopted:
                                                                                        3304.212  13 2+                  XREF=UACDEGHIJLMNPRTVWYZabcdg
 34S   G 1772.82   4  73     7                                                  
         *                                                                        <W> No matching gamma within 5 keV found in Adopted
 34S   G 2543.13   10 550    LT                                             &   
         *                                                                        <W> No final level found
         *                                                                        <W> No matching gamma within 5 keV found in Adopted
 34S   G 3719.68   16 100    11                                                 
         *                                                                        <W> No final level found
         *                                                                        <W> No matching gamma within 5 keV found in Adopted
 34S   L 5998.10   8  2+               6.9 FS    LT                             
         *                                                                        <W> level not placed in Adopted or discrepant.
                                                                                        closest level in Adopted:
                                                                                        3304.212  13 2+                  XREF=UACDEGHIJLMNPRTVWYZabcdg
 34S   G 1121.33   9  57     8  [M1,E2]                                         
         *                                                                        <W> No matching gamma within 5 keV found in Adopted
 34S   G 1922.92   22 100    18 [M1,E2]                                         
         *                                                                        <W> No matching gamma within 5 keV found in Adopted
 34S   G 3870.51   31 92     13 [M1,E2]                                         
         *                                                                        <W> No final level found
         *                                                                        <W> No matching gamma within 5 keV found in Adopted
 34S   G 5997.30   31 56     10 E2                                              
         *                                                                        <W> No final level found
         *                                                                        <W> No matching gamma within 5 keV found in Adopted
 34S   L 6121.56   10 2+               52 FS     LT                             
         *                                                                        <W> level not placed in Adopted or discrepant.
                                                                                        closest level in Adopted:
                                                                                        3304.212  13 2+                  XREF=UACDEGHIJLMNPRTVWYZabcdg
 34S   G 2817.76   25 100    9  (M1+E2)  -0.09   4                          P   
         *                                                                        <W> No final level found
         *                                                                        <W> No matching gamma within 5 keV found in Adopted
 34S   G 3994.8    8  22     9  [M1,E2]                                     P   
         *                                                                        <W> No final level found
         *                                                                        <W> No matching gamma within 5 keV found in Adopted
 34S   L 6168.862  28 (3)-                                                      
         *                                                                        <W> level not placed in Adopted or discrepant.
                                                                                        closest level in Adopted:
                                                                                        3304.212  13 2+                  XREF=UACDEGHIJLMNPRTVWYZabcdg
 34S   G 846.1     13 2.6    17                                                 
         *                                                                        <W> No matching gamma within 5 keV found in Adopted
 34S   G 1479.73   15 2.41   30                                                 
         *                                                                        <W> No matching gamma within 5 keV found in Adopted
 34S   G 1544.41   10 25.9   LT                                             &   
         *                                                                        <W> No matching gamma within 5 keV found in Adopted
 34S   G 2053.94   14 5.4    8                                                  
         *                                                                        <W> No matching gamma within 5 keV found in Adopted
 34S   G 2864.56   4  100    10                                                 
         *                                                                        <W> No final level found
         *                                                                        <W> No matching gamma within 5 keV found in Adopted
 34S   G 4040.63   29 5.0    7                                                  
         *                                                                        <W> No final level found
         *                                                                        <W> No matching gamma within 5 keV found in Adopted
 34S   L 6173         3+               9.0 FS    LT                         P   
         *                                                                        <W> level not placed in Adopted.
                                                                                        closest level in Adopted:
                                                                                        3304.212  13 2+                  XREF=UACDEGHIJLMNPRTVWYZabcdg
 34S   G 1282         16     13 [M1,E2]                                         
         *                                                                        <W> No matching gamma within 5 keV found in Adopted
 34S   G 1485         95     13 (M1+E2)  +0.04   +6-3                           
         *                                                                        <W> No matching gamma within 5 keV found in Adopted
 34S   G 2870         100    13 M1+E2    -0.23   7                              
         *                                                                        <W> No final level found
         *                                                                        <W> No matching gamma within 5 keV found in Adopted
 34S   G 4046         53     13 (M1+E2)  -0.43   16                             
         *                                                                        <W> No final level found
         *                                                                        <W> No matching gamma within 5 keV found in Adopted
 34S   L 6251.23   19 4+               0.42 PS   +49-21                         
         *                                                                        <W> level not placed in Adopted or discrepant.
                                                                                        closest level in Adopted:
                                                                                        3304.212  13 2+                  XREF=UACDEGHIJLMNPRTVWYZabcdg
 34S   G 1374.43   23 46     10 M1+E2    -3.7    +7-26                          
         *                                                                        <W> No matching gamma within 5 keV found in Adopted
 34S   G 1562.4    5  100    25 [M1,E2]                                         
         *                                                                        <W> No matching gamma within 5 keV found in Adopted
 34S   L 6251.68   9  3-                                                    B   
         *                                                                        <W> level not placed in Adopted or discrepant.
                                                                                        closest level in Adopted:
                                                                                        3304.212  13 2+                  XREF=UACDEGHIJLMNPRTVWYZabcdg
 34S   G 572.0     1  28     14 D                                           M   
         *                                                                        <W> No matching gamma within 5 keV found in Adopted
 34S   G 1626.7    5  45     10                                             M   
         *                                                                        <W> No matching gamma within 5 keV found in Adopted
 34S   L 6342.52   10 1-               25 FS     LT                             
         *                                                                        <W> level not placed in Adopted or discrepant.
                                                                                        closest level in Adopted:
                                                                                        3304.212  13 2+                  XREF=UACDEGHIJLMNPRTVWYZabcdg
 34S   G 3038.18   32 100    14 (E1(+M2))-0.55   65                             
         *                                                                        <W> No final level found
         *                                                                        <W> No matching gamma within 5 keV found in Adopted
 34S   G 6341.58   32 36     6  (E1)                                            
         *                                                                        <W> No final level found
         *                                                                        <W> No matching gamma within 5 keV found in Adopted
 34S   L 6421.34   8  4-               6.9 FS    LT                             
         *                                                                        <W> level not placed in Adopted or discrepant.
                                                                                        closest level in Adopted:
                                                                                        3304.212  13 2+                  XREF=UACDEGHIJLMNPRTVWYZabcdg
 34S   G 1544.41   10 100    8  D                                           P   
         *                                                                        <W> No matching gamma within 5 keV found in Adopted
 34S   G 1732.39   11 61     8  D                                           P   
         *                                                                        <W> No matching gamma within 5 keV found in Adopted
 34S   L 6428.13   7  (2+,3+)                                                   
         *                                                                        <W> level not placed in Adopted or discrepant.
                                                                                        closest level in Adopted:
                                                                                        3304.212  13 2+                  XREF=UACDEGHIJLMNPRTVWYZabcdg
 34S   G 306.63    16 19     4                                                  
         *                                                                        <W> No matching gamma within 5 keV found in Adopted
 34S   G 1739.32   9  100    13                                                 
         *                                                                        <W> No matching gamma within 5 keV found in Adopted
 34S   G 2353.06   21 48     8                                                  
         *                                                                        <W> No matching gamma within 5 keV found in Adopted
 34S   L 6478.770  22 1-                                                        
         *                                                                        <W> level not placed in Adopted or discrepant.
                                                                                        closest level in Adopted:
                                                                                        3304.212  13 2+                  XREF=UACDEGHIJLMNPRTVWYZabcdg
 34S   G 631.13    6  2.70   30                                                 
         *                                                                        <W> No matching gamma within 5 keV found in Adopted
 34S   G 722.95    14 1.67   21                                                 
         *                                                                        <W> No matching gamma within 5 keV found in Adopted
 34S   G 798.92    10 2.8    4                                                  
         *                                                                        <W> No matching gamma within 5 keV found in Adopted
 34S   G 1156.39   7  15.0   17                                                 
         *                                                                        <W> No matching gamma within 5 keV found in Adopted
 34S   G 1602.06   15 4.1    7                                                  
         *                                                                        <W> No matching gamma within 5 keV found in Adopted
 34S   G 1854.28   4  12.2   13                                                 
         *                                                                        <W> No matching gamma within 5 keV found in Adopted
 34S   G 2404.04   6  10.2   11                                                 
         *                                                                        <W> No matching gamma within 5 keV found in Adopted
 34S   G 3174.37   5  100    10                                                 
         *                                                                        <W> No final level found
         *                                                                        <W> No matching gamma within 5 keV found in Adopted
 34S   G 4350.85   9  61     7  D+Q      -1.1    9                              
         *                                                                        <W> No final level found
         *                                                                        <W> No matching gamma within 5 keV found in Adopted
 34S   L 6535      15                                                           
         *                                                                        <W> level not placed in Adopted.
                                                                                        closest level in Adopted:
                                                                                        3304.212  13 2+                  XREF=UACDEGHIJLMNPRTVWYZabcdg
 34S   L 6639      1  4(-)             42 FS     10                             
         *                                                                        <W> level not placed in Adopted.
                                                                                        closest level in Adopted:
                                                                                        3304.212  13 2+                  XREF=UACDEGHIJLMNPRTVWYZabcdg
 34S   G 960          28     13                                             P   
         *                                                                        <W> No matching gamma within 5 keV found in Adopted
 34S   G 2017         100    13                                             P   
         *                                                                        <W> No matching gamma within 5 keV found in Adopted
 34S   L 6685.333  29 (0:3)-                                                    
         *                                                                        <W> level not placed in Adopted or discrepant.
                                                                                        closest level in Adopted:
                                                                                        3304.212  13 2+                  XREF=UACDEGHIJLMNPRTVWYZabcdg
 34S   G 929.436   21 100                                                       
         *                                                                        <W> No matching gamma within 5 keV found in Adopted
 34S   L 6742      15 2(+),4(+)        6.9 FS    LT                             
         *                                                                        <W> level not placed in Adopted.
                                                                                        closest level in Adopted:
                                                                                        3304.212  13 2+                  XREF=UACDEGHIJLMNPRTVWYZabcdg
 34S   G 1856         9.1    91 [M1,E2]                                     P   
         *                                                                        <W> No matching gamma within 5 keV found in Adopted
 34S   G 2043         36     13 [E2]                                        P   
         *                                                                        <W> No matching gamma within 5 keV found in Adopted
 34S   G 3428         36     13 [M1,E2]                                     P   
         *                                                                        <W> No final level found
         *                                                                        <W> No matching gamma within 5 keV found in Adopted
 34S   G 4604         100    9  [M1,E2]                                     P   
         *                                                                        <W> No final level found
         *                                                                        <W> No matching gamma within 5 keV found in Adopted
 34S   L 6828.83   18 2+               46 FS     LT                             
         *                                                                        <W> level not placed in Adopted or discrepant.
                                                                                        closest level in Adopted:
                                                                                        3304.212  13 2+                  XREF=UACDEGHIJLMNPRTVWYZabcdg
 34S   G 2208                                                                   
         *                                                                        <W> No matching gamma within 5 keV found in Adopted
 34S   G 2716                                                                   
         *                                                                        <W> No matching gamma within 5 keV found in Adopted
 34S   G 2753.3    13 100       [M1,E2]                                         
         *                                                                        <W> No matching gamma within 5 keV found in Adopted
 34S   G 6829                   Q                                               
         *                                                                        <W> No final level found
         *                                                                        <W> No matching gamma within 5 keV found in Adopted
 34S   L 6847.90   6  (1,2+)                                                    
         *                                                                        <W> level not placed in Adopted or discrepant.
                                                                                        closest level in Adopted:
                                                                                        3304.212  13 2+                  XREF=UACDEGHIJLMNPRTVWYZabcdg
 34S   G 1525.39   6  100    10                                                 
         *                                                                        <W> No matching gamma within 5 keV found in Adopted
 34S   G 6846.37   32 50     6                                                  
         *                                                                        <W> No final level found
         *                                                                        <W> No matching gamma within 5 keV found in Adopted
 34S   L 6864      1  2(+),4(+)        28 FS     7                          P   
         *                                                                        <W> level not placed in Adopted.
                                                                                        closest level in Adopted:
                                                                                        3304.212  13 2+                  XREF=UACDEGHIJLMNPRTVWYZabcdg
 34S   G 2176                                                                   
         *                                                                        <W> No matching gamma within 5 keV found in Adopted
 34S   G 4737                                                                   
         *                                                                        <W> No final level found
         *                                                                        <W> No matching gamma within 5 keV found in Adopted
 34S   L 6890      1  (3,4)+           14 FS     LT                             
         *                                                                        <W> level not placed in Adopted.
                                                                                        closest level in Adopted:
                                                                                        3304.212  13 2+                  XREF=UACDEGHIJLMNPRTVWYZabcdg
 34S   L 6954.218  30 2-                                                        
         *                                                                        <W> level not placed in Adopted or discrepant.
                                                                                        closest level in Adopted:
                                                                                        3304.212  13 2+                  XREF=UACDEGHIJLMNPRTVWYZabcdg
 34S   G 1274.30   4  38     4                                                  
         *                                                                        <W> No matching gamma within 5 keV found in Adopted
 34S   G 1631.641  25 93     9                                                  
         *                                                                        <W> No matching gamma within 5 keV found in Adopted
 34S   G 2059                   D(+Q)    0.0     5                              
         *                                                                        <W> No matching gamma within 5 keV found in Adopted
 34S   G 2839.3    4  32     5                                                  
         *                                                                        <W> No matching gamma within 5 keV found in Adopted
 34S   G 3649.88   12 100    10                                                 
         *                                                                        <W> No final level found
         *                                                                        <W> No matching gamma within 5 keV found in Adopted
 34S   G 4826.0    5  3.5    16                                                 
         *                                                                        <W> No final level found
         *                                                                        <W> No matching gamma within 5 keV found in Adopted
 34S   L 7110.451  33 3-                                                        
         *                                                                        <W> level not placed in Adopted or discrepant.
                                                                                        closest level in Adopted:
                                                                                        3304.212  13 2+                  XREF=UACDEGHIJLMNPRTVWYZabcdg
 34S   G 281.34    24 0.46   16                                                 
         *                                                                        <W> No matching gamma within 5 keV found in Adopted
 34S   G 941.59    6  8.2    10                                                 
         *                                                                        <W> No matching gamma within 5 keV found in Adopted
 34S   G 989.1     3  1.6    5                                              &   
         *                                                                        <W> No matching gamma within 5 keV found in Adopted
 34S   G 2233.49   4  100    10                                                 
         *                                                                        <W> No matching gamma within 5 keV found in Adopted
 34S   G 2995.8    6  7.4    20                                                 
         *                                                                        <W> No matching gamma within 5 keV found in Adopted
 34S   G 4982.44   20 26.2   28                                                 
         *                                                                        <W> No final level found
         *                                                                        <W> No matching gamma within 5 keV found in Adopted
 34S   L 7111      14 2+               6.9 FS    LT                             
         *                                                                        <W> level not placed in Adopted.
                                                                                        closest level in Adopted:
                                                                                        3304.212  13 2+                  XREF=UACDEGHIJLMNPRTVWYZabcdg
 34S   G 3809         39     11 [M1,E2]                                     P   
         *                                                                        <W> No final level found
         *                                                                        <W> No matching gamma within 5 keV found in Adopted
 34S   G 4985         100    11 (M1+E2)  +0.27   +19-15                     P   
         *                                                                        <W> No final level found
         *                                                                        <W> No matching gamma within 5 keV found in Adopted
 34S   G 7111         12.1   91 (E2)                                        P   
         *                                                                        <W> No final level found
         *                                                                        <W> No matching gamma within 5 keV found in Adopted
 34S   L 7164.47   17 (0:3+)                                                    
         *                                                                        <W> level not placed in Adopted or discrepant.
                                                                                        closest level in Adopted:
                                                                                        3304.212  13 2+                  XREF=UACDEGHIJLMNPRTVWYZabcdg
 34S   G 3089.53   26 100    20                                                 
         *                                                                        <W> No matching gamma within 5 keV found in Adopted
 34S   G 5036.4    7  45     11                                                 
         *                                                                        <W> No final level found
         *                                                                        <W> No matching gamma within 5 keV found in Adopted
 34S   L 7219.28   6  2+               12 FS     LT                             
         *                                                                        <W> level not placed in Adopted or discrepant.
                                                                                        closest level in Adopted:
                                                                                        3304.212  13 2+                  XREF=UACDEGHIJLMNPRTVWYZabcdg
 34S   G 2328.8    5  5.2    15                                                 
         *                                                                        <W> No matching gamma within 5 keV found in Adopted
 34S   G 2530.25   10 18.8   26                                                 
         *                                                                        <W> No matching gamma within 5 keV found in Adopted
 34S   G 5093                                                                   
         *                                                                        <W> No final level found
         *                                                                        <W> No matching gamma within 5 keV found in Adopted
 34S   G 7218.48   13 100    10 E2                                              
         *                                                                        <W> No final level found
         *                                                                        <W> No matching gamma within 5 keV found in Adopted
 34S   L 7248      2  (4)              14 FS     7                          P   
         *                                                                        <W> level not placed in Adopted.
                                                                                        closest level in Adopted:
                                                                                        3304.212  13 2+                  XREF=UACDEGHIJLMNPRTVWYZabcdg
 34S   G 1560         100                                                   P   
         *                                                                        <W> No matching gamma within 5 keV found in Adopted
 34S   L 7248.05   11 (2+,3-)                                                   
         *                                                                        <W> level not placed in Adopted or discrepant.
                                                                                        closest level in Adopted:
                                                                                        3304.212  13 2+                  XREF=UACDEGHIJLMNPRTVWYZabcdg
 34S   G 2558.82   13 100                                                       
         *                                                                        <W> No matching gamma within 5 keV found in Adopted
 34S   L 7367.42   10 (1+,2+)                                                   
         *                                                                        <W> level not placed in Adopted or discrepant.
                                                                                        closest level in Adopted:
                                                                                        3304.212  13 2+                  XREF=UACDEGHIJLMNPRTVWYZabcdg
 34S   G 2490.6    13 95     25                                                 
         *                                                                        <W> No matching gamma within 5 keV found in Adopted
 34S   G 3451.5    9  54     16                                                 
         *                                                                        <W> No matching gamma within 5 keV found in Adopted
 34S   G 5239.8    4  100    14                                                 
         *                                                                        <W> No final level found
         *                                                                        <W> No matching gamma within 5 keV found in Adopted
 34S   L 7388      15 3-                                                        
         *                                                                        <W> level not placed in Adopted.
                                                                                        closest level in Adopted:
                                                                                        3304.212  13 2+                  XREF=UACDEGHIJLMNPRTVWYZabcdg
 34S   L 7392      1  (4,5)            159 FS    35                         P   
         *                                                                        <W> level not placed in Adopted.
                                                                                        closest level in Adopted:
                                                                                        3304.212  13 2+                  XREF=UACDEGHIJLMNPRTVWYZabcdg
 34S   L 7467.75   16 (0+,1,2)                                                  
         *                                                                        <W> level not placed in Adopted or discrepant.
                                                                                        closest level in Adopted:
                                                                                        3304.212  13 2+                  XREF=UACDEGHIJLMNPRTVWYZabcdg
 34S   G 989.1     3  5.0    15                                             &   
         *                                                                        <W> No matching gamma within 5 keV found in Adopted
 34S   G 1469.67   24 14.7   26                                                 
         *                                                                        <W> No matching gamma within 5 keV found in Adopted
 34S   G 3392.86   24 100    12                                                 
         *                                                                        <W> No matching gamma within 5 keV found in Adopted
 34S   L 7552.70   8  (0+,1,2)                                                  
         *                                                                        <W> level not placed in Adopted or discrepant.
                                                                                        closest level in Adopted:
                                                                                        3304.212  13 2+                  XREF=UACDEGHIJLMNPRTVWYZabcdg
 34S   G 1210.04   13 10.2   14                                                 
         *                                                                        <W> No matching gamma within 5 keV found in Adopted
 34S   G 2230.14   14 50     6                                                  
         *                                                                        <W> No matching gamma within 5 keV found in Adopted
 34S   G 4248.28   21 100    11                                                 
         *                                                                        <W> No final level found
         *                                                                        <W> No matching gamma within 5 keV found in Adopted
 34S   L 7629.907  21 3-               14 FS     7                              
         *                                                                        <W> level not placed in Adopted or discrepant.
                                                                                        closest level in Adopted:
                                                                                        3304.212  13 2+                  XREF=UACDEGHIJLMNPRTVWYZabcdg
 34S   G 2940.42   31 8.3    12 [E1]                                            
         *                                                                        <W> No matching gamma within 5 keV found in Adopted
 34S   G 3005.39   5  79     8  [M1,E2]                                         
         *                                                                        <W> No matching gamma within 5 keV found in Adopted
 34S   G 3515.07   11 11.3   13 [E1]                                            
         *                                                                        <W> No matching gamma within 5 keV found in Adopted
 34S   G 4325.397  30 100    10 [E1]                                            
         *                                                                        <W> No final level found
         *                                                                        <W> No matching gamma within 5 keV found in Adopted
 34S   L 7655      11 (-)                                                       
         *                                                                        <W> level not placed in Adopted.
                                                                                        closest level in Adopted:
                                                                                        3304.212  13 2+                  XREF=UACDEGHIJLMNPRTVWYZabcdg
 34S   L 7730.79   15 (1-,2-,3-)                                                
         *                                                                        <W> level not placed in Adopted or discrepant.
                                                                                        closest level in Adopted:
                                                                                        3304.212  13 2+                  XREF=UACDEGHIJLMNPRTVWYZabcdg
 34S   G 5602.78   15 100                                                       
         *                                                                        <W> No final level found
         *                                                                        <W> No matching gamma within 5 keV found in Adopted
 34S   L 7739      16 2+                                                        
         *                                                                        <W> level not placed in Adopted.
                                                                                        closest level in Adopted:
                                                                                        3304.212  13 2+                  XREF=UACDEGHIJLMNPRTVWYZabcdg
 34S   L 7753      11 0-,1-,2-,3-                                               
         *                                                                        <W> level not placed in Adopted.
                                                                                        closest level in Adopted:
                                                                                        3304.212  13 2+                  XREF=UACDEGHIJLMNPRTVWYZabcdg
 34S   L 7781.22   6  (1)-                                                      
         *                                                                        <W> level not placed in Adopted or discrepant.
                                                                                        closest level in Adopted:
                                                                                        3304.212  13 2+                  XREF=UACDEGHIJLMNPRTVWYZabcdg
 34S   G 1353.46   16 10.0   13                                                 
         *                                                                        <W> No matching gamma within 5 keV found in Adopted
 34S   G 7780.22   10 100    13                                                 
         *                                                                        <W> No final level found
         *                                                                        <W> No matching gamma within 5 keV found in Adopted
 34S   L 7790.2    9  6-               97 FS     24                         B   
         *                                                                        <W> level not placed in Adopted or discrepant.
                                                                                        closest level in Adopted:
                                                                                        3304.212  13 2+                  XREF=UACDEGHIJLMNPRTVWYZabcdg
 34S   G 1539.7    5  19     4  E2                                          M   
                               *                                                  <E> Mult=E2 is inconsistent with spin-parity change
                                                                                        JI=6- JF(6251.68)=3-
         *                                                                        <W> No matching gamma within 5 keV found in Adopted
 34S   G 2099.6    8  100    11 M1+E2    -1.8    1                          M   
         *                                                                        <W> No matching gamma within 5 keV found in Adopted
 34S   L 7804      5  2+                                                        
         *                                                                        <W> level not placed in Adopted.
                                                                                        closest level in Adopted:
                                                                                        3304.212  13 2+                  XREF=UACDEGHIJLMNPRTVWYZabcdg
 34S   L 7974.72   16 (1,2+)                                                    
         *                                                                        <W> level not placed in Adopted or discrepant.
                                                                                        closest level in Adopted:
                                                                                        3304.212  13 2+                  XREF=UACDEGHIJLMNPRTVWYZabcdg
 34S   G 4670.1    6  26     14                                                 
         *                                                                        <W> No final level found
         *                                                                        <W> No matching gamma within 5 keV found in Adopted
 34S   G 5847.4    5  60     14                                                 
         *                                                                        <W> No final level found
         *                                                                        <W> No matching gamma within 5 keV found in Adopted
 34S   G 7973.45   25 100    14                                                 
         *                                                                        <W> No final level found
         *                                                                        <W> No matching gamma within 5 keV found in Adopted
 34S   L 8025      16 0+                                                        
         *                                                                        <W> level not placed in Adopted.
                                                                                        closest level in Adopted:
                                                                                        3304.212  13 2+                  XREF=UACDEGHIJLMNPRTVWYZabcdg
 34S   L 8036.31   14 (1-,2+)                                                   
         *                                                                        <W> level not placed in Adopted or discrepant.
                                                                                        closest level in Adopted:
                                                                                        3304.212  13 2+                  XREF=UACDEGHIJLMNPRTVWYZabcdg
 34S   G 925.79    14 95     12                                                 
         *                                                                        <W> No matching gamma within 5 keV found in Adopted
 34S   G 8036.6    7  100    22                                                 
         *                                                                        <W> No final level found
         *                                                                        <W> No matching gamma within 5 keV found in Adopted
 34S   L 8083      1  5                44 FS     7                          P   
         *                                                                        <W> level not placed in Adopted.
                                                                                        closest level in Adopted:
                                                                                        3304.212  13 2+                  XREF=UACDEGHIJLMNPRTVWYZabcdg
 34S   L 8138.08   7  (1)-                                                      
         *                                                                        <W> level not placed in Adopted or discrepant.
                                                                                        closest level in Adopted:
                                                                                        3304.212  13 2+                  XREF=UACDEGHIJLMNPRTVWYZabcdg
 34S   G 1795.3    3  14     4                                              &   
         *                                                                        <W> No matching gamma within 5 keV found in Adopted
 34S   G 2290.26   15 19     4                                                  
         *                                                                        <W> No matching gamma within 5 keV found in Adopted
 34S   G 6010.3    3  36     6                                                  
         *                                                                        <W> No final level found
         *                                                                        <W> No matching gamma within 5 keV found in Adopted
 34S   G 8136.98   17 100    12                                                 
         *                                                                        <W> No final level found
         *                                                                        <W> No matching gamma within 5 keV found in Adopted
 34S   L 8174.9    4  (1,2+)                                                    
         *                                                                        <W> level not placed in Adopted or discrepant.
                                                                                        closest level in Adopted:
                                                                                        3304.212  13 2+                  XREF=UACDEGHIJLMNPRTVWYZabcdg
 34S   G 2945.8    10 1.9E2  6                                              &   
         *                                                                        <W> No matching gamma within 5 keV found in Adopted
 34S   G 8173.8    9  100    20                                                 
         *                                                                        <W> No final level found
         *                                                                        <W> No matching gamma within 5 keV found in Adopted
 34S   L 8185.46   12 1+                                                        
         *                                                                        <W> level not placed in Adopted or discrepant.
                                                                                        closest level in Adopted:
                                                                                        3304.212  13 2+                  XREF=UACDEGHIJLMNPRTVWYZabcdg
 34S   G 8184.70   24 100       M1                                              
         *                                                                        <W> No final level found
         *                                                                        <W> No matching gamma within 5 keV found in Adopted
 34S   L 8205.4    1  (1-:4+)                                                   
         *                                                                        <W> level not placed in Adopted or discrepant.
                                                                                        closest level in Adopted:
                                                                                        3304.212  13 2+                  XREF=UACDEGHIJLMNPRTVWYZabcdg
 34S   G 3581.2    4  31     6                                                  
         *                                                                        <W> No matching gamma within 5 keV found in Adopted
 34S   G 6077.27   12 100    11                                                 
         *                                                                        <W> No final level found
         *                                                                        <W> No matching gamma within 5 keV found in Adopted
 34S   L 8255      16 2+                                                        
         *                                                                        <W> level not placed in Adopted.
                                                                                        closest level in Adopted:
                                                                                        3304.212  13 2+                  XREF=UACDEGHIJLMNPRTVWYZabcdg
 34S   L 8294.40   9  4(+)             28 FS     LT                             
         *                                                                        <W> level not placed in Adopted or discrepant.
                                                                                        closest level in Adopted:
                                                                                        3304.212  13 2+                  XREF=UACDEGHIJLMNPRTVWYZabcdg
 34S   G 1951.77   19 34     7                                                  
                               *                                                  <W> large deltaJ=3 ([E3]), but no Mult is given
                                                                                        JI=4(+) JF(6342.52)=1-
         *                                                                        <W> No matching gamma within 5 keV found in Adopted
 34S   G 6166.24   13 100    11                                                 
         *                                                                        <W> No final level found
         *                                                                        <W> No matching gamma within 5 keV found in Adopted
 34S   L 8370.6    7  7-               83 FS     14                         C   
         *                                                                        <W> level not placed in Adopted or discrepant.
                                                                                        closest level in Adopted:
                                                                                        3304.212  13 2+                  XREF=UACDEGHIJLMNPRTVWYZabcdg
 34S   G 580.3     6  2.0    10 (M1)                                        M   
         *                                                                        <W> No matching gamma within 5 keV found in Adopted
 34S   G 2680.5    6  100    10 E2                                          M   
         *                                                                        <W> No matching gamma within 5 keV found in Adopted
 34S   L 8385.41   6  1-                                                        
         *                                                                        <W> level not placed in Adopted or discrepant.
                                                                                        closest level in Adopted:
                                                                                        3304.212  13 2+                  XREF=UACDEGHIJLMNPRTVWYZabcdg
 34S   G 8384.28   9  100                                                       
         *                                                                        <W> No final level found
         *                                                                        <W> No matching gamma within 5 keV found in Adopted
 34S   L 8423      5  4+                                                        
         *                                                                        <W> level not placed in Adopted.
                                                                                        closest level in Adopted:
                                                                                        3304.212  13 2+                  XREF=UACDEGHIJLMNPRTVWYZabcdg
 34S   L 8503.6    7  6(+)             28 FS     7                          A   
         *                                                                        <W> level not placed in Adopted or discrepant.
                                                                                        closest level in Adopted:
                                                                                        3304.212  13 2+                  XREF=UACDEGHIJLMNPRTVWYZabcdg
 34S   G 2812.7    9  100    18 (E1)                                        M   
         *                                                                        <W> No matching gamma within 5 keV found in Adopted
 34S   G 3813.6    7  51     11 [E2]                                        M   
         *                                                                        <W> No matching gamma within 5 keV found in Adopted
 34S   L 8506.77   5  1-                                                        
         *                                                                        <W> level not placed in Adopted or discrepant.
                                                                                        closest level in Adopted:
                                                                                        3304.212  13 2+                  XREF=UACDEGHIJLMNPRTVWYZabcdg
 34S   G 3183.9    7  2.6    17                                                 
         *                                                                        <W> No matching gamma within 5 keV found in Adopted
 34S   G 4391.77   29 9.4    19                                                 
         *                                                                        <W> No matching gamma within 5 keV found in Adopted
 34S   G 5202.06   6  64     6                                                  
         *                                                                        <W> No final level found
         *                                                                        <W> No matching gamma within 5 keV found in Adopted
 34S   G 8505.68   10 100    11                                                 
         *                                                                        <W> No final level found
         *                                                                        <W> No matching gamma within 5 keV found in Adopted
 34S   L 8580      5                                                            
         *                                                                        <W> level not placed in Adopted.
                                                                                        closest level in Adopted:
                                                                                        3304.212  13 2+                  XREF=UACDEGHIJLMNPRTVWYZabcdg
 34S   L 8615.74   6  (2-,3+)                                                   
         *                                                                        <W> level not placed in Adopted or discrepant.
                                                                                        closest level in Adopted:
                                                                                        3304.212  13 2+                  XREF=UACDEGHIJLMNPRTVWYZabcdg
 34S   G 2363.97   8  58     31                                                 
         *                                                                        <W> No matching gamma within 5 keV found in Adopted
 34S   G 3738.69   17 33     5                                                  
         *                                                                        <W> No matching gamma within 5 keV found in Adopted
 34S   G 3990.7    7  8.1    20                                                 
         *                                                                        <W> No matching gamma within 5 keV found in Adopted
 34S   G 4540.68   15 47     6                                                  
         *                                                                        <W> No matching gamma within 5 keV found in Adopted
 34S   G 5311.10   15 22.2   28                                                 
         *                                                                        <W> No final level found
         *                                                                        <W> No matching gamma within 5 keV found in Adopted
 34S   G 6487.48   6  100    11                                                 
         *                                                                        <W> No final level found
         *                                                                        <W> No matching gamma within 5 keV found in Adopted
 34S   L 8656      5  1+                                                        
         *                                                                        <W> level not placed in Adopted.
                                                                                        closest level in Adopted:
                                                                                        3304.212  13 2+                  XREF=UACDEGHIJLMNPRTVWYZabcdg
 34S   G 8656         100       M1                                              
         *                                                                        <W> No final level found
         *                                                                        <W> No matching gamma within 5 keV found in Adopted
 34S   L 8671      5                                                            
         *                                                                        <W> level not placed in Adopted.
                                                                                        closest level in Adopted:
                                                                                        3304.212  13 2+                  XREF=UACDEGHIJLMNPRTVWYZabcdg
 34S   L 8702.35   12 (0+,1,2)                                                  
         *                                                                        <W> level not placed in Adopted or discrepant.
                                                                                        closest level in Adopted:
                                                                                        3304.212  13 2+                  XREF=UACDEGHIJLMNPRTVWYZabcdg
 34S   G 516.86    12 29     5                                                  
         *                                                                        <W> No matching gamma within 5 keV found in Adopted
 34S   G 2945.8    10 28     8                                              &   
         *                                                                        <W> No matching gamma within 5 keV found in Adopted
 34S   G 3022.0    10 14.7   83                                                 
         *                                                                        <W> No matching gamma within 5 keV found in Adopted
 34S   G 3812.0    5  23     6                                                  
         *                                                                        <W> No matching gamma within 5 keV found in Adopted
 34S   G 6573.6    4  100    18                                                 
         *                                                                        <W> No final level found
         *                                                                        <W> No matching gamma within 5 keV found in Adopted
 34S   L 8718      5                                                            
         *                                                                        <W> level not placed in Adopted.
                                                                                        closest level in Adopted:
                                                                                        3304.212  13 2+                  XREF=UACDEGHIJLMNPRTVWYZabcdg
 34S   L 8727.64   7  (1-,2+)                                                   
         *                                                                        <W> level not placed in Adopted or discrepant.
                                                                                        closest level in Adopted:
                                                                                        3304.212  13 2+                  XREF=UACDEGHIJLMNPRTVWYZabcdg
 34S   G 1617.00   12 100    13                                                 
         *                                                                        <W> No matching gamma within 5 keV found in Adopted
 34S   G 3500.3    5  25     6                                                  
         *                                                                        <W> No matching gamma within 5 keV found in Adopted
 34S   G 6600.1    7  11.9   26                                                 
         *                                                                        <W> No final level found
         *                                                                        <W> No matching gamma within 5 keV found in Adopted
 34S   G 8726.78   24 22.7   31                                                 
         *                                                                        <W> No final level found
         *                                                                        <W> No matching gamma within 5 keV found in Adopted
 34S   L 8735.0    8  4,5,6                                                     
         *                                                                        <W> level not placed in Adopted or discrepant.
                                                                                        closest level in Adopted:
                                                                                        3304.212  13 2+                  XREF=UACDEGHIJLMNPRTVWYZabcdg
 34S   G 3044.1    6  100       D+Q                                         M   
         *                                                                        <W> No matching gamma within 5 keV found in Adopted
 34S   L 8792      5                                                            
         *                                                                        <W> level not placed in Adopted.
                                                                                        closest level in Adopted:
                                                                                        3304.212  13 2+                  XREF=UACDEGHIJLMNPRTVWYZabcdg
 34S   L 8805.6    3  (1,2+)                                                    
         *                                                                        <W> level not placed in Adopted or discrepant.
                                                                                        closest level in Adopted:
                                                                                        3304.212  13 2+                  XREF=UACDEGHIJLMNPRTVWYZabcdg
 34S   G 2326.2    10 10.9   87                                             &   
         *                                                                        <W> No matching gamma within 5 keV found in Adopted
 34S   G 5501.4    5  100    20                                                 
         *                                                                        <W> No final level found
         *                                                                        <W> No matching gamma within 5 keV found in Adopted
 34S   G 8804.4    4  52     9                                                  
         *                                                                        <W> No final level found
         *                                                                        <W> No matching gamma within 5 keV found in Adopted
 34S   L 8874.01   6  (1-,2,3+)                                                 
         *                                                                        <W> level not placed in Adopted or discrepant.
                                                                                        closest level in Adopted:
                                                                                        3304.212  13 2+                  XREF=UACDEGHIJLMNPRTVWYZabcdg
 34S   G 1244.32   21 4.4    10                                                 
         *                                                                        <W> No matching gamma within 5 keV found in Adopted
 34S   G 4758.79   27 17.0   30                                                 
         *                                                                        <W> No matching gamma within 5 keV found in Adopted
 34S   G 4799.11   28 19.2   30                                                 
         *                                                                        <W> No matching gamma within 5 keV found in Adopted
 34S   G 6745.64   16 100    11                                                 
         *                                                                        <W> No final level found
         *                                                                        <W> No matching gamma within 5 keV found in Adopted
 34S   L 8953      5                                                            
         *                                                                        <W> level not placed in Adopted.
                                                                                        closest level in Adopted:
                                                                                        3304.212  13 2+                  XREF=UACDEGHIJLMNPRTVWYZabcdg
 34S   L 8970.7    7  6                                                         
         *                                                                        <W> level not placed in Adopted or discrepant.
                                                                                        closest level in Adopted:
                                                                                        3304.212  13 2+                  XREF=UACDEGHIJLMNPRTVWYZabcdg
 34S   G 1180      1  5.7    29                                             M   
         *                                                                        <W> No matching gamma within 5 keV found in Adopted
 34S   G 3280.0    6  100    20                                             M   
         *                                                                        <W> No matching gamma within 5 keV found in Adopted
 34S   L 8987      5                                                            
         *                                                                        <W> level not placed in Adopted.
                                                                                        closest level in Adopted:
                                                                                        3304.212  13 2+                  XREF=UACDEGHIJLMNPRTVWYZabcdg
 34S   L 9026.31   6  (1,2+)                                                    
         *                                                                        <W> level not placed in Adopted or discrepant.
                                                                                        closest level in Adopted:
                                                                                        3304.212  13 2+                  XREF=UACDEGHIJLMNPRTVWYZabcdg
 34S   G 3644.8    8  60     13                                                 
         *                                                                        <W> No matching gamma within 5 keV found in Adopted
 34S   G 9024.95   17 100    11                                                 
         *                                                                        <W> No final level found
         *                                                                        <W> No matching gamma within 5 keV found in Adopted
 34S   L 9120      5                                                            
         *                                                                        <W> level not placed in Adopted.
                                                                                        closest level in Adopted:
                                                                                        3304.212  13 2+                  XREF=UACDEGHIJLMNPRTVWYZabcdg
 34S   L 9158.715  28 (1,2+)                                                    
         *                                                                        <W> level not placed in Adopted or discrepant.
                                                                                        closest level in Adopted:
                                                                                        3304.212  13 2+                  XREF=UACDEGHIJLMNPRTVWYZabcdg
 34S   G 3311.6    5  39     7                                                  
         *                                                                        <W> No matching gamma within 5 keV found in Adopted
 34S   G 5043.3    4  100    17                                                 
         *                                                                        <W> No matching gamma within 5 keV found in Adopted
 34S   G 5084.2    5  8.8    32                                                 
         *                                                                        <W> No matching gamma within 5 keV found in Adopted
 34S   L 9171      5                                                            
         *                                                                        <W> level not placed in Adopted.
                                                                                        closest level in Adopted:
                                                                                        3304.212  13 2+                  XREF=UACDEGHIJLMNPRTVWYZabcdg
 34S   L 9208.04   5  (1,2+)                                                    
         *                                                                        <W> level not placed in Adopted or discrepant.
                                                                                        closest level in Adopted:
                                                                                        3304.212  13 2+                  XREF=UACDEGHIJLMNPRTVWYZabcdg
 34S   G 334.21    15 4.8    12                                                 
         *                                                                        <W> No matching gamma within 5 keV found in Adopted
 34S   G 1840.52   12 64     10                                                 
         *                                                                        <W> No matching gamma within 5 keV found in Adopted
 34S   G 1959.67   17 100    13                                                 
         *                                                                        <W> No matching gamma within 5 keV found in Adopted
 34S   G 9206.65   26 40     6                                                  
         *                                                                        <W> No final level found
         *                                                                        <W> No matching gamma within 5 keV found in Adopted
 34S   L 9226      6                                                            
         *                                                                        <W> level not placed in Adopted.
                                                                                        closest level in Adopted:
                                                                                        3304.212  13 2+                  XREF=UACDEGHIJLMNPRTVWYZabcdg
 34S   L 9257      10                                                           
         *                                                                        <W> level not placed in Adopted.
                                                                                        closest level in Adopted:
                                                                                        3304.212  13 2+                  XREF=UACDEGHIJLMNPRTVWYZabcdg
 34S   L 9413.9    7  5(-),6                                                    
         *                                                                        <W> level not placed in Adopted or discrepant.
                                                                                        closest level in Adopted:
                                                                                        3304.212  13 2+                  XREF=UACDEGHIJLMNPRTVWYZabcdg
 34S   G 1043.8    7  21     12                                                 
         *                                                                        <W> No matching gamma within 5 keV found in Adopted
 34S   G 3722.6    6  100    21 D+Q                                             
         *                                                                        <W> No matching gamma within 5 keV found in Adopted
 34S   L 9429      5                                                            
         *                                                                        <W> level not placed in Adopted.
                                                                                        closest level in Adopted:
                                                                                        3304.212  13 2+                  XREF=UACDEGHIJLMNPRTVWYZabcdg
 34S   L 9445      5                                                            
         *                                                                        <W> level not placed in Adopted.
                                                                                        closest level in Adopted:
                                                                                        3304.212  13 2+                  XREF=UACDEGHIJLMNPRTVWYZabcdg
 34S   L 9479      4  1+                                                        
         *                                                                        <W> level not placed in Adopted.
                                                                                        closest level in Adopted:
                                                                                        3304.212  13 2+                  XREF=UACDEGHIJLMNPRTVWYZabcdg
 34S   G 9477         100       M1                                              
         *                                                                        <W> No final level found
         *                                                                        <W> No matching gamma within 5 keV found in Adopted
 34S   L 9546.09   7  (1,2+)                                                    
         *                                                                        <W> level not placed in Adopted or discrepant.
                                                                                        closest level in Adopted:
                                                                                        3304.212  13 2+                  XREF=UACDEGHIJLMNPRTVWYZabcdg
 34S   G 672.00    10 34     5                                                  
         *                                                                        <W> No matching gamma within 5 keV found in Adopted
 34S   G 2326.2    10 11.1   89                                             &   
         *                                                                        <W> No matching gamma within 5 keV found in Adopted
 34S   G 6241.0    5  100    16                                                 
         *                                                                        <W> No final level found
         *                                                                        <W> No matching gamma within 5 keV found in Adopted
 34S   G 9544.83   28 84     11                                                 
         *                                                                        <W> No final level found
         *                                                                        <W> No matching gamma within 5 keV found in Adopted
 34S   L 9566      10                                                           
         *                                                                        <W> level not placed in Adopted.
                                                                                        closest level in Adopted:
                                                                                        3304.212  13 2+                  XREF=UACDEGHIJLMNPRTVWYZabcdg
 34S   L 9598.42   8                                                            
         *                                                                        <W> level not placed in Adopted or discrepant.
                                                                                        closest level in Adopted:
                                                                                        3304.212  13 2+                  XREF=UACDEGHIJLMNPRTVWYZabcdg
 34S   G 982.68    9  26     4                                                  
         *                                                                        <W> No matching gamma within 5 keV found in Adopted
 34S   G 3476.95   18 100    14                                                 
         *                                                                        <W> No matching gamma within 5 keV found in Adopted
 34S   L 9640      4  (1,2+)                                                    
         *                                                                        <W> level not placed in Adopted.
                                                                                        closest level in Adopted:
                                                                                        3304.212  13 2+                  XREF=UACDEGHIJLMNPRTVWYZabcdg
 34S   G 9639      4                                                            
         *                                                                        <W> No final level found
         *                                                                        <W> No matching gamma within 5 keV found in Adopted
 34S   L 9665.74   3                                                            
         *                                                                        <W> level not placed in Adopted or discrepant.
                                                                                        closest level in Adopted:
                                                                                        3304.212  13 2+                  XREF=UACDEGHIJLMNPRTVWYZabcdg
 34S   G 2817.76   25 191    30                                             &   
         *                                                                        <W> No matching gamma within 5 keV found in Adopted
 34S   G 7536.2    7  100    23                                                 
         *                                                                        <W> No final level found
         *                                                                        <W> No matching gamma within 5 keV found in Adopted
 34S   L 9707      6  (1,2+)                                                    
         *                                                                        <W> level not placed in Adopted.
                                                                                        closest level in Adopted:
                                                                                        3304.212  13 2+                  XREF=UACDEGHIJLMNPRTVWYZabcdg
 34S   G 9710         100                                                       
         *                                                                        <W> No final level found
         *                                                                        <W> No matching gamma within 5 keV found in Adopted
 34S   L 9801.89   9  (1,2+)                                                    
         *                                                                        <W> level not placed in Adopted or discrepant.
                                                                                        closest level in Adopted:
                                                                                        3304.212  13 2+                  XREF=UACDEGHIJLMNPRTVWYZabcdg
 34S   G 5884.6    6  48     11                                                 
         *                                                                        <W> No matching gamma within 5 keV found in Adopted
 34S   G 6496.62   23 100    13                                                 
         *                                                                        <W> No final level found
         *                                                                        <W> No matching gamma within 5 keV found in Adopted
 34S   G 7675.0    8  29     7                                                  
         *                                                                        <W> No final level found
         *                                                                        <W> No matching gamma within 5 keV found in Adopted
 34S   L 9836.70   6                                                            
         *                                                                        <W> level not placed in Adopted or discrepant.
                                                                                        closest level in Adopted:
                                                                                        3304.212  13 2+                  XREF=UACDEGHIJLMNPRTVWYZabcdg
 34S   G 2989.9    7  41     21                                                 
         *                                                                        <W> No matching gamma within 5 keV found in Adopted
 34S   G 7708.32   30 100    16                                                 
         *                                                                        <W> No final level found
         *                                                                        <W> No matching gamma within 5 keV found in Adopted
 34S   L 9868      5  1+                                                        
         *                                                                        <W> level not placed in Adopted.
                                                                                        closest level in Adopted:
                                                                                        3304.212  13 2+                  XREF=UACDEGHIJLMNPRTVWYZabcdg
 34S   G 9868         100       M1                                              
         *                                                                        <W> No final level found
         *                                                                        <W> No matching gamma within 5 keV found in Adopted
 34S   L 9912.9    7  7                184 FS    38                             
         *                                                                        <W> level not placed in Adopted or discrepant.
                                                                                        closest level in Adopted:
                                                                                        3304.212  13 2+                  XREF=UACDEGHIJLMNPRTVWYZabcdg
 34S   G 942.3     5  29     9  D                                           M   
         *                                                                        <W> No matching gamma within 5 keV found in Adopted
 34S   G 1178      1  14.3   72                                             M   
                     *                                                            <W> check Jf&Ji for deltaJ>2 for gamma=1178
                                                                                        JI=7 JF(8735.0)=4,5,6
         *                                                                        <W> Similar gammas placed differently in Adopted:
                                                                                        1176.650(26)   from level=3304.212    JPI=2+                  
 34S   G 1408.6    9  30     9  D                                           M   
         *                                                                        <W> No matching gamma within 5 keV found in Adopted
 34S   G 1541.5    5  12.9   72                                             M   
         *                                                                        <W> No matching gamma within 5 keV found in Adopted
 34S   G 2122.9    6  100    14                                             M   
         *                                                                        <W> No matching gamma within 5 keV found in Adopted
 34S   L 9933.36   12 1-                                                        
         *                                                                        <W> level not placed in Adopted or discrepant.
                                                                                        closest level in Adopted:
                                                                                        3304.212  13 2+                  XREF=UACDEGHIJLMNPRTVWYZabcdg
 34S   G 725.25    22 68     11                                                 
         *                                                                        <W> No matching gamma within 5 keV found in Adopted
 34S   G 1795.3    3  112    30                                             &   
         *                                                                        <W> No matching gamma within 5 keV found in Adopted
 34S   G 2152.41   23 100    53                                                 
         *                                                                        <W> No matching gamma within 5 keV found in Adopted
 34S   G 7804         14                                                    S   
         *                                                                        <W> No final level found
         *                                                                        <W> No matching gamma within 5 keV found in Adopted
 34S   G 9932.1    6  48     11 (E1)                                        A   
         *                                                                        <W> No final level found
         *                                                                        <W> No matching gamma within 5 keV found in Adopted
 34S   L 9981      5  1-                                                    A   
         *                                                                        <W> level not placed in Adopted.
                                                                                        closest level in Adopted:
                                                                                        3304.212  13 2+                  XREF=UACDEGHIJLMNPRTVWYZabcdg
 34S   G 7853         100                                                       
         *                                                                        <W> No final level found
         *                                                                        <W> No matching gamma within 5 keV found in Adopted
 34S   G 9979         40        (E1)                                        A   
         *                                                                        <W> No final level found
         *                                                                        <W> No matching gamma within 5 keV found in Adopted
 34S   L 10000     10 1+                                                    E   
         *                                                                        <W> level not placed in Adopted.
                                                                                        closest level in Adopted:
                                                                                        3304.212  13 2+                  XREF=UACDEGHIJLMNPRTVWYZabcdg
 34S   L 10092.21  15                                                           
         *                                                                        <W> level not placed in Adopted or discrepant.
                                                                                        closest level in Adopted:
                                                                                        3304.212  13 2+                  XREF=UACDEGHIJLMNPRTVWYZabcdg
 34S   G 1364.4    4  68     19                                                 
         *                                                                        <W> No matching gamma within 5 keV found in Adopted
 34S   G 3664.8    4  100    21                                                 
         *                                                                        <W> No matching gamma within 5 keV found in Adopted
 34S   L 10097     5                                                            
         *                                                                        <W> level not placed in Adopted.
                                                                                        closest level in Adopted:
                                                                                        3304.212  13 2+                  XREF=UACDEGHIJLMNPRTVWYZabcdg
 34S   G 7968         100                                                   S   
         *                                                                        <W> No final level found
         *                                                                        <W> No matching gamma within 5 keV found in Adopted
 34S   G 10095        10     LT                                             S   
         *                                                                        <W> No final level found
         *                                                                        <W> No matching gamma within 5 keV found in Adopted
 34S   L 10140     5                                                            
         *                                                                        <W> level not placed in Adopted.
                                                                                        closest level in Adopted:
                                                                                        3304.212  13 2+                  XREF=UACDEGHIJLMNPRTVWYZabcdg
 34S   L 10169     5  1-                                                    A   
         *                                                                        <W> level not placed in Adopted.
                                                                                        closest level in Adopted:
                                                                                        3304.212  13 2+                  XREF=UACDEGHIJLMNPRTVWYZabcdg
 34S   G 8040         100                                                   S   
         *                                                                        <W> No final level found
         *                                                                        <W> No matching gamma within 5 keV found in Adopted
 34S   G 10167        30        (E1)                                        A   
         *                                                                        <W> No final level found
         *                                                                        <W> No matching gamma within 5 keV found in Adopted
 34S   L 10170     5  1+                                                        
         *                                                                        <W> level not placed in Adopted.
                                                                                        closest level in Adopted:
                                                                                        3304.212  13 2+                  XREF=UACDEGHIJLMNPRTVWYZabcdg
 34S   G 10168     5  100       M1                                              
         *                                                                        <W> No final level found
         *                                                                        <W> No matching gamma within 5 keV found in Adopted
 34S   L 10179.59  5  1+                                                    E   
         *                                                                        <W> level not placed in Adopted or discrepant.
                                                                                        closest level in Adopted:
                                                                                        3304.212  13 2+                  XREF=UACDEGHIJLMNPRTVWYZabcdg
 34S   G 4499.7    10 89     27                                                 
         *                                                                        <W> No matching gamma within 5 keV found in Adopted
 34S   G 8051.1    6  100    19                                                 
         *                                                                        <W> No final level found
         *                                                                        <W> No matching gamma within 5 keV found in Adopted
 34S   L 10201     5                                                            
         *                                                                        <W> level not placed in Adopted.
                                                                                        closest level in Adopted:
                                                                                        3304.212  13 2+                  XREF=UACDEGHIJLMNPRTVWYZabcdg
 34S   L 10212.15  4                                                            
         *                                                                        <W> level not placed in Adopted or discrepant.
                                                                                        closest level in Adopted:
                                                                                        3304.212  13 2+                  XREF=UACDEGHIJLMNPRTVWYZabcdg
 34S   G 4532.6    7  49     15                                                 
         *                                                                        <W> No matching gamma within 5 keV found in Adopted
 34S   G 8083.49   31 100    15                                                 
         *                                                                        <W> No final level found
         *                                                                        <W> No matching gamma within 5 keV found in Adopted
 34S   L 10236     5                                                            
         *                                                                        <W> level not placed in Adopted.
                                                                                        closest level in Adopted:
                                                                                        3304.212  13 2+                  XREF=UACDEGHIJLMNPRTVWYZabcdg
 34S   L 10249     5  1-                                                    A   
         *                                                                        <W> level not placed in Adopted.
                                                                                        closest level in Adopted:
                                                                                        3304.212  13 2+                  XREF=UACDEGHIJLMNPRTVWYZabcdg
 34S   G 8120         100                                                   S   
         *                                                                        <W> No final level found
         *                                                                        <W> No matching gamma within 5 keV found in Adopted
 34S   G 10247        20        (E1)                                        A   
         *                                                                        <W> No final level found
         *                                                                        <W> No matching gamma within 5 keV found in Adopted
 34S   L 10311.53  3  2+                                                    A   
         *                                                                        <W> level not placed in Adopted or discrepant.
                                                                                        closest level in Adopted:
                                                                                        3304.212  13 2+                  XREF=UACDEGHIJLMNPRTVWYZabcdg
 34S   G 1925.94   17 44     13                                                 
         *                                                                        <W> No matching gamma within 5 keV found in Adopted
 34S   G 2173.55   21 25     8                                                  
         *                                                                        <W> No matching gamma within 5 keV found in Adopted
 34S   G 2843.7    6  94     21                                                 
         *                                                                        <W> No matching gamma within 5 keV found in Adopted
 34S   G 4988.6    4  100    14                                                 
         *                                                                        <W> No matching gamma within 5 keV found in Adopted
 34S   G 6236.3    11 30     8                                                  
         *                                                                        <W> No matching gamma within 5 keV found in Adopted
 34S   G 8188         0      GT                                             S   
         *                                                                        <W> No final level found
         *                                                                        <W> No matching gamma within 5 keV found in Adopted
 34S   G 10315        0      GT (E2)                                        A   
         *                                                                        <W> No final level found
         *                                                                        <W> No matching gamma within 5 keV found in Adopted
 34S   L 10382     4  1-                                                    A   
         *                                                                        <W> level not placed in Adopted.
                                                                                        closest level in Adopted:
                                                                                        3304.212  13 2+                  XREF=UACDEGHIJLMNPRTVWYZabcdg
 34S   G 6465         100                                                   S   
         *                                                                        <W> No matching gamma within 5 keV found in Adopted
 34S   L 10386     4  3-                                                    A   
         *                                                                        <W> level not placed in Adopted.
                                                                                        closest level in Adopted:
                                                                                        3304.212  13 2+                  XREF=UACDEGHIJLMNPRTVWYZabcdg
 34S   G 4706         100                                                   S   
         *                                                                        <W> No matching gamma within 5 keV found in Adopted
 34S   L 10399.9   7  8(-)                                                  B   
         *                                                                        <W> level not placed in Adopted or discrepant.
                                                                                        closest level in Adopted:
                                                                                        3304.212  13 2+                  XREF=UACDEGHIJLMNPRTVWYZabcdg
 34S   G 986.8     9  11.3   56                                             M   
                     *                                                            <W> check Jf&Ji for deltaJ>2 for gamma=986.8
                                                                                        JI=8(-) JF(9413.9)=5(-),6
         *                                                                        <W> No matching gamma within 5 keV found in Adopted
 34S   G 2028.8    6  47     10                                             M   
         *                                                                        <W> No matching gamma within 5 keV found in Adopted
 34S   G 2608.6    6  100    14 Q                                           M   
         *                                                                        <W> No matching gamma within 5 keV found in Adopted
 34S   L 10408     5  2+                                                    A   
         *                                                                        <W> level not placed in Adopted.
                                                                                        closest level in Adopted:
                                                                                        3304.212  13 2+                  XREF=UACDEGHIJLMNPRTVWYZabcdg
 34S   G 8279         100                                                   S   
         *                                                                        <W> No final level found
         *                                                                        <W> No matching gamma within 5 keV found in Adopted
 34S   G 10406        100       (E2)                                        A   
         *                                                                        <W> No final level found
         *                                                                        <W> No matching gamma within 5 keV found in Adopted
 34S   L 10430     10 1+                                                    E   
         *                                                                        <W> level not placed in Adopted.
                                                                                        closest level in Adopted:
                                                                                        3304.212  13 2+                  XREF=UACDEGHIJLMNPRTVWYZabcdg
 34S   L 10447     5                                                            
         *                                                                        <W> level not placed in Adopted.
                                                                                        closest level in Adopted:
                                                                                        3304.212  13 2+                  XREF=UACDEGHIJLMNPRTVWYZabcdg
 34S   G 7142         100                                                   S   
         *                                                                        <W> No final level found
         *                                                                        <W> No matching gamma within 5 keV found in Adopted
 34S   L 10482     4  0+                                                    A   
         *                                                                        <W> level not placed in Adopted.
                                                                                        closest level in Adopted:
                                                                                        3304.212  13 2+                  XREF=UACDEGHIJLMNPRTVWYZabcdg
 34S   G 6407         100                                                   S   
         *                                                                        <W> No matching gamma within 5 keV found in Adopted
 34S   L 10494     5  1-                                                    A   
         *                                                                        <W> level not placed in Adopted.
                                                                                        closest level in Adopted:
                                                                                        3304.212  13 2+                  XREF=UACDEGHIJLMNPRTVWYZabcdg
 34S   G 8365         10     LT                                             S   
         *                                                                        <W> No final level found
         *                                                                        <W> No matching gamma within 5 keV found in Adopted
 34S   G 10492        100       (E1)                                        A   
         *                                                                        <W> No final level found
         *                                                                        <W> No matching gamma within 5 keV found in Adopted
 34S   L 10528     5                                                            
         *                                                                        <W> level not placed in Adopted.
                                                                                        closest level in Adopted:
                                                                                        3304.212  13 2+                  XREF=UACDEGHIJLMNPRTVWYZabcdg
 34S   L 10587     5  1-                                                    A   
         *                                                                        <W> level not placed in Adopted.
                                                                                        closest level in Adopted:
                                                                                        3304.212  13 2+                  XREF=UACDEGHIJLMNPRTVWYZabcdg
 34S   G 7282         100       (E1)                                        A   
         *                                                                        <W> No final level found
         *                                                                        <W> No matching gamma within 5 keV found in Adopted
 34S   G 8458         60                                                    S   
         *                                                                        <W> No final level found
         *                                                                        <W> No matching gamma within 5 keV found in Adopted
 34S   L 10617     5                                                            
         *                                                                        <W> level not placed in Adopted.
                                                                                        closest level in Adopted:
                                                                                        3304.212  13 2+                  XREF=UACDEGHIJLMNPRTVWYZabcdg
 34S   L 10625     5  1-                                                    A   
         *                                                                        <W> level not placed in Adopted.
                                                                                        closest level in Adopted:
                                                                                        3304.212  13 2+                  XREF=UACDEGHIJLMNPRTVWYZabcdg
 34S   G 8496         100                                                   S   
         *                                                                        <W> No final level found
         *                                                                        <W> No matching gamma within 5 keV found in Adopted
 34S   G 10623        100       (E1)                                        A   
         *                                                                        <W> No final level found
         *                                                                        <W> No matching gamma within 5 keV found in Adopted
 34S   L 10650.13  19                                                           
         *                                                                        <W> level not placed in Adopted or discrepant.
                                                                                        closest level in Adopted:
                                                                                        3304.212  13 2+                  XREF=UACDEGHIJLMNPRTVWYZabcdg
 34S   G 2919.7    5  100    26                                                 
         *                                                                        <W> No matching gamma within 5 keV found in Adopted
 34S   G 5268.9    6  63     16                                             &   
         *                                                                        <W> No matching gamma within 5 keV found in Adopted
 34S   L 10651.6   7  8(+)             35 FS     17                             
         *                                                                        <W> level not placed in Adopted or discrepant.
                                                                                        closest level in Adopted:
                                                                                        3304.212  13 2+                  XREF=UACDEGHIJLMNPRTVWYZabcdg
 34S   G 2147.2    6  100    21 E2                                          M   
         *                                                                        <W> No matching gamma within 5 keV found in Adopted
 34S   G 2280.4    10 100    21 (M1)                                        M   
                               *                                                  <E> Mult=M1 is inconsistent with spin-parity change
                                                                                        JI=8(+) JF(8370.6)=7-
         *                                                                        <W> No matching gamma within 5 keV found in Adopted
 34S   L 10662     5  (1+,2-)                                               E   
         *                                                                        <W> level not placed in Adopted.
                                                                                        closest level in Adopted:
                                                                                        3304.212  13 2+                  XREF=UACDEGHIJLMNPRTVWYZabcdg
 34S   L 10670     5  1-                                                    A   
         *                                                                        <W> level not placed in Adopted.
                                                                                        closest level in Adopted:
                                                                                        3304.212  13 2+                  XREF=UACDEGHIJLMNPRTVWYZabcdg
 34S   G 7365         100       (E1)                                        A   
         *                                                                        <W> No final level found
         *                                                                        <W> No matching gamma within 5 keV found in Adopted
 34S   G 8541         30                                                    S   
         *                                                                        <W> No final level found
         *                                                                        <W> No matching gamma within 5 keV found in Adopted
 34S   G 10668        10     LT                                             S   
         *                                                                        <W> No final level found
         *                                                                        <W> No matching gamma within 5 keV found in Adopted
 34S   L 10705     5                                                            
         *                                                                        <W> level not placed in Adopted.
                                                                                        closest level in Adopted:
                                                                                        3304.212  13 2+                  XREF=UACDEGHIJLMNPRTVWYZabcdg
 34S   L 10768     5  2+                                                    A   
         *                                                                        <W> level not placed in Adopted.
                                                                                        closest level in Adopted:
                                                                                        3304.212  13 2+                  XREF=UACDEGHIJLMNPRTVWYZabcdg
 34S   G 8639         100       (M1+E2)  +0.3                               A   
         *                                                                        <W> No final level found
         *                                                                        <W> No matching gamma within 5 keV found in Adopted
 34S   G 10766        10     LT                                             S   
         *                                                                        <W> No final level found
         *                                                                        <W> No matching gamma within 5 keV found in Adopted
 34S   L 10790     5  1-                                                        
         *                                                                        <W> level not placed in Adopted.
                                                                                        closest level in Adopted:
                                                                                        3304.212  13 2+                  XREF=UACDEGHIJLMNPRTVWYZabcdg
 34S   G 7486         5                                                     S   
         *                                                                        <W> No final level found
         *                                                                        <W> No matching gamma within 5 keV found in Adopted
 34S   G 8662         20                                                    S   
         *                                                                        <W> No final level found
         *                                                                        <W> No matching gamma within 5 keV found in Adopted
 34S   G 10784        100       (E1)                                        A   
         *                                                                        <W> No final level found
         *                                                                        <W> No matching gamma within 5 keV found in Adopted
 34S   L 10802     6  1+                                                    E   
         *                                                                        <W> level not placed in Adopted.
                                                                                        closest level in Adopted:
                                                                                        3304.212  13 2+                  XREF=UACDEGHIJLMNPRTVWYZabcdg
 34S   G 10801        100                                                       
         *                                                                        <W> No final level found
         *                                                                        <W> No matching gamma within 5 keV found in Adopted
 34S   L 10840.63  18 3-                                                        
         *                                                                        <W> level not placed in Adopted or discrepant.
                                                                                        closest level in Adopted:
                                                                                        3304.212  13 2+                  XREF=UACDEGHIJLMNPRTVWYZabcdg
 34S   G 748.43    14 71     10                                                 
         *                                                                        <W> No matching gamma within 5 keV found in Adopted
 34S   G 6152.1    5  100    28                                                 
         *                                                                        <W> No matching gamma within 5 keV found in Adopted
 34S   G 8718         0      GT (E1+M2)  -0.024  17                         A   
         *                                                                        <W> No final level found
         *                                                                        <W> No matching gamma within 5 keV found in Adopted
 34S   L 10869     5                                                            
         *                                                                        <W> level not placed in Adopted.
                                                                                        closest level in Adopted:
                                                                                        3304.212  13 2+                  XREF=UACDEGHIJLMNPRTVWYZabcdg
 34S   L 10895     5                                                            
         *                                                                        <W> level not placed in Adopted.
                                                                                        closest level in Adopted:
                                                                                        3304.212  13 2+                  XREF=UACDEGHIJLMNPRTVWYZabcdg
 34S   L 10917     5                                                            
         *                                                                        <W> level not placed in Adopted.
                                                                                        closest level in Adopted:
                                                                                        3304.212  13 2+                  XREF=UACDEGHIJLMNPRTVWYZabcdg
 34S   L 10931     5  1-                                                    A   
         *                                                                        <W> level not placed in Adopted.
                                                                                        closest level in Adopted:
                                                                                        3304.212  13 2+                  XREF=UACDEGHIJLMNPRTVWYZabcdg
 34S   G 8802         100       (E1+M2)  +0.154  17                         A   
         *                                                                        <W> No final level found
         *                                                                        <W> No matching gamma within 5 keV found in Adopted
 34S   L 10994     5  2+                                                    A   
         *                                                                        <W> level not placed in Adopted.
                                                                                        closest level in Adopted:
                                                                                        3304.212  13 2+                  XREF=UACDEGHIJLMNPRTVWYZabcdg
 34S   G 8865         100       (M1+E2)  +0.078  32                         A   
         *                                                                        <W> No final level found
         *                                                                        <W> No matching gamma within 5 keV found in Adopted
 34S   L 11015     5  2+                                                    A   
         *                                                                        <W> level not placed in Adopted.
                                                                                        closest level in Adopted:
                                                                                        3304.212  13 2+                  XREF=UACDEGHIJLMNPRTVWYZabcdg
 34S   G 8886         100       (M1+E2)  -0.52   22                         A   
         *                                                                        <W> No final level found
         *                                                                        <W> No matching gamma within 5 keV found in Adopted
 34S   L 11020     10 1+                                                    E   
         *                                                                        <W> level not placed in Adopted.
                                                                                        closest level in Adopted:
                                                                                        3304.212  13 2+                  XREF=UACDEGHIJLMNPRTVWYZabcdg
 34S   L 11024.95  11 1-                                                    A   
         *                                                                        <W> level not placed in Adopted or discrepant.
                                                                                        closest level in Adopted:
                                                                                        3304.212  13 2+                  XREF=UACDEGHIJLMNPRTVWYZabcdg
 34S   G 1998.3    4  50     18                                                 
         *                                                                        <W> No matching gamma within 5 keV found in Adopted
 34S   G 4903.4    5  100    29                                                 
         *                                                                        <W> No matching gamma within 5 keV found in Adopted
 34S   G 5268.9    6  96     25                                                 
         *                                                                        <W> No matching gamma within 5 keV found in Adopted
 34S   G 7720         0      GT                                             S   
         *                                                                        <W> No final level found
         *                                                                        <W> No matching gamma within 5 keV found in Adopted
 34S   G 8896         0      GT                                             S   
         *                                                                        <W> No final level found
         *                                                                        <W> No matching gamma within 5 keV found in Adopted
 34S   G 11023        0      GT (E1)                                        A   
         *                                                                        <W> No final level found
         *                                                                        <W> No matching gamma within 5 keV found in Adopted
 34S   L 11047     5                                                            
         *                                                                        <W> level not placed in Adopted.
                                                                                        closest level in Adopted:
                                                                                        3304.212  13 2+                  XREF=UACDEGHIJLMNPRTVWYZabcdg
 34S   L 11088     5  2+                                                    A   
         *                                                                        <W> level not placed in Adopted.
                                                                                        closest level in Adopted:
                                                                                        3304.212  13 2+                  XREF=UACDEGHIJLMNPRTVWYZabcdg
 34S   G 7783         47                                                    S   
         *                                                                        <W> No final level found
         *                                                                        <W> No matching gamma within 5 keV found in Adopted
 34S   G 8959         44                                                    S   
         *                                                                        <W> No final level found
         *                                                                        <W> No matching gamma within 5 keV found in Adopted
 34S   G 11086        100       (E2)                                        A   
         *                                                                        <W> No final level found
         *                                                                        <W> No matching gamma within 5 keV found in Adopted
 34S   L 11108     5  3-                                                    A   
         *                                                                        <W> level not placed in Adopted.
                                                                                        closest level in Adopted:
                                                                                        3304.212  13 2+                  XREF=UACDEGHIJLMNPRTVWYZabcdg
 34S   G 8979         100       (E1+M2)  +0.062  1                          A   
         *                                                                        <W> No final level found
         *                                                                        <W> No matching gamma within 5 keV found in Adopted
 34S   L 11142     5  1-                                                    A   
         *                                                                        <W> level not placed in Adopted.
                                                                                        closest level in Adopted:
                                                                                        3304.212  13 2+                  XREF=UACDEGHIJLMNPRTVWYZabcdg
 34S   G 7837         9                                                     S   
         *                                                                        <W> No final level found
         *                                                                        <W> No matching gamma within 5 keV found in Adopted
 34S   G 9013         18                                                    S   
         *                                                                        <W> No final level found
         *                                                                        <W> No matching gamma within 5 keV found in Adopted
 34S   G 11140        100       (E1)                                        A   
         *                                                                        <W> No final level found
         *                                                                        <W> No matching gamma within 5 keV found in Adopted
 34S   L 11165     5  1-                                                    A   
         *                                                                        <W> level not placed in Adopted.
                                                                                        closest level in Adopted:
                                                                                        3304.212  13 2+                  XREF=UACDEGHIJLMNPRTVWYZabcdg
 34S   G 7860         100                                                   S   
         *                                                                        <W> No final level found
         *                                                                        <W> No matching gamma within 5 keV found in Adopted
 34S   G 9036         13                                                    S   
         *                                                                        <W> No final level found
         *                                                                        <W> No matching gamma within 5 keV found in Adopted
 34S   G 11163        77        (E1)                                        A   
         *                                                                        <W> No final level found
         *                                                                        <W> No matching gamma within 5 keV found in Adopted
 34S   L 11180     5                                                            
         *                                                                        <W> level not placed in Adopted.
                                                                                        closest level in Adopted:
                                                                                        3304.212  13 2+                  XREF=UACDEGHIJLMNPRTVWYZabcdg
 34S   L 11194     5                                                            
         *                                                                        <W> level not placed in Adopted.
                                                                                        closest level in Adopted:
                                                                                        3304.212  13 2+                  XREF=UACDEGHIJLMNPRTVWYZabcdg
 34S   L 11220     5  (2+)                                                  A   
         *                                                                        <W> level not placed in Adopted.
                                                                                        closest level in Adopted:
                                                                                        3304.212  13 2+                  XREF=UACDEGHIJLMNPRTVWYZabcdg
 34S   G 7915         100                                                   S   
         *                                                                        <W> No final level found
         *                                                                        <W> No matching gamma within 5 keV found in Adopted
 34S   G 9091         48                                                    S   
         *                                                                        <W> No final level found
         *                                                                        <W> No matching gamma within 5 keV found in Adopted
 34S   G 11218        32        (E2)                                        A   
         *                                                                        <W> No final level found
         *                                                                        <W> No matching gamma within 5 keV found in Adopted
 34S   L 11233     5  1-                                                    A   
         *                                                                        <W> level not placed in Adopted.
                                                                                        closest level in Adopted:
                                                                                        3304.212  13 2+                  XREF=UACDEGHIJLMNPRTVWYZabcdg
 34S   G 7928         100                                                   S   
         *                                                                        <W> No final level found
         *                                                                        <W> No matching gamma within 5 keV found in Adopted
 34S   G 9104         3.7                                                   S   
         *                                                                        <W> No final level found
         *                                                                        <W> No matching gamma within 5 keV found in Adopted
 34S   G 11231        24        (E1)                                        A   
         *                                                                        <W> No final level found
         *                                                                        <W> No matching gamma within 5 keV found in Adopted
 34S   L 11272     5  2+                                                    A   
         *                                                                        <W> level not placed in Adopted.
                                                                                        closest level in Adopted:
                                                                                        3304.212  13 2+                  XREF=UACDEGHIJLMNPRTVWYZabcdg
 34S   G 9143         100       (M1+E2)  +0.18   15                         A   
         *                                                                        <W> No final level found
         *                                                                        <W> No matching gamma within 5 keV found in Adopted
 34S   L 11289     5                                                            
         *                                                                        <W> level not placed in Adopted.
                                                                                        closest level in Adopted:
                                                                                        3304.212  13 2+                  XREF=UACDEGHIJLMNPRTVWYZabcdg
 34S   L 11315     5  2+                                                    A   
         *                                                                        <W> level not placed in Adopted.
                                                                                        closest level in Adopted:
                                                                                        3304.212  13 2+                  XREF=UACDEGHIJLMNPRTVWYZabcdg
 34S   G 8010         67                                                    S   
         *                                                                        <W> No final level found
         *                                                                        <W> No matching gamma within 5 keV found in Adopted
 34S   G 9186         38                                                    S   
         *                                                                        <W> No final level found
         *                                                                        <W> No matching gamma within 5 keV found in Adopted
 34S   G 11313        100       (E2)                                        A   
         *                                                                        <W> No final level found
         *                                                                        <W> No matching gamma within 5 keV found in Adopted
 34S   L 11323     5  1-                                                    A   
         *                                                                        <W> level not placed in Adopted.
                                                                                        closest level in Adopted:
                                                                                        3304.212  13 2+                  XREF=UACDEGHIJLMNPRTVWYZabcdg
 34S   G 8018         48                                                    S   
         *                                                                        <W> No final level found
         *                                                                        <W> No matching gamma within 5 keV found in Adopted
 34S   G 9194         65                                                    S   
         *                                                                        <W> No final level found
         *                                                                        <W> No matching gamma within 5 keV found in Adopted
 34S   G 11321        100       (E1)                                        A   
         *                                                                        <W> No final level found
         *                                                                        <W> No matching gamma within 5 keV found in Adopted
 34S   L 11350     10 1+                                                    E   
         *                                                                        <W> level not placed in Adopted.
                                                                                        closest level in Adopted:
                                                                                        3304.212  13 2+                  XREF=UACDEGHIJLMNPRTVWYZabcdg
 34S   L 11358     5  1-                                                    A   
         *                                                                        <W> level not placed in Adopted.
                                                                                        closest level in Adopted:
                                                                                        3304.212  13 2+                  XREF=UACDEGHIJLMNPRTVWYZabcdg
 34S   G 8053         100                                                   S   
         *                                                                        <W> No final level found
         *                                                                        <W> No matching gamma within 5 keV found in Adopted
 34S   G 9229         18                                                    S   
         *                                                                        <W> No final level found
         *                                                                        <W> No matching gamma within 5 keV found in Adopted
 34S   G 11356        36        (E1)                                        A   
         *                                                                        <W> No final level found
         *                                                                        <W> No matching gamma within 5 keV found in Adopted
 34S   L 11372     5  3-                                                    A   
         *                                                                        <W> level not placed in Adopted.
                                                                                        closest level in Adopted:
                                                                                        3304.212  13 2+                  XREF=UACDEGHIJLMNPRTVWYZabcdg
 34S   G 8067         44                                                    S   
         *                                                                        <W> No final level found
         *                                                                        <W> No matching gamma within 5 keV found in Adopted
 34S   G 9243         100       (E1+M2)  +0.022  6                          A   
         *                                                                        <W> No final level found
         *                                                                        <W> No matching gamma within 5 keV found in Adopted
 34S   G 11370        5.9                                                   S   
         *                                                                        <W> No final level found
         *                                                                        <W> No matching gamma within 5 keV found in Adopted
 34S   L 11374.3   8  (8)                                                       
         *                                                                        <W> level not placed in Adopted or discrepant.
                                                                                        closest level in Adopted:
                                                                                        3304.212  13 2+                  XREF=UACDEGHIJLMNPRTVWYZabcdg
 34S   G 1461.7    9  90     20 D(+Q)                                           
         *                                                                        <W> No matching gamma within 5 keV found in Adopted
 34S   G 3002.8    6  100    20 D                                               
         *                                                                        <W> No matching gamma within 5 keV found in Adopted
 34S   L 11381     5  2+                                                    A   
         *                                                                        <W> level not placed in Adopted.
                                                                                        closest level in Adopted:
                                                                                        3304.212  13 2+                  XREF=UACDEGHIJLMNPRTVWYZabcdg
 34S   G 8076         100                                                   S   
         *                                                                        <W> No final level found
         *                                                                        <W> No matching gamma within 5 keV found in Adopted
 34S   G 9252         33                                                    S   
         *                                                                        <W> No final level found
         *                                                                        <W> No matching gamma within 5 keV found in Adopted
 34S   G 11379        37        (E2)                                        A   
         *                                                                        <W> No final level found
         *                                                                        <W> No matching gamma within 5 keV found in Adopted
 34S   L 11398     5                                                            
         *                                                                        <W> level not placed in Adopted.
                                                                                        closest level in Adopted:
                                                                                        3304.212  13 2+                  XREF=UACDEGHIJLMNPRTVWYZabcdg
 34S   L 11411.33  5  2+                                                        
         *                                                                        <W> level not placed in Adopted or discrepant.
                                                                                        closest level in Adopted:
                                                                                        3304.212  13 2+                  XREF=UACDEGHIJLMNPRTVWYZabcdg
 34S   L 11417.22  2  1+,2+                                                    S
 34S   G 392.28    11 0.200  32                                                 
         *                                                                        <W> No matching gamma within 5 keV found in Adopted
 34S   G 576.80    19 0.236  34                                                 
         *                                                                        <W> No matching gamma within 5 keV found in Adopted
 34S   G 767.20    21 0.158  26                                                 
         *                                                                        <W> No matching gamma within 5 keV found in Adopted
 34S   G 1105.673  21 2.40   23                                                 
         *                                                                        <W> No matching gamma within 5 keV found in Adopted
 34S   G 1205.05   4  0.98   10                                                 
         *                                                                        <W> No matching gamma within 5 keV found in Adopted
 34S   G 1237.61   5  0.84   10                                                 
         *                                                                        <W> No matching gamma within 5 keV found in Adopted
 34S   G 1325.22   26 0.53   11                                                 
         *                                                                        <W> No matching gamma within 5 keV found in Adopted
 34S   G 1484.06   19 0.53   8                                                  
         *                                                                        <W> No matching gamma within 5 keV found in Adopted
 34S   G 1580.50   6  1.07   11                                                 
         *                                                                        <W> No matching gamma within 5 keV found in Adopted
 34S   G 1615.24   10 3.6    5                                                  
         *                                                                        <W> No matching gamma within 5 keV found in Adopted
 34S   G 1751.431  29 2.32   23                                                 
         *                                                                        <W> No matching gamma within 5 keV found in Adopted
 34S   G 1818.96   14 0.61   10                                                 
         *                                                                        <W> No matching gamma within 5 keV found in Adopted
 34S   G 1871.04   8  3.3    4                                                  
         *                                                                        <W> No matching gamma within 5 keV found in Adopted
 34S   G 2209.10   6  1.39   15                                                 
         *                                                                        <W> No matching gamma within 5 keV found in Adopted
 34S   G 2258.430  23 6.0    7                                                  
         *                                                                        <W> No matching gamma within 5 keV found in Adopted
 34S   G 2390.82   6  2.15   23                                                 
         *                                                                        <W> No matching gamma within 5 keV found in Adopted
 34S   G 2543.13   10 15.5   15                                             &   
         *                                                                        <W> No matching gamma within 5 keV found in Adopted
 34S   G 2611.7    4  1.9    5                                                  
         *                                                                        <W> No matching gamma within 5 keV found in Adopted
 34S   G 2689.50   10 3.5    4                                                  
         *                                                                        <W> No matching gamma within 5 keV found in Adopted
 34S   G 2714.50   19 4.5    8                                                  
         *                                                                        <W> No matching gamma within 5 keV found in Adopted
 34S   G 2801.33   5  16.3   16                                                 
         *                                                                        <W> No matching gamma within 5 keV found in Adopted
 34S   G 2910.28   5  16.1   16                                                 
         *                                                                        <W> No matching gamma within 5 keV found in Adopted
 34S   G 3031.69   8  7.4    10                                                 
         *                                                                        <W> No matching gamma within 5 keV found in Adopted
 34S   G 3122.65   15 4.4    7                                                  
                     *                                                            <W> check Jf&Ji for deltaJ>2 for gamma=3122.65
                                                                                        JI=1+,2+ JF(8294.40)=4(+)
         *                                                                        <W> No matching gamma within 5 keV found in Adopted
 34S   G 3211.69   9  3.8    4                                                  
         *                                                                        <W> No matching gamma within 5 keV found in Adopted
 34S   G 3231.89   20 1.36   18                                                 
         *                                                                        <W> No matching gamma within 5 keV found in Adopted
 34S   G 3241.9    5  0.58   11                                                 
         *                                                                        <W> No matching gamma within 5 keV found in Adopted
 34S   G 3278.79   11 5.2    7                                                  
         *                                                                        <W> No matching gamma within 5 keV found in Adopted
 34S   G 3442.24   25 1.65   26                                                 
         *                                                                        <W> No matching gamma within 5 keV found in Adopted
 34S   G 3635.83   8  8.4    10                                                 
         *                                                                        <W> No matching gamma within 5 keV found in Adopted
 34S   G 3787.096  20 43     4                                                  
         *                                                                        <W> No matching gamma within 5 keV found in Adopted
 34S   G 3864.25   11 2.71   28                                                 
         *                                                                        <W> No matching gamma within 5 keV found in Adopted
 34S   G 3949.27   12 2.48   28                                                 
         *                                                                        <W> No matching gamma within 5 keV found in Adopted
 34S   G 4049.68   15 1.89   21                                                 
         *                                                                        <W> No matching gamma within 5 keV found in Adopted
 34S   G 4197.69   9  4.8    7                                                  
         *                                                                        <W> No matching gamma within 5 keV found in Adopted
 34S   G 4252.38   22 1.98   24                                                 
         *                                                                        <W> No matching gamma within 5 keV found in Adopted
 34S   G 4306.44   6  13.4   13                                                 
         *                                                                        <W> No matching gamma within 5 keV found in Adopted
 34S   G 4462.44   20 12.7   13                                                 
         *                                                                        <W> No matching gamma within 5 keV found in Adopted
 34S   G 4568.9    4  0.48   10                                                 
         *                                                                        <W> No matching gamma within 5 keV found in Adopted
 34S   G 4588.37   26 0.95   16                                                 
         *                                                                        <W> No matching gamma within 5 keV found in Adopted
 34S   G 4731.37   10 2.55   26                                                 
         *                                                                        <W> No matching gamma within 5 keV found in Adopted
 34S   G 4938.06   3  35.8   34                                                 
         *                                                                        <W> No matching gamma within 5 keV found in Adopted
 34S   G 5074.79   25 0.68   13                                                 
         *                                                                        <W> No matching gamma within 5 keV found in Adopted
 34S   G 5247.94   4  19.0   18                                                 
         *                                                                        <W> No matching gamma within 5 keV found in Adopted
 34S   G 5294.94   24 0.68   13                                                 
         *                                                                        <W> No matching gamma within 5 keV found in Adopted
 34S   G 5569.30   5  9.0    10                                                 
         *                                                                        <W> No matching gamma within 5 keV found in Adopted
 34S   G 5660.78   6  29.7   29                                                 
         *                                                                        <W> No matching gamma within 5 keV found in Adopted
 34S   G 5736.76   4  69     7                                                  
         *                                                                        <W> No matching gamma within 5 keV found in Adopted
 34S   G 6035.68   7  7.1    8                                                  
         *                                                                        <W> No matching gamma within 5 keV found in Adopted
 34S   G 6094.4    4  0.34   8                                                  
         *                                                                        <W> No matching gamma within 5 keV found in Adopted
 34S   G 6188.45   6  14.0   15                                                 
         *                                                                        <W> No matching gamma within 5 keV found in Adopted
 34S   G 6526.84   6  8.9    10                                                 
         *                                                                        <W> No matching gamma within 5 keV found in Adopted
 34S   G 6539.66   16 1.60   20                                                 
         *                                                                        <W> No matching gamma within 5 keV found in Adopted
 34S   G 6727.5    9  0.113  65                                                 
                     *                                                            <W> check Jf&Ji for deltaJ>2 for gamma=6727.5
                                                                                        JI=1+,2+ JF(4688.97)=4+
         *                                                                        <W> No matching gamma within 5 keV found in Adopted
 34S   G 6792.10   3  39     4                                                  
         *                                                                        <W> No matching gamma within 5 keV found in Adopted
 34S   G 7302.2    8  0.45   8                                                  
         *                                                                        <W> No matching gamma within 5 keV found in Adopted
 34S   G 7341.67   6  59     6                                                  
         *                                                                        <W> No matching gamma within 5 keV found in Adopted
 34S   G 7499.90   5  100    10                                                 
         *                                                                        <W> No matching gamma within 5 keV found in Adopted
 34S   G 8111.99   9  9.8    11                                                 
         *                                                                        <W> No final level found
         *                                                                        <W> No matching gamma within 5 keV found in Adopted
 34S   G 9288.28   16 1.77   20                                                 
         *                                                                        <W> No final level found
         *                                                                        <W> No matching gamma within 5 keV found in Adopted
 34S   G 11415.17  11 11.5   11                                                 
         *                                                                        <W> No final level found
         *                                                                        <W> No matching gamma within 5 keV found in Adopted
 34S   L 11420     5  1-                                                    A   
         *                                                                        <W> level not placed in Adopted.
                                                                                        closest level in Adopted:
                                                                                        3304.212  13 2+                  XREF=UACDEGHIJLMNPRTVWYZabcdg
 34S   G 8115         5                                                     S   
         *                                                                        <W> No final level found
         *                                                                        <W> No matching gamma within 5 keV found in Adopted
 34S   G 9291         19                                                    S   
         *                                                                        <W> No final level found
         *                                                                        <W> No matching gamma within 5 keV found in Adopted
 34S   G 11418        100       (E1)                                        A   
         *                                                                        <W> No final level found
         *                                                                        <W> No matching gamma within 5 keV found in Adopted
 34S   L 11430.3      2+               0.116 KEV 20                             
         *                                                                        <W> level not placed in Adopted or discrepant.
                                                                                        closest level in Adopted:
                                                                                        3304.212  13 2+                  XREF=UACDEGHIJLMNPRTVWYZabcdg
 34S   L 11434.3      2-               0.049 KEV 10                             
         *                                                                        <W> level not placed in Adopted or discrepant.
                                                                                        closest level in Adopted:
                                                                                        3304.212  13 2+                  XREF=UACDEGHIJLMNPRTVWYZabcdg
 34S   L 11440.4      3-               0.0198 KEV 10                            
         *                                                                        <W> level not placed in Adopted or discrepant.
                                                                                        closest level in Adopted:
                                                                                        3304.212  13 2+                  XREF=UACDEGHIJLMNPRTVWYZabcdg
 34S   L 11448.1                       0.015 KEV LT                             
         *                                                                        <W> level not placed in Adopted or discrepant.
                                                                                        closest level in Adopted:
                                                                                        3304.212  13 2+                  XREF=UACDEGHIJLMNPRTVWYZabcdg
 34S   L 11458     5  3-                                                    A   
         *                                                                        <W> level not placed in Adopted.
                                                                                        closest level in Adopted:
                                                                                        3304.212  13 2+                  XREF=UACDEGHIJLMNPRTVWYZabcdg
 34S   G 9329         100       E1+M2    +0.037  2                          A   
         *                                                                        <W> No final level found
         *                                                                        <W> No matching gamma within 5 keV found in Adopted
 34S   L 11467.8      2+               0.368 KEV 8                              
         *                                                                        <W> level not placed in Adopted or discrepant.
                                                                                        closest level in Adopted:
                                                                                        3304.212  13 2+                  XREF=UACDEGHIJLMNPRTVWYZabcdg
 34S   L 11469.2      3-               0.152 KEV 15                             
         *                                                                        <W> level not placed in Adopted or discrepant.
                                                                                        closest level in Adopted:
                                                                                        3304.212  13 2+                  XREF=UACDEGHIJLMNPRTVWYZabcdg
 34S   L 11473     5  1-                                                    A   
         *                                                                        <W> level not placed in Adopted.
                                                                                        closest level in Adopted:
                                                                                        3304.212  13 2+                  XREF=UACDEGHIJLMNPRTVWYZabcdg
 34S   G 9344         100       E1+M2    -0.13   7                          A   
         *                                                                        <W> No final level found
         *                                                                        <W> No matching gamma within 5 keV found in Adopted
 34S   L 11474.6      2-               0.45 KEV  6                              
         *                                                                        <W> level not placed in Adopted or discrepant.
                                                                                        closest level in Adopted:
                                                                                        3304.212  13 2+                  XREF=UACDEGHIJLMNPRTVWYZabcdg
 34S   L 11490     5  1-                                                    A   
         *                                                                        <W> level not placed in Adopted.
                                                                                        closest level in Adopted:
                                                                                        3304.212  13 2+                  XREF=UACDEGHIJLMNPRTVWYZabcdg
 34S   G 8185         56                                                    S   
         *                                                                        <W> No final level found
         *                                                                        <W> No matching gamma within 5 keV found in Adopted
 34S   G 9361         46                                                    S   
         *                                                                        <W> No final level found
         *                                                                        <W> No matching gamma within 5 keV found in Adopted
 34S   G 11488        100       E1                                          A   
         *                                                                        <W> No final level found
         *                                                                        <W> No matching gamma within 5 keV found in Adopted
 34S   L 11492.7      2-               0.51 KEV  10                             
         *                                                                        <W> level not placed in Adopted or discrepant.
                                                                                        closest level in Adopted:
                                                                                        3304.212  13 2+                  XREF=UACDEGHIJLMNPRTVWYZabcdg
 34S   L 11496.2      2+               0.71 KEV  3                              
         *                                                                        <W> level not placed in Adopted or discrepant.
                                                                                        closest level in Adopted:
                                                                                        3304.212  13 2+                  XREF=UACDEGHIJLMNPRTVWYZabcdg
 34S   L 11499.6      1-                                                        
         *                                                                        <W> level not placed in Adopted or discrepant.
                                                                                        closest level in Adopted:
                                                                                        3304.212  13 2+                  XREF=UACDEGHIJLMNPRTVWYZabcdg
 34S   L 11500     10 1+                                                    E   
         *                                                                        <W> level not placed in Adopted.
                                                                                        closest level in Adopted:
                                                                                        3304.212  13 2+                  XREF=UACDEGHIJLMNPRTVWYZabcdg
 34S   L 11502.3      1-               0.292 KEV 25                             
         *                                                                        <W> level not placed in Adopted or discrepant.
                                                                                        closest level in Adopted:
                                                                                        3304.212  13 2+                  XREF=UACDEGHIJLMNPRTVWYZabcdg
 34S   L 11506     5  (1-)             0.26 KEV  5                          A   
         *                                                                        <W> level not placed in Adopted.
                                                                                        closest level in Adopted:
                                                                                        3304.212  13 2+                  XREF=UACDEGHIJLMNPRTVWYZabcdg
 34S   G 9377         100       E1+M2    -0.058  16                         A   
         *                                                                        <W> No final level found
         *                                                                        <W> No matching gamma within 5 keV found in Adopted
 34S   L 11515.3      2-               1.262 KEV 25                             
         *                                                                        <W> level not placed in Adopted or discrepant.
                                                                                        closest level in Adopted:
                                                                                        3304.212  13 2+                  XREF=UACDEGHIJLMNPRTVWYZabcdg
 34S   L 11544                         0.20 KEV  4                              
         *                                                                        <W> level not placed in Adopted.
                                                                                        closest level in Adopted:
                                                                                        3304.212  13 2+                  XREF=UACDEGHIJLMNPRTVWYZabcdg
 34S   L 11545     5  1-               0.63 KEV  7                          A   
         *                                                                        <W> level not placed in Adopted.
                                                                                        closest level in Adopted:
                                                                                        3304.212  13 2+                  XREF=UACDEGHIJLMNPRTVWYZabcdg
 34S   G 8240         100                                                   S   
         *                                                                        <W> No final level found
         *                                                                        <W> No matching gamma within 5 keV found in Adopted
 34S   G 9416         60                                                    S   
         *                                                                        <W> No final level found
         *                                                                        <W> No matching gamma within 5 keV found in Adopted
 34S   G 11543        63        E1                                          A   
         *                                                                        <W> No final level found
         *                                                                        <W> No matching gamma within 5 keV found in Adopted
 34S   L 11546                         0.23 KEV  4                              
         *                                                                        <W> level not placed in Adopted.
                                                                                        closest level in Adopted:
                                                                                        3304.212  13 2+                  XREF=UACDEGHIJLMNPRTVWYZabcdg
 34S   L 11551                         0.15 KEV  3                              
         *                                                                        <W> level not placed in Adopted.
                                                                                        closest level in Adopted:
                                                                                        3304.212  13 2+                  XREF=UACDEGHIJLMNPRTVWYZabcdg
 34S   L 11564        GE 1             0.134 KEV 18                             
         *                                                                        <W> level not placed in Adopted.
                                                                                        closest level in Adopted:
                                                                                        3304.212  13 2+                  XREF=UACDEGHIJLMNPRTVWYZabcdg
 34S   L 11575        (0-)             0.152 KEV 32                             
         *                                                                        <W> level not placed in Adopted.
                                                                                        closest level in Adopted:
                                                                                        3304.212  13 2+                  XREF=UACDEGHIJLMNPRTVWYZabcdg
 34S   L 11581        2-               3.42 KEV  8                              
         *                                                                        <W> level not placed in Adopted.
                                                                                        closest level in Adopted:
                                                                                        3304.212  13 2+                  XREF=UACDEGHIJLMNPRTVWYZabcdg
 34S   L 11590        2-               0.76 KEV  4                              
         *                                                                        <W> level not placed in Adopted.
                                                                                        closest level in Adopted:
                                                                                        3304.212  13 2+                  XREF=UACDEGHIJLMNPRTVWYZabcdg
 34S   L 11608        3-               0.62 KEV  3                              
         *                                                                        <W> level not placed in Adopted.
                                                                                        closest level in Adopted:
                                                                                        3304.212  13 2+                  XREF=UACDEGHIJLMNPRTVWYZabcdg
 34S   L 11610                         0.70 KEV  14                             
         *                                                                        <W> level not placed in Adopted.
                                                                                        closest level in Adopted:
                                                                                        3304.212  13 2+                  XREF=UACDEGHIJLMNPRTVWYZabcdg
 34S   L 11614        3-               2.1 KEV   8                              
         *                                                                        <W> level not placed in Adopted.
                                                                                        closest level in Adopted:
                                                                                        3304.212  13 2+                  XREF=UACDEGHIJLMNPRTVWYZabcdg
 34S   L 11622                         0.31 KEV  6                              
         *                                                                        <W> level not placed in Adopted.
                                                                                        closest level in Adopted:
                                                                                        3304.212  13 2+                  XREF=UACDEGHIJLMNPRTVWYZabcdg
 34S   L 11626                         0.12 KEV  LT                             
         *                                                                        <W> level not placed in Adopted.
                                                                                        closest level in Adopted:
                                                                                        3304.212  13 2+                  XREF=UACDEGHIJLMNPRTVWYZabcdg
 34S   L 11632        2+               0.75 KEV  7                              
         *                                                                        <W> level not placed in Adopted.
                                                                                        closest level in Adopted:
                                                                                        3304.212  13 2+                  XREF=UACDEGHIJLMNPRTVWYZabcdg
 34S   L 11634        0+               5.3 KEV   10                             
         *                                                                        <W> level not placed in Adopted.
                                                                                        closest level in Adopted:
                                                                                        3304.212  13 2+                  XREF=UACDEGHIJLMNPRTVWYZabcdg
 34S   L 11637     5  3-               0.96 KEV  6                              
         *                                                                        <W> level not placed in Adopted.
                                                                                        closest level in Adopted:
                                                                                        3304.212  13 2+                  XREF=UACDEGHIJLMNPRTVWYZabcdg
 34S   L 11643     5  1-                                                    A   
         *                                                                        <W> level not placed in Adopted.
                                                                                        closest level in Adopted:
                                                                                        3304.212  13 2+                  XREF=UACDEGHIJLMNPRTVWYZabcdg
 34S   G 8338         20                                                    S   
         *                                                                        <W> No final level found
         *                                                                        <W> No matching gamma within 5 keV found in Adopted
 34S   G 9514         25                                                    S   
         *                                                                        <W> No final level found
         *                                                                        <W> No matching gamma within 5 keV found in Adopted
 34S   G 11641        100       E1                                          A   
         *                                                                        <W> No final level found
         *                                                                        <W> No matching gamma within 5 keV found in Adopted
 34S   L 11649        3-               0.61 KEV  12                             
         *                                                                        <W> level not placed in Adopted.
                                                                                        closest level in Adopted:
                                                                                        3304.212  13 2+                  XREF=UACDEGHIJLMNPRTVWYZabcdg
 34S   L 11669        2-               0.40 KEV  8                              
         *                                                                        <W> level not placed in Adopted.
                                                                                        closest level in Adopted:
                                                                                        3304.212  13 2+                  XREF=UACDEGHIJLMNPRTVWYZabcdg
 34S   L 11670        1+               0.55 KEV  11                             
         *                                                                        <W> level not placed in Adopted.
                                                                                        closest level in Adopted:
                                                                                        3304.212  13 2+                  XREF=UACDEGHIJLMNPRTVWYZabcdg
 34S   L 11704                         0.61 KEV  12                             
         *                                                                        <W> level not placed in Adopted.
                                                                                        closest level in Adopted:
                                                                                        3304.212  13 2+                  XREF=UACDEGHIJLMNPRTVWYZabcdg
 34S   L 11706                         0.79 KEV  16             298.2           
         *                                                                        <W> level not placed in Adopted.
                                                                                        closest level in Adopted:
                                                                                        3304.212  13 2+                  XREF=UACDEGHIJLMNPRTVWYZabcdg
 34S   L 11712     5  1-                                                    A   
         *                                                                        <W> level not placed in Adopted.
                                                                                        closest level in Adopted:
                                                                                        3304.212  13 2+                  XREF=UACDEGHIJLMNPRTVWYZabcdg
 34S   G 9583         100       E1(+M2)  -0.080  80                         A   
         *                                                                        <W> No final level found
         *                                                                        <W> No matching gamma within 5 keV found in Adopted
 34S   L 11717                         0.67 KEV  14                             
         *                                                                        <W> level not placed in Adopted.
                                                                                        closest level in Adopted:
                                                                                        3304.212  13 2+                  XREF=UACDEGHIJLMNPRTVWYZabcdg
 34S   L 11744                         0.28 KEV  6                              
         *                                                                        <W> level not placed in Adopted.
                                                                                        closest level in Adopted:
                                                                                        3304.212  13 2+                  XREF=UACDEGHIJLMNPRTVWYZabcdg
 34S   L 11751     5                                                            
         *                                                                        <W> level not placed in Adopted.
                                                                                        closest level in Adopted:
                                                                                        3304.212  13 2+                  XREF=UACDEGHIJLMNPRTVWYZabcdg
 34S   L 11773                         0.40 KEV  8                              
         *                                                                        <W> level not placed in Adopted.
                                                                                        closest level in Adopted:
                                                                                        3304.212  13 2+                  XREF=UACDEGHIJLMNPRTVWYZabcdg
 34S   L 11785                         1.40 KEV  25                             
         *                                                                        <W> level not placed in Adopted.
                                                                                        closest level in Adopted:
                                                                                        3304.212  13 2+                  XREF=UACDEGHIJLMNPRTVWYZabcdg
 34S   L 11790     5                                                            
         *                                                                        <W> level not placed in Adopted.
                                                                                        closest level in Adopted:
                                                                                        3304.212  13 2+                  XREF=UACDEGHIJLMNPRTVWYZabcdg
 34S   L 11796                         1.30 KEV  25                             
         *                                                                        <W> level not placed in Adopted.
                                                                                        closest level in Adopted:
                                                                                        3304.212  13 2+                  XREF=UACDEGHIJLMNPRTVWYZabcdg
 34S   L 11807.5   7  8(+)                                                      
         *                                                                        <W> level not placed in Adopted or discrepant.
                                                                                        closest level in Adopted:
                                                                                        3304.212  13 2+                  XREF=UACDEGHIJLMNPRTVWYZabcdg
 34S   G 1894.6    6  100    20                                             M   
         *                                                                        <W> No matching gamma within 5 keV found in Adopted
 34S   G 3436.1    6  1.0E2  4  D                                           M   
         *                                                                        <W> No matching gamma within 5 keV found in Adopted
 34S   L 11829                         1.7 KEV   3                              
         *                                                                        <W> level not placed in Adopted.
                                                                                        closest level in Adopted:
                                                                                        3304.212  13 2+                  XREF=UACDEGHIJLMNPRTVWYZabcdg
 34S   L 11850     5                                                            
         *                                                                        <W> level not placed in Adopted.
                                                                                        closest level in Adopted:
                                                                                        3304.212  13 2+                  XREF=UACDEGHIJLMNPRTVWYZabcdg
 34S   L 11859     5                                                            
         *                                                                        <W> level not placed in Adopted.
                                                                                        closest level in Adopted:
                                                                                        3304.212  13 2+                  XREF=UACDEGHIJLMNPRTVWYZabcdg
 34S   L 11867     5                   3.3 KEV   5                              
         *                                                                        <W> level not placed in Adopted.
                                                                                        closest level in Adopted:
                                                                                        3304.212  13 2+                  XREF=UACDEGHIJLMNPRTVWYZabcdg
 34S   L 11878     5                                                            
         *                                                                        <W> level not placed in Adopted.
                                                                                        closest level in Adopted:
                                                                                        3304.212  13 2+                  XREF=UACDEGHIJLMNPRTVWYZabcdg
 34S   L 11908     5                                                            
         *                                                                        <W> level not placed in Adopted.
                                                                                        closest level in Adopted:
                                                                                        3304.212  13 2+                  XREF=UACDEGHIJLMNPRTVWYZabcdg
 34S   L 11922     5  (3-)                                                  A   
         *                                                                        <W> level not placed in Adopted.
                                                                                        closest level in Adopted:
                                                                                        3304.212  13 2+                  XREF=UACDEGHIJLMNPRTVWYZabcdg
 34S   G 9793         100       E1                                          A   
         *                                                                        <W> No final level found
         *                                                                        <W> No matching gamma within 5 keV found in Adopted
 34S   L 11932     5  1-                                                    A   
         *                                                                        <W> level not placed in Adopted.
                                                                                        closest level in Adopted:
                                                                                        3304.212  13 2+                  XREF=UACDEGHIJLMNPRTVWYZabcdg
 34S   G 11930        100       E1                                          A   
         *                                                                        <W> No final level found
         *                                                                        <W> No matching gamma within 5 keV found in Adopted
 34S   L 11949                         2.3 KEV   4                              
         *                                                                        <W> level not placed in Adopted.
                                                                                        closest level in Adopted:
                                                                                        3304.212  13 2+                  XREF=UACDEGHIJLMNPRTVWYZabcdg
 34S   L 11957     5  3-                                                    A   
         *                                                                        <W> level not placed in Adopted.
                                                                                        closest level in Adopted:
                                                                                        3304.212  13 2+                  XREF=UACDEGHIJLMNPRTVWYZabcdg
 34S   G 9828         100       E1+M2    +0.031  4                          A   
         *                                                                        <W> No final level found
         *                                                                        <W> No matching gamma within 5 keV found in Adopted
 34S   L 11979     5                                                            
         *                                                                        <W> level not placed in Adopted.
                                                                                        closest level in Adopted:
                                                                                        3304.212  13 2+                  XREF=UACDEGHIJLMNPRTVWYZabcdg
 34S   L 12034     5  1-                                                    A   
         *                                                                        <W> level not placed in Adopted.
                                                                                        closest level in Adopted:
                                                                                        3304.212  13 2+                  XREF=UACDEGHIJLMNPRTVWYZabcdg
 34S   G 12032        100       E1                                          A   
         *                                                                        <W> No final level found
         *                                                                        <W> No matching gamma within 5 keV found in Adopted
 34S   L 12063     5                                                            
         *                                                                        <W> level not placed in Adopted.
                                                                                        closest level in Adopted:
                                                                                        3304.212  13 2+                  XREF=UACDEGHIJLMNPRTVWYZabcdg
 34S   L 12077     5                                                            
         *                                                                        <W> level not placed in Adopted.
                                                                                        closest level in Adopted:
                                                                                        3304.212  13 2+                  XREF=UACDEGHIJLMNPRTVWYZabcdg
 34S   L 12100     5  1-                                                    A   
         *                                                                        <W> level not placed in Adopted.
                                                                                        closest level in Adopted:
                                                                                        3304.212  13 2+                  XREF=UACDEGHIJLMNPRTVWYZabcdg
 34S   G 12098        100       E1                                          A   
         *                                                                        <W> No final level found
         *                                                                        <W> No matching gamma within 5 keV found in Adopted
 34S   L 12120     10 1+                                                    E   
         *                                                                        <W> level not placed in Adopted.
                                                                                        closest level in Adopted:
                                                                                        3304.212  13 2+                  XREF=UACDEGHIJLMNPRTVWYZabcdg
 34S   L 12137     5                                                            
         *                                                                        <W> level not placed in Adopted.
                                                                                        closest level in Adopted:
                                                                                        3304.212  13 2+                  XREF=UACDEGHIJLMNPRTVWYZabcdg
 34S   L 12141.4   7  9                173 FS    35                             
         *                                                                        <W> level not placed in Adopted or discrepant.
                                                                                        closest level in Adopted:
                                                                                        3304.212  13 2+                  XREF=UACDEGHIJLMNPRTVWYZabcdg
 34S   G 1489.2    6  7.4    42 [M1,E2]                                     M   
         *                                                                        <W> No matching gamma within 5 keV found in Adopted
 34S   G 1741.6    5  12.6   32 [E1]                                        M   
                               *                                                  <W> Mult=[E1] but parity-change unknown from deltaJPI
                                                                                        JI=9 JF(10399.9)=8(-)
         *                                                                        <W> No matching gamma within 5 keV found in Adopted
 34S   G 2228.8    6  100    12 E2                                          M   
                               *                                                  <W> Mult=E2 but parity-change unknown from deltaJPI
                                                                                        JI=9 JF(9912.9)=7
         *                                                                        <W> No matching gamma within 5 keV found in Adopted
 34S   L 12151     5                                                            
         *                                                                        <W> level not placed in Adopted.
                                                                                        closest level in Adopted:
                                                                                        3304.212  13 2+                  XREF=UACDEGHIJLMNPRTVWYZabcdg
 34S   L 12165     5                                                            
         *                                                                        <W> level not placed in Adopted.
                                                                                        closest level in Adopted:
                                                                                        3304.212  13 2+                  XREF=UACDEGHIJLMNPRTVWYZabcdg
 34S   L 12173     5                                                            
         *                                                                        <W> level not placed in Adopted.
                                                                                        closest level in Adopted:
                                                                                        3304.212  13 2+                  XREF=UACDEGHIJLMNPRTVWYZabcdg
 34S   L 12180     10 2-                                                        
         *                                                                        <W> level not placed in Adopted.
                                                                                        closest level in Adopted:
                                                                                        3304.212  13 2+                  XREF=UACDEGHIJLMNPRTVWYZabcdg
 34S   L 12194     5  1-                                                    A   
         *                                                                        <W> level not placed in Adopted.
                                                                                        closest level in Adopted:
                                                                                        3304.212  13 2+                  XREF=UACDEGHIJLMNPRTVWYZabcdg
 34S   G 12192        100       E1                                          A   
         *                                                                        <W> No final level found
         *                                                                        <W> No matching gamma within 5 keV found in Adopted
 34S   L 12210                         50 KEV    LT                             
         *                                                                        <W> level not placed in Adopted.
                                                                                        closest level in Adopted:
                                                                                        3304.212  13 2+                  XREF=UACDEGHIJLMNPRTVWYZabcdg
 34S   L 12224     5                                                            
         *                                                                        <W> level not placed in Adopted.
                                                                                        closest level in Adopted:
                                                                                        3304.212  13 2+                  XREF=UACDEGHIJLMNPRTVWYZabcdg
 34S   L 12243     5                                                            
         *                                                                        <W> level not placed in Adopted.
                                                                                        closest level in Adopted:
                                                                                        3304.212  13 2+                  XREF=UACDEGHIJLMNPRTVWYZabcdg
 34S   L 12256     5                                                            
         *                                                                        <W> level not placed in Adopted.
                                                                                        closest level in Adopted:
                                                                                        3304.212  13 2+                  XREF=UACDEGHIJLMNPRTVWYZabcdg
 34S   L 12271     5                                                            
         *                                                                        <W> level not placed in Adopted.
                                                                                        closest level in Adopted:
                                                                                        3304.212  13 2+                  XREF=UACDEGHIJLMNPRTVWYZabcdg
 34S   L 12281     5                                                            
         *                                                                        <W> level not placed in Adopted.
                                                                                        closest level in Adopted:
                                                                                        3304.212  13 2+                  XREF=UACDEGHIJLMNPRTVWYZabcdg
 34S   L 12350                         20 KEV    LT                             
         *                                                                        <W> level not placed in Adopted.
                                                                                        closest level in Adopted:
                                                                                        3304.212  13 2+                  XREF=UACDEGHIJLMNPRTVWYZabcdg
 34S   L 12460     10 (1+,2-)          30 KEV    LT                         E   
         *                                                                        <W> level not placed in Adopted.
                                                                                        closest level in Adopted:
                                                                                        3304.212  13 2+                  XREF=UACDEGHIJLMNPRTVWYZabcdg
 34S   L 12540                         30 KEV    LT                             
         *                                                                        <W> level not placed in Adopted.
                                                                                        closest level in Adopted:
                                                                                        3304.212  13 2+                  XREF=UACDEGHIJLMNPRTVWYZabcdg
 34S   L 12650                         50 KEV    LT                             
         *                                                                        <W> level not placed in Adopted.
                                                                                        closest level in Adopted:
                                                                                        3304.212  13 2+                  XREF=UACDEGHIJLMNPRTVWYZabcdg
 34S   L 12660     10 1+                                                    E   
         *                                                                        <W> level not placed in Adopted.
                                                                                        closest level in Adopted:
                                                                                        3304.212  13 2+                  XREF=UACDEGHIJLMNPRTVWYZabcdg
 34S   L 12760                         50 KEV    LT                             
         *                                                                        <W> level not placed in Adopted.
                                                                                        closest level in Adopted:
                                                                                        3304.212  13 2+                  XREF=UACDEGHIJLMNPRTVWYZabcdg
 34S   L 12930     10 (1+,2-)                                               E   
         *                                                                        <W> level not placed in Adopted.
                                                                                        closest level in Adopted:
                                                                                        3304.212  13 2+                  XREF=UACDEGHIJLMNPRTVWYZabcdg
 34S   L 12970                         50 KEV    LT                             
         *                                                                        <W> level not placed in Adopted.
                                                                                        closest level in Adopted:
                                                                                        3304.212  13 2+                  XREF=UACDEGHIJLMNPRTVWYZabcdg
 34S   L 12985.5   8  (9+)                                                      
         *                                                                        <W> level not placed in Adopted or discrepant.
                                                                                        closest level in Adopted:
                                                                                        3304.212  13 2+                  XREF=UACDEGHIJLMNPRTVWYZabcdg
 34S   G 1178      1  42     25                                                 
         *                                                                        <W> Similar gammas placed differently in Adopted:
                                                                                        1176.650(26)   from level=3304.212    JPI=2+                  
 34S   G 1611.5    7  50     25                                                 
         *                                                                        <W> No matching gamma within 5 keV found in Adopted
 34S   G 2333.8    7  1.0E2  4                                                  
         *                                                                        <W> No matching gamma within 5 keV found in Adopted
 34S   L 13320.3   11 (9-)                                                      
         *                                                                        <W> level not placed in Adopted or discrepant.
                                                                                        closest level in Adopted:
                                                                                        3304.212  13 2+                  XREF=UACDEGHIJLMNPRTVWYZabcdg
 34S   G 2920.1    10 26     16                                                 
         *                                                                        <W> No matching gamma within 5 keV found in Adopted
 34S   G 4949.3    18 100    21                                                 
         *                                                                        <W> No matching gamma within 5 keV found in Adopted
 34S   L 13340                         50 KEV    LT                             
         *                                                                        <W> level not placed in Adopted.
                                                                                        closest level in Adopted:
                                                                                        3304.212  13 2+                  XREF=UACDEGHIJLMNPRTVWYZabcdg
 34S   L 13341.7   8  10(+)            180 FS    28                             
         *                                                                        <W> level not placed in Adopted or discrepant.
                                                                                        closest level in Adopted:
                                                                                        3304.212  13 2+                  XREF=UACDEGHIJLMNPRTVWYZabcdg
 34S   G 356.3     6  6.3    31 [M1,E2]                                     M   
         *                                                                        <W> No matching gamma within 5 keV found in Adopted
 34S   G 1200.4    7  100    22 (M1+E2)                                     M   
                               *                                                  <W> Mult=(M1+E2) but parity-change unknown from deltaJPI
                                                                                        JI=10(+) JF(12141.4)=9
         *                                                                        <W> No matching gamma within 5 keV found in Adopted
 34S   G 1966.8    9  81     19 (E2)                                        M   
                               *                                                  <W> Mult=(E2) but parity-change unknown from deltaJPI
                                                                                        JI=10(+) JF(11374.3)=(8)
         *                                                                        <W> No matching gamma within 5 keV found in Adopted
 34S   L 13460                         40 KEV    LT                             
         *                                                                        <W> level not placed in Adopted.
                                                                                        closest level in Adopted:
                                                                                        3304.212  13 2+                  XREF=UACDEGHIJLMNPRTVWYZabcdg
 34S   L 13590     10 2-                                                    E   
         *                                                                        <W> level not placed in Adopted.
                                                                                        closest level in Adopted:
                                                                                        3304.212  13 2+                  XREF=UACDEGHIJLMNPRTVWYZabcdg
 34S   L 13610                         50 KEV    LT                             
         *                                                                        <W> level not placed in Adopted.
                                                                                        closest level in Adopted:
                                                                                        3304.212  13 2+                  XREF=UACDEGHIJLMNPRTVWYZabcdg
 34S   L 13710                         50 KEV    LT                             
         *                                                                        <W> level not placed in Adopted.
                                                                                        closest level in Adopted:
                                                                                        3304.212  13 2+                  XREF=UACDEGHIJLMNPRTVWYZabcdg
 34S   L 13790     10 2-               40 KEV    LT                         E   
         *                                                                        <W> level not placed in Adopted.
                                                                                        closest level in Adopted:
                                                                                        3304.212  13 2+                  XREF=UACDEGHIJLMNPRTVWYZabcdg
 34S   L 13920                         50 KEV    LT                             
         *                                                                        <W> level not placed in Adopted.
                                                                                        closest level in Adopted:
                                                                                        3304.212  13 2+                  XREF=UACDEGHIJLMNPRTVWYZabcdg
 34S   L 13960.6   11 (10+)                                                     
         *                                                                        <W> level not placed in Adopted or discrepant.
                                                                                        closest level in Adopted:
                                                                                        3304.212  13 2+                  XREF=UACDEGHIJLMNPRTVWYZabcdg
 34S   G 3308.8    8  100                                                   M   
         *                                                                        <W> No matching gamma within 5 keV found in Adopted
 34S   L 13990     10 1+                                                    E   
         *                                                                        <W> level not placed in Adopted.
                                                                                        closest level in Adopted:
                                                                                        3304.212  13 2+                  XREF=UACDEGHIJLMNPRTVWYZabcdg
 34S   L 14070                         50 KEV    LT                             
         *                                                                        <W> level not placed in Adopted.
                                                                                        closest level in Adopted:
                                                                                        3304.212  13 2+                  XREF=UACDEGHIJLMNPRTVWYZabcdg
 34S   L 14160                         50 KEV    LT                             
         *                                                                        <W> level not placed in Adopted.
                                                                                        closest level in Adopted:
                                                                                        3304.212  13 2+                  XREF=UACDEGHIJLMNPRTVWYZabcdg
 34S   L 14200     10 (1+,2-)                                               E   
         *                                                                        <W> level not placed in Adopted.
                                                                                        closest level in Adopted:
                                                                                        3304.212  13 2+                  XREF=UACDEGHIJLMNPRTVWYZabcdg
 34S   L 14270                         100 KEV   LT                             
         *                                                                        <W> level not placed in Adopted.
                                                                                        closest level in Adopted:
                                                                                        3304.212  13 2+                  XREF=UACDEGHIJLMNPRTVWYZabcdg
 34S   L 14320     10 (1+,2-)                                               E   
         *                                                                        <W> level not placed in Adopted.
                                                                                        closest level in Adopted:
                                                                                        3304.212  13 2+                  XREF=UACDEGHIJLMNPRTVWYZabcdg
 34S   L 14370                         50 KEV    LT                             
         *                                                                        <W> level not placed in Adopted.
                                                                                        closest level in Adopted:
                                                                                        3304.212  13 2+                  XREF=UACDEGHIJLMNPRTVWYZabcdg
 34S   L 14430     10 (1+,2-)          50 KEV    LT                         E   
         *                                                                        <W> level not placed in Adopted.
                                                                                        closest level in Adopted:
                                                                                        3304.212  13 2+                  XREF=UACDEGHIJLMNPRTVWYZabcdg
 34S   L 14520                         50 KEV    LT                             
         *                                                                        <W> level not placed in Adopted.
                                                                                        closest level in Adopted:
                                                                                        3304.212  13 2+                  XREF=UACDEGHIJLMNPRTVWYZabcdg
 34S   L 14600                         50 KEV    LT                             
         *                                                                        <W> level not placed in Adopted.
                                                                                        closest level in Adopted:
                                                                                        3304.212  13 2+                  XREF=UACDEGHIJLMNPRTVWYZabcdg
 34S   L 14576.5   12 (10+)                                                     
         *                                                                        <W> level not placed in Adopted or discrepant.
                                                                                        closest level in Adopted:
                                                                                        3304.212  13 2+                  XREF=UACDEGHIJLMNPRTVWYZabcdg
 34S   G 2768.9    9  100                                                   M   
         *                                                                        <W> No matching gamma within 5 keV found in Adopted
 34S   L 14730                         100 KEV   LT                             
         *                                                                        <W> level not placed in Adopted.
                                                                                        closest level in Adopted:
                                                                                        3304.212  13 2+                  XREF=UACDEGHIJLMNPRTVWYZabcdg
 34S   L 14800     10 2-                                                    E   
         *                                                                        <W> level not placed in Adopted.
                                                                                        closest level in Adopted:
                                                                                        3304.212  13 2+                  XREF=UACDEGHIJLMNPRTVWYZabcdg
 34S   L 14840                         50 KEV    LT                             
         *                                                                        <W> level not placed in Adopted.
                                                                                        closest level in Adopted:
                                                                                        3304.212  13 2+                  XREF=UACDEGHIJLMNPRTVWYZabcdg
 34S   L 14930                         100 KEV   LT                             
         *                                                                        <W> level not placed in Adopted.
                                                                                        closest level in Adopted:
                                                                                        3304.212  13 2+                  XREF=UACDEGHIJLMNPRTVWYZabcdg
 34S   L 15020                         100 KEV   LT                             
         *                                                                        <W> level not placed in Adopted.
                                                                                        closest level in Adopted:
                                                                                        3304.212  13 2+                  XREF=UACDEGHIJLMNPRTVWYZabcdg
 34S   L 15120                         50 KEV    LT                             
         *                                                                        <W> level not placed in Adopted.
                                                                                        closest level in Adopted:
                                                                                        3304.212  13 2+                  XREF=UACDEGHIJLMNPRTVWYZabcdg
 34S   L 15170                         50 KEV    LT                             
         *                                                                        <W> level not placed in Adopted.
                                                                                        closest level in Adopted:
                                                                                        3304.212  13 2+                  XREF=UACDEGHIJLMNPRTVWYZabcdg
 34S   L 15220                         50 KEV    LT                             
         *                                                                        <W> level not placed in Adopted.
                                                                                        closest level in Adopted:
                                                                                        3304.212  13 2+                  XREF=UACDEGHIJLMNPRTVWYZabcdg
 34S   L 15244.4   10 (10,11,12+)                                               
         *                                                                        <W> level not placed in Adopted or discrepant.
                                                                                        closest level in Adopted:
                                                                                        3304.212  13 2+                  XREF=UACDEGHIJLMNPRTVWYZabcdg
 34S   G 1902.7    6  100                                                   M   
         *                                                                        <W> No matching gamma within 5 keV found in Adopted
 34S   L 15281.0   18 (10)                                                      
         *                                                                        <W> level not placed in Adopted or discrepant.
                                                                                        closest level in Adopted:
                                                                                        3304.212  13 2+                  XREF=UACDEGHIJLMNPRTVWYZabcdg
 34S   G 4880.8    16 100                                                       
         *                                                                        <W> No matching gamma within 5 keV found in Adopted
 34S   L 15300                         100 KEV   LT                             
         *                                                                        <W> level not placed in Adopted.
                                                                                        closest level in Adopted:
                                                                                        3304.212  13 2+                  XREF=UACDEGHIJLMNPRTVWYZabcdg
 34S   L 15540                         100 KEV   LT                             
         *                                                                        <W> level not placed in Adopted.
                                                                                        closest level in Adopted:
                                                                                        3304.212  13 2+                  XREF=UACDEGHIJLMNPRTVWYZabcdg
 34S   L 15640                         50 KEV    LT                             
         *                                                                        <W> level not placed in Adopted.
                                                                                        closest level in Adopted:
                                                                                        3304.212  13 2+                  XREF=UACDEGHIJLMNPRTVWYZabcdg
 34S   L 15700                         50 KEV    LT                             
         *                                                                        <W> level not placed in Adopted.
                                                                                        closest level in Adopted:
                                                                                        3304.212  13 2+                  XREF=UACDEGHIJLMNPRTVWYZabcdg
 34S   L 15770                         50 KEV    LT                             
         *                                                                        <W> level not placed in Adopted.
                                                                                        closest level in Adopted:
                                                                                        3304.212  13 2+                  XREF=UACDEGHIJLMNPRTVWYZabcdg
 34S   L 15850                         50 KEV    LT                             
         *                                                                        <W> level not placed in Adopted.
                                                                                        closest level in Adopted:
                                                                                        3304.212  13 2+                  XREF=UACDEGHIJLMNPRTVWYZabcdg
 34S   L 15950                         50 KEV    LT                             
         *                                                                        <W> level not placed in Adopted.
                                                                                        closest level in Adopted:
                                                                                        3304.212  13 2+                  XREF=UACDEGHIJLMNPRTVWYZabcdg
 34S   L 16060                         50 KEV    LT                             
         *                                                                        <W> level not placed in Adopted.
                                                                                        closest level in Adopted:
                                                                                        3304.212  13 2+                  XREF=UACDEGHIJLMNPRTVWYZabcdg
 34S   L 16190                         100 KEV   LT                             
         *                                                                        <W> level not placed in Adopted.
                                                                                        closest level in Adopted:
                                                                                        3304.212  13 2+                  XREF=UACDEGHIJLMNPRTVWYZabcdg
 34S   L 16340                         50 KEV    LT                             
         *                                                                        <W> level not placed in Adopted.
                                                                                        closest level in Adopted:
                                                                                        3304.212  13 2+                  XREF=UACDEGHIJLMNPRTVWYZabcdg
 34S   L 16440                         50 KEV    LT                             
         *                                                                        <W> level not placed in Adopted.
                                                                                        closest level in Adopted:
                                                                                        3304.212  13 2+                  XREF=UACDEGHIJLMNPRTVWYZabcdg
 34S   L 16550                         50 KEV    LT                             
         *                                                                        <W> level not placed in Adopted.
                                                                                        closest level in Adopted:
                                                                                        3304.212  13 2+                  XREF=UACDEGHIJLMNPRTVWYZabcdg
 34S   L 16600                         50 KEV    LT                             
         *                                                                        <W> level not placed in Adopted.
                                                                                        closest level in Adopted:
                                                                                        3304.212  13 2+                  XREF=UACDEGHIJLMNPRTVWYZabcdg
 34S   L 16649.1   14 (10,11,12+)                                               
         *                                                                        <W> level not placed in Adopted or discrepant.
                                                                                        closest level in Adopted:
                                                                                        3304.212  13 2+                  XREF=UACDEGHIJLMNPRTVWYZabcdg
 34S   G 2688.4    8  100                                                   M   
         *                                                                        <W> No matching gamma within 5 keV found in Adopted
 34S   L 16650                         70 KEV    LT                             
         *                                                                        <W> level not placed in Adopted.
                                                                                        closest level in Adopted:
                                                                                        3304.212  13 2+                  XREF=UACDEGHIJLMNPRTVWYZabcdg
 34S   L 16730                         70 KEV    LT                             
         *                                                                        <W> level not placed in Adopted.
                                                                                        closest level in Adopted:
                                                                                        3304.212  13 2+                  XREF=UACDEGHIJLMNPRTVWYZabcdg
 34S   L 16820                         50 KEV    LT                             
         *                                                                        <W> level not placed in Adopted.
                                                                                        closest level in Adopted:
                                                                                        3304.212  13 2+                  XREF=UACDEGHIJLMNPRTVWYZabcdg
 34S   L 16880                         50 KEV    LT                             
         *                                                                        <W> level not placed in Adopted.
                                                                                        closest level in Adopted:
                                                                                        3304.212  13 2+                  XREF=UACDEGHIJLMNPRTVWYZabcdg
 34S   L 16940                         50 KEV    LT                             
         *                                                                        <W> level not placed in Adopted.
                                                                                        closest level in Adopted:
                                                                                        3304.212  13 2+                  XREF=UACDEGHIJLMNPRTVWYZabcdg
 34S   L 17010                         50 KEV    LT                             
         *                                                                        <W> level not placed in Adopted.
                                                                                        closest level in Adopted:
                                                                                        3304.212  13 2+                  XREF=UACDEGHIJLMNPRTVWYZabcdg
 34S   L 17110                         50 KEV    LT                             
         *                                                                        <W> level not placed in Adopted.
                                                                                        closest level in Adopted:
                                                                                        3304.212  13 2+                  XREF=UACDEGHIJLMNPRTVWYZabcdg
 34S   L 17180                         50 KEV    LT                             
         *                                                                        <W> level not placed in Adopted.
                                                                                        closest level in Adopted:
                                                                                        3304.212  13 2+                  XREF=UACDEGHIJLMNPRTVWYZabcdg
 34S   L 17250                         50 KEV    LT                             
         *                                                                        <W> level not placed in Adopted.
                                                                                        closest level in Adopted:
                                                                                        3304.212  13 2+                  XREF=UACDEGHIJLMNPRTVWYZabcdg
 34S   L 17330                         50 KEV    LT                             
         *                                                                        <W> level not placed in Adopted.
                                                                                        closest level in Adopted:
                                                                                        3304.212  13 2+                  XREF=UACDEGHIJLMNPRTVWYZabcdg
 34S   L 17460                         50 KEV    LT                             
         *                                                                        <W> level not placed in Adopted.
                                                                                        closest level in Adopted:
                                                                                        3304.212  13 2+                  XREF=UACDEGHIJLMNPRTVWYZabcdg
 34S   L 17520                         50 KEV    LT                             
         *                                                                        <W> level not placed in Adopted.
                                                                                        closest level in Adopted:
                                                                                        3304.212  13 2+                  XREF=UACDEGHIJLMNPRTVWYZabcdg
 34S   L 17590                         50 KEV    LT                             
         *                                                                        <W> level not placed in Adopted.
                                                                                        closest level in Adopted:
                                                                                        3304.212  13 2+                  XREF=UACDEGHIJLMNPRTVWYZabcdg
 34S   L 17620                         50 KEV    LT                             
         *                                                                        <W> level not placed in Adopted.
                                                                                        closest level in Adopted:
                                                                                        3304.212  13 2+                  XREF=UACDEGHIJLMNPRTVWYZabcdg
 34S   L 17660                         50 KEV    LT                             
         *                                                                        <W> level not placed in Adopted.
                                                                                        closest level in Adopted:
                                                                                        3304.212  13 2+                  XREF=UACDEGHIJLMNPRTVWYZabcdg
 34S   L 17690                         50 KEV    LT                             
         *                                                                        <W> level not placed in Adopted.
                                                                                        closest level in Adopted:
                                                                                        3304.212  13 2+                  XREF=UACDEGHIJLMNPRTVWYZabcdg
 34S   L 17740                         50 KEV    LT                             
         *                                                                        <W> level not placed in Adopted.
                                                                                        closest level in Adopted:
                                                                                        3304.212  13 2+                  XREF=UACDEGHIJLMNPRTVWYZabcdg
 34S   L 17790                         50 KEV    LT                             
         *                                                                        <W> level not placed in Adopted.
                                                                                        closest level in Adopted:
                                                                                        3304.212  13 2+                  XREF=UACDEGHIJLMNPRTVWYZabcdg
 34S   L 17840                         50 KEV    LT                             
         *                                                                        <W> level not placed in Adopted.
                                                                                        closest level in Adopted:
                                                                                        3304.212  13 2+                  XREF=UACDEGHIJLMNPRTVWYZabcdg
 34S   L 17860                         50 KEV    LT                             
         *                                                                        <W> level not placed in Adopted.
                                                                                        closest level in Adopted:
                                                                                        3304.212  13 2+                  XREF=UACDEGHIJLMNPRTVWYZabcdg
 34S   L 17900                         50 KEV    LT                             
         *                                                                        <W> level not placed in Adopted.
                                                                                        closest level in Adopted:
                                                                                        3304.212  13 2+                  XREF=UACDEGHIJLMNPRTVWYZabcdg
 34S   L 18030                         50 KEV    LT                             
         *                                                                        <W> level not placed in Adopted.
                                                                                        closest level in Adopted:
                                                                                        3304.212  13 2+                  XREF=UACDEGHIJLMNPRTVWYZabcdg
 34S   L 18110                         40 KEV    LT                             
         *                                                                        <W> level not placed in Adopted.
                                                                                        closest level in Adopted:
                                                                                        3304.212  13 2+                  XREF=UACDEGHIJLMNPRTVWYZabcdg
 34S   L 18210                         40 KEV    LT                             
         *                                                                        <W> level not placed in Adopted.
                                                                                        closest level in Adopted:
                                                                                        3304.212  13 2+                  XREF=UACDEGHIJLMNPRTVWYZabcdg
 34S   L 18300                         50 KEV    LT                             
         *                                                                        <W> level not placed in Adopted.
                                                                                        closest level in Adopted:
                                                                                        3304.212  13 2+                  XREF=UACDEGHIJLMNPRTVWYZabcdg
 34S   L 18350                         50 KEV    LT                             
         *                                                                        <W> level not placed in Adopted.
                                                                                        closest level in Adopted:
                                                                                        3304.212  13 2+                  XREF=UACDEGHIJLMNPRTVWYZabcdg
 34S   L 18430                         50 KEV    LT                             
         *                                                                        <W> level not placed in Adopted.
                                                                                        closest level in Adopted:
                                                                                        3304.212  13 2+                  XREF=UACDEGHIJLMNPRTVWYZabcdg
 34S   L 18540                         50 KEV    LT                             
         *                                                                        <W> level not placed in Adopted.
                                                                                        closest level in Adopted:
                                                                                        3304.212  13 2+                  XREF=UACDEGHIJLMNPRTVWYZabcdg
 34S   L 18600                         50 KEV    LT                             
         *                                                                        <W> level not placed in Adopted.
                                                                                        closest level in Adopted:
                                                                                        3304.212  13 2+                  XREF=UACDEGHIJLMNPRTVWYZabcdg
 34S   L 18670                         50 KEV    LT                             
         *                                                                        <W> level not placed in Adopted.
                                                                                        closest level in Adopted:
                                                                                        3304.212  13 2+                  XREF=UACDEGHIJLMNPRTVWYZabcdg
 34S   L 18730                         50 KEV    LT                             
         *                                                                        <W> level not placed in Adopted.
                                                                                        closest level in Adopted:
                                                                                        3304.212  13 2+                  XREF=UACDEGHIJLMNPRTVWYZabcdg
 34S   L 18860                         50 KEV    LT                             
         *                                                                        <W> level not placed in Adopted.
                                                                                        closest level in Adopted:
                                                                                        3304.212  13 2+                  XREF=UACDEGHIJLMNPRTVWYZabcdg
 34S   L 19080                         150 KEV   LT                             
         *                                                                        <W> level not placed in Adopted.
                                                                                        closest level in Adopted:
                                                                                        3304.212  13 2+                  XREF=UACDEGHIJLMNPRTVWYZabcdg
 34S   L 19200                         50 KEV    LT                             
         *                                                                        <W> level not placed in Adopted.
                                                                                        closest level in Adopted:
                                                                                        3304.212  13 2+                  XREF=UACDEGHIJLMNPRTVWYZabcdg
 34S   L 19280                         70 KEV    LT                             
         *                                                                        <W> level not placed in Adopted.
                                                                                        closest level in Adopted:
                                                                                        3304.212  13 2+                  XREF=UACDEGHIJLMNPRTVWYZabcdg
 34S   L 19370                         80 KEV    LT                             
         *                                                                        <W> level not placed in Adopted.
                                                                                        closest level in Adopted:
                                                                                        3304.212  13 2+                  XREF=UACDEGHIJLMNPRTVWYZabcdg
 34S   L 19550                         50 KEV    LT                             
         *                                                                        <W> level not placed in Adopted.
                                                                                        closest level in Adopted:
                                                                                        3304.212  13 2+                  XREF=UACDEGHIJLMNPRTVWYZabcdg
 34S   L 19650                         50 KEV    LT                             
         *                                                                        <W> level not placed in Adopted.
                                                                                        closest level in Adopted:
                                                                                        3304.212  13 2+                  XREF=UACDEGHIJLMNPRTVWYZabcdg
 34S   L 19720                         50 KEV    LT                             
         *                                                                        <W> level not placed in Adopted.
                                                                                        closest level in Adopted:
                                                                                        3304.212  13 2+                  XREF=UACDEGHIJLMNPRTVWYZabcdg
 34S   L 19820                         50 KEV    LT                             
         *                                                                        <W> level not placed in Adopted.
                                                                                        closest level in Adopted:
                                                                                        3304.212  13 2+                  XREF=UACDEGHIJLMNPRTVWYZabcdg
 34S   L 19900                         50 KEV    LT                             
         *                                                                        <W> level not placed in Adopted.
                                                                                        closest level in Adopted:
                                                                                        3304.212  13 2+                  XREF=UACDEGHIJLMNPRTVWYZabcdg
 34S   L 20080                         50 KEV    LT                             
         *                                                                        <W> level not placed in Adopted.
                                                                                        closest level in Adopted:
                                                                                        3304.212  13 2+                  XREF=UACDEGHIJLMNPRTVWYZabcdg
 34S   L 20170                         50 KEV    LT                             
         *                                                                        <W> level not placed in Adopted.
                                                                                        closest level in Adopted:
                                                                                        3304.212  13 2+                  XREF=UACDEGHIJLMNPRTVWYZabcdg
 34S   L 20300                         50 KEV    LT                             
         *                                                                        <W> level not placed in Adopted.
                                                                                        closest level in Adopted:
                                                                                        3304.212  13 2+                  XREF=UACDEGHIJLMNPRTVWYZabcdg
 34S   L 20390                         150 KEV   LT                             
         *                                                                        <W> level not placed in Adopted.
                                                                                        closest level in Adopted:
                                                                                        3304.212  13 2+                  XREF=UACDEGHIJLMNPRTVWYZabcdg
 34S   L 20520                         70 KEV    LT                             
         *                                                                        <W> level not placed in Adopted.
                                                                                        closest level in Adopted:
                                                                                        3304.212  13 2+                  XREF=UACDEGHIJLMNPRTVWYZabcdg
 34S   L 20680                         50 KEV    LT                             
         *                                                                        <W> level not placed in Adopted.
                                                                                        closest level in Adopted:
                                                                                        3304.212  13 2+                  XREF=UACDEGHIJLMNPRTVWYZabcdg
 34S   L 20770                         50 KEV    LT                             
         *                                                                        <W> level not placed in Adopted.
                                                                                        closest level in Adopted:
                                                                                        3304.212  13 2+                  XREF=UACDEGHIJLMNPRTVWYZabcdg
 34S   L 20840                         50 KEV    LT                             
         *                                                                        <W> level not placed in Adopted.
                                                                                        closest level in Adopted:
                                                                                        3304.212  13 2+                  XREF=UACDEGHIJLMNPRTVWYZabcdg
 34S   L 21000                         80 KEV    LT                             
         *                                                                        <W> level not placed in Adopted.
                                                                                        closest level in Adopted:
                                                                                        3304.212  13 2+                  XREF=UACDEGHIJLMNPRTVWYZabcdg
 34S   L 21140                         50 KEV    LT                             
         *                                                                        <W> level not placed in Adopted.
                                                                                        closest level in Adopted:
                                                                                        3304.212  13 2+                  XREF=UACDEGHIJLMNPRTVWYZabcdg
 34S   L 21250                         50 KEV    LT                             
         *                                                                        <W> level not placed in Adopted.
                                                                                        closest level in Adopted:
                                                                                        3304.212  13 2+                  XREF=UACDEGHIJLMNPRTVWYZabcdg
 34S   L 21340                         40 KEV    LT                             
         *                                                                        <W> level not placed in Adopted.
                                                                                        closest level in Adopted:
                                                                                        3304.212  13 2+                  XREF=UACDEGHIJLMNPRTVWYZabcdg
 34S   L 21460                         50 KEV    LT                             
         *                                                                        <W> level not placed in Adopted.
                                                                                        closest level in Adopted:
                                                                                        3304.212  13 2+                  XREF=UACDEGHIJLMNPRTVWYZabcdg
 34S   L 21570                         50 KEV    LT                             
         *                                                                        <W> level not placed in Adopted.
                                                                                        closest level in Adopted:
                                                                                        3304.212  13 2+                  XREF=UACDEGHIJLMNPRTVWYZabcdg
 34S   L 21700                         50 KEV    LT                             
         *                                                                        <W> level not placed in Adopted.
                                                                                        closest level in Adopted:
                                                                                        3304.212  13 2+                  XREF=UACDEGHIJLMNPRTVWYZabcdg
 34S   L 21840                         80 KEV    LT                             
         *                                                                        <W> level not placed in Adopted.
                                                                                        closest level in Adopted:
                                                                                        3304.212  13 2+                  XREF=UACDEGHIJLMNPRTVWYZabcdg
 34S   L 22040                         50 KEV    LT                             
         *                                                                        <W> level not placed in Adopted.
                                                                                        closest level in Adopted:
                                                                                        3304.212  13 2+                  XREF=UACDEGHIJLMNPRTVWYZabcdg
 34S   L 22230                         80 KEV    LT                             
         *                                                                        <W> level not placed in Adopted.
                                                                                        closest level in Adopted:
                                                                                        3304.212  13 2+                  XREF=UACDEGHIJLMNPRTVWYZabcdg
 34S   L 22340                         50 KEV    LT                             
         *                                                                        <W> level not placed in Adopted.
                                                                                        closest level in Adopted:
                                                                                        3304.212  13 2+                  XREF=UACDEGHIJLMNPRTVWYZabcdg
 34S   L 22440                         40 KEV    LT                             
         *                                                                        <W> level not placed in Adopted.
                                                                                        closest level in Adopted:
                                                                                        3304.212  13 2+                  XREF=UACDEGHIJLMNPRTVWYZabcdg
 34S   L 22600                         100 KEV   LT                             
         *                                                                        <W> level not placed in Adopted.
                                                                                        closest level in Adopted:
                                                                                        3304.212  13 2+                  XREF=UACDEGHIJLMNPRTVWYZabcdg
 34S   L 22720                         50 KEV    LT                             
         *                                                                        <W> level not placed in Adopted.
                                                                                        closest level in Adopted:
                                                                                        3304.212  13 2+                  XREF=UACDEGHIJLMNPRTVWYZabcdg
 34S   L 22890                         40 KEV    LT                             
         *                                                                        <W> level not placed in Adopted.
                                                                                        closest level in Adopted:
                                                                                        3304.212  13 2+                  XREF=UACDEGHIJLMNPRTVWYZabcdg
 34S   L 22990                         40 KEV    LT                             
         *                                                                        <W> level not placed in Adopted.
                                                                                        closest level in Adopted:
                                                                                        3304.212  13 2+                  XREF=UACDEGHIJLMNPRTVWYZabcdg
 34S   L 23170                         50 KEV    LT                             
         *                                                                        <W> level not placed in Adopted.
                                                                                        closest level in Adopted:
                                                                                        3304.212  13 2+                  XREF=UACDEGHIJLMNPRTVWYZabcdg
 34S   L 23320                         30 KEV    LT                             
         *                                                                        <W> level not placed in Adopted.
                                                                                        closest level in Adopted:
                                                                                        3304.212  13 2+                  XREF=UACDEGHIJLMNPRTVWYZabcdg
 34S   L 23500                         100 KEV   LT                             
         *                                                                        <W> level not placed in Adopted.
                                                                                        closest level in Adopted:
                                                                                        3304.212  13 2+                  XREF=UACDEGHIJLMNPRTVWYZabcdg


End of report
