** Java program for fitting gammas&calculating feedings (version 07/17/2025) **
Generated at: Wed 07/30/2025 at 07:15:53 PM EDT

 Input file: D:\X\ND\Files\dummy_merged.ens
Report file: D:\X\ND\Files\Java_GTOL.rpt
Output file: D:\X\ND\Files\Java_GTOL.out

Rules for assigning uncertainties to gamma energies where not available:
(unless otherwise specified by "DEG=" at the end (col>80) of gamma line)
   Rule 0: No. of decimal digits=0, uncertainty=1
   Rule 1: No. of decimal digits=1, uncertainty=0.5
   Rule 2: No. of decimal digits=2, uncertainty=0.05

(Above rules are by default for all gamma-ray energies, and will be;
 overridden by a DEG option at the end of a gamma-line individually
 or by a global DEG option at the top of a dataset)


 assumptions for non-numerical uncertainties in RI and TI, unless otherwise specified:
    DRI                assumed %DRI        
    -----------        ------------        
    Empty              20
    LT or LE           50 for DRI(+); assumed RI=DRI(-)=%(100-this value)
    GT or GE           100000000 for DRI(+); assumed DRI(-)=0
    AP                 50
    CA                 50
    SY                 50

   * DCC theory=1.4% assumed if DCC not given
   * Uncertainty Limit=35 for rounding-up uncertainty in output


   * Gammas marked by "?" are also used in the fitting and intensity calculations
   * All gammas marked by "S" are ignored in the fitting and intensity calculations
   * RI flagged by "&" are used as upper limits (RI+DRI) in intensity calculations:
           Adjusted RI=(RI+DRI)/2=Adjusted DRI
   * Maximum&Minimum approach is used to propagate large uncertainty (>10%) except E(level)


##########################################################################################
        GTOL report for dataset: << ADOPTED LEVELS, GAMMAS >>
##########################################################################################


-------------------------------------------------------------------------------------------------------------------
                 Level Energies From Input (old), Fitting (new), and Adjustments for uncertainties                 
-------------------------------------------------------------------------------------------------------------------
#Level  old           Input        From fit       After adding dE of base levels:          Has Gamma:        Fixed 
        kept                      (original)       metastable    fixed("G")/other     Deexciting  Feeding     Type 
------ ------ --------------- ---------------    --------------- ----------------     ---------- ----------  ------
     1  kept             0               0    *         -----            -----           ---        Yes        D   
     2            1572.378 19     1572.374 17           -----            -----           Yes        Yes       ---  
     3             1991.28  5     1991.311 28           -----            -----           Yes        Yes       ---  
     4            2347.789 18     2347.785 17           -----            -----           Yes        Yes       ---  
     5             2717.00  3     2716.994 23           -----            -----           Yes        Yes       ---  
     6             2938.64  5     2938.639 26           -----            -----           Yes        Yes       ---  
     7              3421.1  3      3420.97 21           -----            -----           Yes        Yes       ---  
     8             3558.09  3     3558.079 25           -----            -----           Yes        Yes       ---  
     9  kept        3594.8  4       3594.8  4           -----            -----           Yes        Yes       ---  
    10                3675 10        -----              -----            -----            No         No        A   
    11            3801.958 23     3801.955 21           -----            -----           Yes        Yes       ---  
    12              3818.1  4      3818.10 21           -----            -----           Yes         No       ---  
    13                3866 10        -----              -----            -----            No         No        A   
    14              3885.3  4      3885.33 30           -----            -----           Yes        Yes       ---  
    15  kept        3890.5  6       3890.5  6           -----            -----           Yes         No       ---  
    16              4022.3 10       4022.4 10           -----            -----           Yes         No       ---  
    17              4025.9  4      4025.74 30           -----            -----           Yes         No       ---  
    18              4106.4  4      4106.63 30           -----            -----           Yes         No       ---  
    19                4180  3       4184.2  5           -----            -----           Yes         No       ---  
    20            4189.280 21     4189.276 20           -----            -----           Yes        Yes       ---  
    21  kept        4302.6  7       4302.6  7           -----            -----           Yes         No       ---  
    22  kept       4477.64  7      4477.64  7           -----            -----           Yes        Yes       ---  
    23                4576  8        -----              -----            -----            No         No        A   
    24                4617 10        -----              -----            -----            No         No        A   
    25                4839  8        -----              -----            -----            No         No        A   
    26             4903.32  8     4903.347 23           -----            -----           Yes        Yes       ---  
    27             4963.09  3     4963.082 24           -----            -----           Yes        Yes       ---  
    28                4990 10        -----              -----            -----            No         No        A   
    29                5058  8        -----              -----            -----            No         No        A   
    30                5127 10        -----              -----            -----            No         No        A   
    31                5344  4        -----              -----            -----            No         No        A   
    32                5475 10        -----              -----            -----            No         No        A   
    33                5550 10        -----              -----            -----            No         No        A   
    34  kept        5752.5  8       5752.5  8           -----            -----           Yes         No       ---  
    35                5771 10        -----              -----            -----            No         No        A   
    36              5841.3 10      5841.30  5           -----            -----           Yes         No       ---  
    37                5915 10        -----              -----            -----            No         No        A   
    38                5980 10        -----              -----            -----            No         No        A   
    39  kept        6018.8  6       6018.8  6           -----            -----           Yes         No       ---  
    40             6078.48  4     6078.476 32           -----            -----           Yes        Yes       ---  
    41                6129 10        -----              -----            -----            No         No        A   
    42  kept       6293.93  6      6293.93  6           -----            -----           Yes        Yes       ---  
    43                6334  8        -----              -----            -----            No         No        A   
    44  kept       6354.89 23      6354.89 23           -----            -----           Yes        Yes       ---  
    45  kept        6419.9 11       6419.9 11           -----            -----           Yes         No       ---  
    46                6446  8        -----              -----            -----            No         No        A   
    47                6496  8        -----              -----            -----            No         No        A   
    48              6537.7 14        -----              -----            -----            No         No        A   
    49              6545.1 13        -----              -----            -----            No         No        A   
    50                6584 10        -----              -----            -----            No         No        A   
    51             6629.43 10      6629.43  9           -----            -----           Yes        Yes       ---  
    52              6635.2 13        -----              -----            -----            No         No        A   
    53                6654 10        -----              -----            -----            No         No        A   
    54                6684  9        -----              -----            -----            No         No        A   
    55  kept        6761.0 12       6761.0 12           -----            -----           Yes         No       ---  
    56              6891.3 14        -----              -----            -----            No         No        A   
    57             6986.10  3     6986.098 24           -----            -----           Yes         No       ---  
    58             7018.95  4        -----              -----            -----            No         No        A   
    59             7072.73  5        -----              -----            -----            No         No        A   
    60             7074.39  6        -----              -----            -----            No         No        A   
    61              7097.8  3        -----              -----            -----            No         No        A   
    62             7099.91 20        -----              -----            -----            No         No        A   
    63             7100.79  4        -----              -----            -----            No         No        A   
    64             7143.33 11        -----              -----            -----            No         No        A   
    65             7210.49  5        -----              -----            -----            No         No        A   
    66              7218.1  4        -----              -----            -----            No         No        A   
    67              7234.0  5        -----              -----            -----            No         No        A   
    68              7239.9  6        -----              -----            -----            No         No        A   
    69              7253.2  6        -----              -----            -----            No         No        A   
    70             7275.99  5        -----              -----            -----            No         No        A   
    71  kept          7279           -----              -----            -----            No         No        A   
    72              7289.9  8        -----              -----            -----            No         No        A   
    73             7294.26  7        -----              -----            -----            No         No        A   
    74             7331.06  5        -----              -----            -----            No         No        A   
    75             7338.24 20        -----              -----            -----            No         No        A   
    76             7343.97 20        -----              -----            -----            No         No        A   
    77              7347.3  5        -----              -----            -----            No         No        A   
    78              7348.0  5        -----              -----            -----            No         No        A   
    79              7353.9  5        -----              -----            -----            No         No        A   
    80              7357.6  5        -----              -----            -----            No         No        A   
    81             7370.63  6        -----              -----            -----            No         No        A   
    82                7375 10        -----              -----            -----            No         No        A   
    83              7396.0  6        -----              -----            -----            No         No        A   
    84              7404.7  6        -----              -----            -----            No         No        A   
    85             7408.76 11        -----              -----            -----            No         No        A   
    86             7411.62  7        -----              -----            -----            No         No        A   
    87             7416.57  4        -----              -----            -----            No         No        A   
    88              7429.1  6        -----              -----            -----            No         No        A   
    89             7433.63  5        -----              -----            -----            No         No        A   
    90              7436.4  4        -----              -----            -----            No         No        A   
    91             7442.21  5        -----              -----            -----            No         No        A   
    92              7462.3  6        -----              -----            -----            No         No        A   
    93             7481.22  7        -----              -----            -----            No         No        A   
    94              7494.7  6        -----              -----            -----            No         No        A   
    95              7542.4  6        -----              -----            -----            No         No        A   
    96              7604.1  6        -----              -----            -----            No         No        A   
    97             7609.33  5        -----              -----            -----            No         No        A   
    98              7649.0  6        -----              -----            -----            No         No        A   
    99              7655.7  6        -----              -----            -----            No         No        A   
   100             7663.98 11        -----              -----            -----            No         No        A   
   101              7678.4  7        -----              -----            -----            No         No        A   
   102                7712 10        -----              -----            -----            No         No        A   
   103              7731.1  7        -----              -----            -----            No         No        A   
   104              7749.8  4        -----              -----            -----            No         No        A   
   105             7761.53  7        -----              -----            -----            No         No        A   
   106             7776.25 11        -----              -----            -----            No         No        A   
   107             7798.07  9        -----              -----            -----            No         No        A   
   108             7812.32  7        -----              -----            -----            No         No        A   
   109             7853.33  7        -----              -----            -----            No         No        A   
   110              7861.9 12        -----              -----            -----            No         No        A   
   111              7880.8 12        -----              -----            -----            No         No        A   
   112              7889.1 12        -----              -----            -----            No         No        A   
   113             7894.71  7        -----              -----            -----            No         No        A   
   114              7899.8  3        -----              -----            -----            No         No        A   
   115              7934.2 15        -----              -----            -----            No         No        A   
   116              7939.6 15        -----              -----            -----            No         No        A   
   117             7955.05 11        -----              -----            -----            No         No        A   
   118             7974.27 11        -----              -----            -----            No         No        A   
   119             8019.63 20        -----              -----            -----            No         No        A   
   120             8041.29 20        -----              -----            -----            No         No        A   
   121             8076.54 20        -----              -----            -----            No         No        A   
   122              8078.0  3        -----              -----            -----            No         No        A   
   123              8093.0  5        -----              -----            -----            No         No        A   
   124             8143.75 20        -----              -----            -----            No         No        A   
   125                8160 10        -----              -----            -----            No         No        A   
   126              8187.2  3        -----              -----            -----            No         No        A   
   127              8211.3  3        -----              -----            -----            No         No        A   
   128              8224.3  4        -----              -----            -----            No         No        A   
   129              8228.5  4        -----              -----            -----            No         No        A   
   130              8244.1  3        -----              -----            -----            No         No        A   
   131             8256.41 20        -----              -----            -----            No         No        A   
   132              8262.5  4        -----              -----            -----            No         No        A   
   133              8273.4  4        -----              -----            -----            No         No        A   
   134              8298.3  3        -----              -----            -----            No         No        A   
   135              8333.9  4        -----              -----            -----            No         No        A   
   136              8336.0  4        -----              -----            -----            No         No        A   
   137              8391.4  4        -----              -----            -----            No         No        A   
   138              8393.8  3        -----              -----            -----            No         No        A   
   139              8406.6  3        -----              -----            -----            No         No        A   
   140              8418.9  5        -----              -----            -----            No         No        A   
   141                9155 10        -----              -----            -----            No        ---        A   
-------------------------------------------------------------------------------------------------------------------
NOTE: --- indicates Not Applicable.
        * indicates level fixed in fitting.
        & from original uncertainty adjusted based on input settings.
        # non-numerical uncertainty is from fitting gammas or end-level.
      Quoted values under "From fit" for fixed levels are taken from their input values.
      Fixed Type="A": assumed fixed by GTOL for level not connected to any level; not used in the fitting.
                ="D": assumed fixed by GTOL for meta-stable level, with %(all decay modes but IT)>99.75;
                      uncertainty will be added after fitting (1st level always this type by default).
                ="S": assumed fixed by GTOL for level which causes singular matrix problem; uncertainty=0 assumed.
                ="F": energy is fixed and uncertainty=0 assumed for fitting.
                ="G": energy is fixed in fitting and uncertainty will be added after fitting.
           Only type "F" and "G" are set by user by inserting the type letter in the energy field (col 10-20).



--------------------------------------------------------------------------------------------------------------------------------------------------------
                                                            Input and fitted Gamma Energies                                                             
#Gamma        Input EG    Adjusted dEG   Initial Level     Final Level     EG From fit   Difference   Diff/dEG  #sigma       Chi2    %Chi2      Input EG
--------------------------------------------------------------------------------------------------------------------------------------------------------
     1    1572.334           1572.3 10    1572.374 17            0         1572.336 17      -0.0021      0.002       0      0.000     0.00   1572.334    
     2      418.96           418.96  5    1991.311 28     1572.374 17       418.934 26       0.0258      0.516       1      0.266     0.14     418.96    
     3     1991.27  5         -----       1991.311 28            0         1991.250 28       0.0199      0.398       0      0.159     0.08    1991.27  5 
     4      356.66  9         -----       2347.785 17     1991.311 28       356.472 26       0.1881      2.090       2      4.368     2.25     356.66  9 
     5     775.398  6         -----       2347.785 17     1572.374 17       775.402  6      -0.0035      0.583       1      0.340     0.18    775.398  6 
     6     2347.69  2         -----       2347.785 17            0         2347.700 17      -0.0103      0.514       1      0.264     0.14    2347.69  2 
     7       368.5  4         -----       2716.994 23     2347.785 17       369.208 17      -0.7075      1.769       2      3.128     1.61      368.5  4 
     8       726.8            726.8  5    2716.994 23     1991.311 28       725.675 29       1.1247      2.249       2      5.060     2.61      726.8    
     9     1144.59  2         -----       2716.994 23     1572.374 17      1144.600 17      -0.0102      0.511       1      0.261     0.13    1144.59  2 
    10     2716.99 16         -----       2716.994 23            0         2716.881 23       0.1089      0.681       1      0.463     0.24    2716.99 16 
    11      221.65           221.65  5    2938.639 26     2716.994 23       221.644 25       0.0056      0.112       0      0.013     0.01     221.65    
    12      590.85           590.85  5    2938.639 26     2347.785 17       590.849 21       0.0007      0.013       0      0.000     0.00     590.85    
    13      947.30           947.30  5    2938.639 26     1991.311 28       947.315 29      -0.0148      0.295       0      0.087     0.04     947.30    
    14     1366.24          1366.24  5    2938.639 26     1572.374 17      1366.237 21       0.0032      0.064       0      0.004     0.00    1366.24    
    15     2938.56 11         -----       2938.639 26            0         2938.507 26       0.0530      0.482       0      0.233     0.12    2938.56 11 
    16         483              483  1     3420.97 21     2938.639 26        482.32 21       0.6774      0.677       1      0.459     0.24        483    
    17         703              703  1     3420.97 21     2716.994 23        703.96 21      -0.9637      0.964       1      0.929     0.48        703    
    18      1073.5           1073.5  5     3420.97 21     2347.785 17       1073.16 21       0.3368      0.674       1      0.454     0.23     1073.5    
    19      1429.6           1429.6  5     3420.97 21     1991.311 28       1429.62 21      -0.0234      0.047       0      0.002     0.00     1429.6    
    20      1848.6           1848.6  5     3420.97 21     1572.374 17       1848.54 21       0.0608      0.122       0      0.015     0.01     1848.6    
    21      3420.8           3420.8  5     3420.97 21            0          3420.79 21       0.0139      0.028       0      0.001     0.00     3420.8    
    22      619.23 19         -----       3558.079 25     2938.639 26       619.433 28      -0.2033      1.070       1      1.145     0.59     619.23 19 
    23     1210.28  4         -----       3558.079 25     2347.785 17      1210.271 20       0.0086      0.216       0      0.047     0.02    1210.28  4 
    24      1566.7  3         -----       3558.079 25     1991.311 28      1566.730 31      -0.0301      0.100       0      0.010     0.01     1566.7  3 
    25     1985.64          1985.64  5    3558.079 25     1572.374 17      1985.644 20      -0.0041      0.082       0      0.007     0.00    1985.64    
    26      3558.1  5         -----       3558.079 25            0         3557.885 25       0.2156      0.431       0      0.186     0.10     3558.1  5 
    27         658              658  1      3594.8  4     2938.639 26         656.2  4       1.8535      1.854       2      3.436     1.77        658    
    28         880              880  1      3594.8  4     2716.994 23         877.8  4       2.2136      2.214       2      4.900     2.53        880    
    29        1250             1250  1      3594.8  4     2347.785 17        1247.0  4       3.0161      3.016       3      9.097     4.69       1250    
    30        1601             1601  1      3594.8  4     1991.311 28        1603.4  4      -2.4422      2.442       2      5.964     3.08       1601    
    31        2020             2020  1      3594.8  4     1572.374 17        2022.4  4      -2.3557      2.356       2      5.550     2.86       2020    
    32        3592             3592  1      3594.8  4            0           3594.6  4      -2.5943      2.594       3      6.731     3.47       3592    
    33      243.89           243.89  5    3801.955 21     3558.079 25       243.876 22       0.0142      0.283       0      0.080     0.04     243.89    
    34      863.28 28         -----       3801.955 21     2938.639 26       863.305 25      -0.0245      0.087       0      0.008     0.00     863.28 28 
    35     1084.79 15         -----       3801.955 21     2716.994 23      1084.943 21      -0.1530      1.020       1      1.040     0.54    1084.79 15 
    36     1454.09  4         -----       3801.955 21     2347.785 17      1454.138 14      -0.0482      1.205       1      1.452     0.75    1454.09  4 
    37        1811             1811  1    3801.955 21     1991.311 28      1810.594 28       0.4058      0.406       0      0.165     0.08       1811    
    38    2229.510 16         -----       3801.955 21     1572.374 17      2229.505 14       0.0049      0.307       0      0.095     0.05   2229.510 16 
    39     3801.69  8         -----       3801.955 21            0         3801.734 21      -0.0437      0.547       1      0.299     0.15    3801.69  8 
    40       879.4            879.4  5     3818.10 21     2938.639 26        879.45 21      -0.0519      0.104       0      0.011     0.01      879.4    
    41      1101.1           1101.1  5     3818.10 21     2716.994 23       1101.09 21       0.0097      0.019       0      0.000     0.00     1101.1    
    42      1470.3           1470.3  5     3818.10 21     2347.785 17       1470.29 21       0.0147      0.029       0      0.001     0.00     1470.3    
    43      1826.7           1826.7  5     3818.10 21     1991.311 28       1826.74 21      -0.0411      0.082       0      0.007     0.00     1826.7    
    44      2245.7           2245.7  5     3818.10 21     1572.374 17       2245.65 21       0.0482      0.096       0      0.009     0.00     2245.7    
    45      3817.9           3817.9  5     3818.10 21            0          3817.88 21       0.0204      0.041       0      0.002     0.00     3817.9    
    46         464              464  1     3885.33 30      3420.97 21         464.4  4      -0.3589      0.359       0      0.129     0.07        464    
    47         950              950  1     3885.33 30     2938.639 26        946.68 30       3.3254      3.325       3     11.058     5.70        950    
    48        1167             1167  1     3885.33 30     2716.994 23       1168.31 30      -1.3125      1.313       1      1.723     0.89       1167    
    49      1537.5           1537.5  5     3885.33 30     2347.785 17       1537.51 30      -0.0068      0.014       0      0.000     0.00     1537.5    
    50        1894             1894  1     3885.33 30     1991.311 28       1893.96 30       0.0381      0.038       0      0.001     0.00       1894    
    51        2313             2313  1     3885.33 30     1572.374 17       2312.87 30       0.1283      0.128       0      0.016     0.01       2313    
    52        3886             3886  1     3885.33 30            0          3885.10 30       0.9037      0.904       1      0.817     0.42       3886    
    53        1541             1541  1      3890.5  6     2347.785 17        1542.7  6      -1.6520      1.652       2      2.729     1.41       1541    
    54        1899             1899  1      3890.5  6     1991.311 28        1899.1  6      -0.1070      0.107       0      0.011     0.01       1899    
    55        3892             3892  1      3890.5  6            0           3890.2  6       1.7589      1.759       2      3.094     1.60       3892    
    56        2031             2031  1      4022.4 10     1991.311 28        2031.0 10       0.0000      0.000       0      0.000     0.00       2031    
    57         470              470  1     4025.74 30     3558.079 25        467.66 30       2.3427      2.343       2      5.488     2.83        470    
    58         604              604  1     4025.74 30      3420.97 21         604.8  4      -0.7681      0.768       1      0.590     0.30        604    
    59        1090             1090  1     4025.74 30     2938.639 26       1087.08 30       2.9183      2.918       3      8.516     4.39       1090    
    60        1307             1307  1     4025.74 30     2716.994 23       1308.72 30      -1.7187      1.719       2      2.954     1.52       1307    
    61      1677.5           1677.5  5     4025.74 30     2347.785 17       1677.91 30      -0.4114      0.823       1      0.677     0.35     1677.5    
    62        2034             2034  1     4025.74 30     1991.311 28       2034.37 30      -0.3649      0.365       0      0.133     0.07       2034    
    63        2453             2453  1     4025.74 30     1572.374 17       2453.27 30      -0.2730      0.273       0      0.075     0.04       2453    
    64        4025             4025  1     4025.74 30            0          4025.49 30      -0.4908      0.491       1      0.241     0.12       4025    
    65         547              547  1     4106.63 30     3558.079 25        548.54 30      -1.5422      1.542       2      2.378     1.23        547    
    66         686              686  1     4106.63 30      3420.97 21         685.7  4       0.3474      0.347       0      0.121     0.06        686    
    67        1167             1167  1     4106.63 30     2938.639 26       1167.97 30      -0.9650      0.965       1      0.931     0.48       1167    
    68        1389             1389  1     4106.63 30     2716.994 23       1389.60 30      -0.6015      0.601       1      0.362     0.19       1389    
    69      1759.5           1759.5  5     4106.63 30     2347.785 17       1758.79 30       0.7068      1.414       1      1.998     1.03     1759.5    
    70        2116             2116  1     4106.63 30     1991.311 28       2115.25 30       0.7541      0.754       1      0.569     0.29       2116    
    71        2535             2535  1     4106.63 30     1572.374 17       2534.15 30       0.8471      0.847       1      0.718     0.37       2535    
    72      4105.3  8         -----        4106.63 30            0          4106.37 30      -1.0670      1.334       1      1.779     0.92     4105.3  8 
    73        1835             1835  1      4184.2  5     2347.785 17        1836.4  5      -1.4056      1.406       1      1.976     1.02       1835    
    74        2193             2193  1      4184.2  5     1991.311 28        2192.9  5       0.1426      0.143       0      0.020     0.01       2193    
    75        2611             2611  1      4184.2  5     1572.374 17        2611.8  5      -0.7635      0.763       1      0.583     0.30       2611    
    76        4186             4186  1      4184.2  5            0           4184.0  5       2.0264      2.026       2      4.106     2.12       4186    
    77         387              387  1    4189.276 20     3801.955 21       387.318 19      -0.3181      0.318       0      0.101     0.05        387    
    78         597              597  1    4189.276 20       3594.8  4         594.5  4       2.5222      2.522       3      6.362     3.28        597    
    79      631.32 24         -----       4189.276 20     3558.079 25       631.191 22       0.1290      0.538       1      0.289     0.15     631.32 24 
    80         768              768  1    4189.276 20      3420.97 21        768.30 21      -0.3010      0.301       0      0.091     0.05        768    
    81     1250.61  5         -----       4189.276 20     2938.639 26      1250.612 23      -0.0023      0.046       0      0.002     0.00    1250.61  5 
    82        1471             1471  1    4189.276 20     2716.994 23      1472.248 21      -1.2482      1.248       1      1.558     0.80       1471    
    83    1841.426 15         -----       4189.276 20     2347.785 17      1841.439 13      -0.0129      0.861       1      0.742     0.38   1841.426 15 
    84        2198             2198  1    4189.276 20     1991.311 28      2197.891 28       0.1093      0.109       0      0.012     0.01       2198    
    85     2616.87  3         -----       4189.276 20     1572.374 17      2616.797 13       0.0735      2.449       2      5.996     3.09    2616.87  3 
    86     4188.95  8         -----       4189.276 20            0         4189.007 20      -0.0564      0.705       1      0.497     0.26    4188.95  8 
    87        1953             1953  1      4302.6  7     2347.785 17        1954.7  7      -1.7203      1.720       2      2.960     1.53       1953    
    88        4304             4304  1      4302.6  7            0           4302.3  7       1.7202      1.720       2      2.959     1.53       4304    
    89         595              595  1     4477.64  7      3885.33 30        592.30 31       2.6972      2.697       3      7.275     3.75        595    
    90         678              678  1     4477.64  7     3801.955 21        675.67  7       2.3264      2.326       2      5.412     2.79        678    
    91         880              880  1     4477.64  7       3594.8  4         882.8  4      -2.8315      2.831       3      8.017     4.13        880    
    92         917              917  1     4477.64  7     3558.079 25        919.54  7      -2.5444      2.544       3      6.474     3.34        917    
    93        1059             1059  1     4477.64  7      3420.97 21       1056.65 22       2.3468      2.347       2      5.507     2.84       1059    
    94        1539             1539  1     4477.64  7     2938.639 26       1538.96  7       0.0398      0.040       0      0.002     0.00       1539    
    95     1760.55 11         -----        4477.64  7     2716.994 23       1760.59  7      -0.0440      0.400       0      0.160     0.08    1760.55 11 
    96        2130             2130  1     4477.64  7     2347.785 17       2129.78  7       0.2184      0.218       0      0.048     0.02       2130    
    97        2489             2489  1     4477.64  7     1991.311 28       2486.23  7       2.7698      2.770       3      7.672     3.96       2489    
    98      2905.1  4         -----        4477.64  7     1572.374 17       2905.13  7      -0.0324      0.081       0      0.007     0.00     2905.1  4 
    99        4480             4480  1     4477.64  7            0          4477.33  7       2.6715      2.672       3      7.137     3.68       4480    
   100     1101.37          1101.37  5    4903.347 23     3801.955 21      1101.373 22      -0.0032      0.063       0      0.004     0.00    1101.37    
   101     1345.25          1345.25  5    4903.347 23     3558.079 25      1345.241 24       0.0092      0.185       0      0.034     0.02    1345.25    
   102     1964.65          1964.65  5    4903.347 23     2938.639 26      1964.649 25       0.0015      0.030       0      0.001     0.00    1964.65    
   103     2186.29          2186.29  5    4903.347 23     2716.994 23      2186.280 23       0.0105      0.210       0      0.044     0.02    2186.29    
   104     2555.47          2555.47  5    4903.347 23     2347.785 17      2555.462 19       0.0078      0.156       0      0.024     0.01    2555.47    
   105     2911.89          2911.89  5    4903.347 23     1991.311 28      2911.906 28      -0.0162      0.323       0      0.104     0.05    2911.89    
   106     3330.81          3330.81  5    4903.347 23     1572.374 17      3330.803 19       0.0071      0.141       0      0.020     0.01    3330.81    
   107     4902.98          4902.98  5    4903.347 23            0         4902.978 23       0.0016      0.031       0      0.001     0.00    4902.98    
   108     1161.05 20         -----       4963.082 24     3801.955 21      1161.106 22      -0.0563      0.281       0      0.079     0.04    1161.05 20 
   109    1404.967 24         -----       4963.082 24     3558.079 25      1404.974 19      -0.0064      0.269       0      0.072     0.04   1404.967 24 
   110     2246.00          2246.00  5    4963.082 24     2716.994 23      2246.011 23      -0.0107      0.214       0      0.046     0.02    2246.00    
   111      2615.2  2         -----       4963.082 24     2347.785 17      2615.193 19       0.0072      0.036       0      0.001     0.00     2615.2  2 
   112      2972.0  4         -----       4963.082 24     1991.311 28      2971.636 31       0.3640      0.910       1      0.828     0.43     2972.0  4 
   113     3390.56  5         -----       4963.082 24     1572.374 17      3390.532 19       0.0280      0.560       1      0.314     0.16    3390.56  5 
   114     4962.84  8         -----       4963.082 24            0         4962.705 24       0.1352      1.690       2      2.856     1.47    4962.84  8 
   115      5752.0  8         -----         5752.5  8            0           5752.0  8       0.0000      0.000       0      0.000     0.00     5752.0  8 
   116     4268.65          4268.65  5     5841.30  5     1572.374 17       4268.65  5       0.0001      0.002       0      0.000     0.00    4268.65    
   117      6018.2  6         -----         6018.8  6            0           6018.2  6       0.0000      0.000       0      0.000     0.00     6018.2  6 
   118      3139.9  5         -----       6078.476 32     2938.639 26      3139.685 35       0.2147      0.429       0      0.184     0.10     3139.9  5 
   119     6077.87 11         -----       6078.476 32            0         6077.909 32      -0.0391      0.356       0      0.127     0.07    6077.87 11 
   120      6293.2  4         -----        6293.93  6            0          6293.32  6      -0.1208      0.302       0      0.091     0.05     6293.2  4 
   121      6355.0  6         -----        6354.89 23            0          6354.27 23       0.7308      1.218       1      1.483     0.76     6355.0  6 
   122      6419.3 11         -----         6419.9 11            0           6419.3 11       0.0000      0.000       0      0.000     0.00     6419.3 11 
   123      6628.5  6         -----        6629.43  9            0          6628.76  9      -0.2561      0.427       0      0.182     0.09     6628.5  6 
   124      6760.3 12         -----         6761.0 12            0           6760.3 12       0.0000      0.000       0      0.000     0.00     6760.3 12 
   125      356.66  9         -----       6986.098 24      6629.43  9        356.67  9      -0.0058      0.064       0      0.004     0.00     356.66  9 
   126      631.32 24         -----       6986.098 24      6354.89 23        631.20 22       0.1169      0.487       0      0.237     0.12     631.32 24 
   127      692.16  5         -----       6986.098 24      6293.93  6        692.16  5      -0.0019      0.038       0      0.001     0.00     692.16  5 
   128     907.608 23         -----       6986.098 24     6078.476 32       907.609 23      -0.0013      0.055       0      0.003     0.00    907.608 23 
   129    2022.954  9         -----       6986.098 24     4963.082 24      2022.953  9       0.0015      0.161       0      0.026     0.01   2022.954  9 
   130     2082.72  7         -----       6986.098 24     4903.347 23      2082.684 24       0.0359      0.514       1      0.264     0.14    2082.72  7 
   131     2508.39  8         -----       6986.098 24      4477.64  7       2508.37  6       0.0247      0.308       0      0.095     0.05    2508.39  8 
   132     2796.73  4         -----       6986.098 24     4189.276 20      2796.702 21       0.0280      0.700       1      0.489     0.25    2796.73  4 
   133     3183.84  9         -----       6986.098 24     3801.955 21      3183.987 22      -0.1467      1.630       2      2.658     1.37    3183.84  9 
   134     4268.64 14         -----       6986.098 24     2716.994 23      4268.824 23      -0.1837      1.312       1      1.722     0.89    4268.64 14 
   135     4637.87  8         -----       6986.098 24     2347.785 17      4637.983 20      -0.1129      1.411       1      1.991     1.03    4637.87  8 
   136      6985.7 10         -----       6986.098 24            0         6985.349 24       0.3509      0.351       0      0.123     0.06     6985.7 10 
                                                                                                                 chi2=    193.927
                                                                                                             chi2/dof=      1.847
--------------------------------------------------------------------------------------------------------------------------------------------------------
NOTE: * at initial level indicates level fixed in the fitting.
      ## in #sigma column marks number of sigma>=4.
      Quoted level energies are from fit.
      #sigma=round(Diff/dEG), by which the input EG differs from the fitted one.
      dEG=1 keV is assigned if not given, unless otherwise specified at the end of each gamma line.


#of Levels= 141      #of fixed Levels= 110      #of Gammas in fitting= 136
Degrees of Freedom (dof)= 105
    Chi2= 193.9273
Chi2/dof= 1.8469
(critical Chi2/dof= 1.3460)

*** Warning: Chi2/dof greater than critical value= 1.3460 ***
    The following input EG values differ by 3 or more sigma from fitted ones:
    Try increasing uncertainties for some of them to improve the fitting.

        Input EG     EG from fit   Initial Level  #sigma
 --------------- --------------- --------------- -------
         1250          1247.0  4       3594.8  4       3
         3592          3594.6  4       3594.8  4       3
          950          946.68 30       3885.3  4       3
         1090         1087.08 30       4025.9  4       3
          597           594.5  4     4189.280 21       3
          595          592.30 31      4477.64  7       3
          880           882.8  4      4477.64  7       3
          917          919.54  7      4477.64  7       3
         2489         2486.23  7      4477.64  7       3
         4480         4477.33  7      4477.64  7       3





List of gammas with uncertainty in RI being adjusted:
-----------------------------------------------
  E(gamma)   E(level)            RI            
                      -------------------------
                          Original     Adjusted
-----------------------------------------------
  1572.334   1572.378       100          100  0
    418.96    1991.28         2 LT       1.0 10
   1991.27    1991.28       100          100  0
     368.5    2717.00         5          5.0 10
     726.8    2717.00         5 LT       2.5 25
   1144.59    2717.00         5 LT       2.5 25
   2716.99    2717.00       100          100  0
    221.65    2938.64         2 LT       1.0 10
    590.85    2938.64         2 LT       1.0 10
    947.30    2938.64         2 LT       1.0 10
   1366.24    2938.64         2 LT       1.0 10
   2938.56    2938.64       100          100  0
       483     3421.1         4 LT       2.0 20
       703     3421.1         6 LT       3.0 30
    1073.5     3421.1         7 LT       3.5 35
    1429.6     3421.1        30 LT        15 15
    1848.6     3421.1         7 LT       3.5 35
    3420.8     3421.1       100          100  0
   1985.64    3558.09         9 LT         5  5
       658     3594.8        10 LT         5  5
       880     3594.8        11 LT         6  6
      1250     3594.8        15 LT         8  8
      1601     3594.8        17 LT         9  9
      2020     3594.8        17 LT         9  9
      3592     3594.8       100          100  0
    243.89   3801.958       0.6 LT      0.30 30
      1811   3801.958       1.0 LT       0.5  5
     879.4     3818.1         2 LT       1.0 10
    1101.1     3818.1         2 LT       1.0 10
    1470.3     3818.1         2 LT       1.0 10
    1826.7     3818.1       100          100  0
    2245.7     3818.1         2 LT       1.0 10
    3817.9     3818.1         2 LT       1.0 10
       464     3885.3        30 LT        15 15
       950     3885.3        12 LT         6  6
      1167     3885.3        15 LT         8  8
    1537.5     3885.3        18 LT         9  9
      1894     3885.3       100          100  0
      2313     3885.3        16 LT         8  8
      2031     4022.3       100          100  0
       470     4025.9        14 LT         7  7
       604     4025.9        28 LT        14 14
      1307     4025.9        22 LT        11 11
      2034     4025.9        28 LT        14 14
      4025     4025.9        13 LT         7  7
       547     4106.4         5 LT       2.5 25
       686     4106.4         5 LT       2.5 25
      1389     4106.4        11 LT         6  6
    1759.5     4106.4         6 LT       3.0 30
      2116     4106.4         8 LT         4  4
      2535     4106.4         6 LT       3.0 30
       387   4189.280         8 LT         4  4
       597   4189.280         8 LT         4  4
       768   4189.280         8 LT         4  4
      1471   4189.280        10 LT         5  5
      2198   4189.280        15 LT         8  8
       595    4477.64         8 LT         4  4
       678    4477.64         8 LT         4  4
       880    4477.64         8 LT         4  4
       917    4477.64         8 LT         4  4
      1059    4477.64        16 LT         8  8
      1539    4477.64        12 LT         6  6
      2130    4477.64        13 LT         7  7
   1345.25    4903.32       0.6 LT      0.30 30
   2911.89    4903.32       0.6 LT      0.30 30
   2246.00    4963.09       0.6 LT      0.30 30
    5752.0     5752.5       100          100  0
   4268.65     5841.3       100          100  0
    6018.2     6018.8       100          100  0
    6293.2    6293.93       100          100  0
    6355.0    6354.89       100          100  0
    6419.3     6419.9       100          100  0
    6628.5    6629.43       100          100  0
    6760.3     6761.0       100          100  0
-----------------------------------------------


##########################################################################################
        GTOL report for dataset: << 35P B- DECAY (47.3 S) >>
##########################################################################################


-------------------------------------------------------------------------------------------------------------------
                 Level Energies From Input (old), Fitting (new), and Adjustments for uncertainties                 
-------------------------------------------------------------------------------------------------------------------
#Level  old           Input        From fit       After adding dE of base levels:          Has Gamma:        Fixed 
        kept                      (original)       metastable    fixed("G")/other     Deexciting  Feeding     Type 
------ ------ --------------- ---------------    --------------- ----------------     ---------- ----------  ------
     1  kept             0               0    *         -----            -----           ---        Yes        D   
     2  kept      1572.290 29     1572.290 29           -----            -----           Yes         No       ---  
     3  kept        2938.4  4       2938.4  4           -----            -----           Yes        ---       ---  
-------------------------------------------------------------------------------------------------------------------
NOTE: --- indicates Not Applicable.
        * indicates level fixed in fitting.
        & from original uncertainty adjusted based on input settings.
        # non-numerical uncertainty is from fitting gammas or end-level.
      Quoted values under "From fit" for fixed levels are taken from their input values.
      Fixed Type="A": assumed fixed by GTOL for level not connected to any level; not used in the fitting.
                ="D": assumed fixed by GTOL for meta-stable level, with %(all decay modes but IT)>99.75;
                      uncertainty will be added after fitting (1st level always this type by default).
                ="S": assumed fixed by GTOL for level which causes singular matrix problem; uncertainty=0 assumed.
                ="F": energy is fixed and uncertainty=0 assumed for fitting.
                ="G": energy is fixed in fitting and uncertainty will be added after fitting.
           Only type "F" and "G" are set by user by inserting the type letter in the energy field (col 10-20).



--------------------------------------------------------------------------------------------------------------------------------------------------------
                                                            Input and fitted Gamma Energies                                                             
#Gamma        Input EG    Adjusted dEG   Initial Level     Final Level     EG From fit   Difference   Diff/dEG  #sigma       Chi2    %Chi2      Input EG
--------------------------------------------------------------------------------------------------------------------------------------------------------
     1    1572.252 29         -----       1572.290 29            0         1572.252 29       0.0000      0.000       0      0.000     0.00   1572.252 29 
     2     2938.29 40         -----         2938.4  4            0           2938.3  4       0.0000      0.000       0      0.000     0.00    2938.29 40 
                                                                                                                 chi2=      0.000
                                                                                                             chi2/dof=      0.000
--------------------------------------------------------------------------------------------------------------------------------------------------------
NOTE: * at initial level indicates level fixed in the fitting.
      ## in #sigma column marks number of sigma>=4.
      Quoted level energies are from fit.
      #sigma=round(Diff/dEG), by which the input EG differs from the fitted one.
      dEG=1 keV is assigned if not given, unless otherwise specified at the end of each gamma line.



-----------------------------------------------------------------------------------------------------------------
                     Calculated Net Feeding from (gamma+ce) Intensity Balance at Each Level                      
-----------------------------------------------------------------------------------------------------------------
         Level        RI           RI         RI          TI           TI         TI          Net Feeding (%)  
                     (OUT)        (IN)       (NET)       (OUT)        (IN)       (NET)        CALC*       INPUT
-----------------------------------------------------------------------------------------------------------------
          0           0     100.476 30 -100.476 30        0     100.476 30-100.476 30        -100 20     0.73 LT
   1572.290 29      100           0         100         100           0        100             99        99.2   
     2938.4  4    0.476 30        0       0.476 30    0.476 30        0      0.476 30        0.47        0.47   

                                                                      Sum of Feedings=        99.7       100 20
-----------------------------------------------------------------------------------------------------------------
From input:
  NR=  0.992       For normalizing RI to per 100 parent decays via this branch
  NT=              For normalizing TI to per 100 parent decays via this branch
  BR=    1.0       Branching ratio of this decay branch among all decay branches
  NB=    1.0       For normalizing IB to per 100 parent decays via this branch

* Calculated feedings are based on input NR. Uncertainties could be over-counted for gammas used in
    normalization to deduce NR.
  More accurate level feedings could be obtained directly from the normalization process for deducing NR
    where correlations are taken into account. See the table of level feedings in Java_GABS.rpt.


List of gammas with uncertainty in RI being adjusted:
-----------------------------------------------
  E(gamma)   E(level)            RI            
                      -------------------------
                          Original     Adjusted
-----------------------------------------------
  1572.252   1572.290       100          100  0
-----------------------------------------------


##########################################################################################
        GTOL report for dataset: << 2H(34S,PG) >>
##########################################################################################


-------------------------------------------------------------------------------------------------------------------
                 Level Energies From Input (old), Fitting (new), and Adjustments for uncertainties                 
-------------------------------------------------------------------------------------------------------------------
#Level  old           Input        From fit       After adding dE of base levels:          Has Gamma:        Fixed 
        kept                      (original)       metastable    fixed("G")/other     Deexciting  Feeding     Type 
------ ------ --------------- ---------------    --------------- ----------------     ---------- ----------  ------
     1  kept             0               0    *         -----            -----           ---        Yes        D   
     2                1574          1574.0 10           -----            -----           Yes        Yes       ---  
     3                2350          2350.1 14           -----            -----           Yes        ---       ---  
-------------------------------------------------------------------------------------------------------------------
NOTE: --- indicates Not Applicable.
        * indicates level fixed in fitting.
        & from original uncertainty adjusted based on input settings.
        # non-numerical uncertainty is from fitting gammas or end-level.
      Quoted values under "From fit" for fixed levels are taken from their input values.
      Fixed Type="A": assumed fixed by GTOL for level not connected to any level; not used in the fitting.
                ="D": assumed fixed by GTOL for meta-stable level, with %(all decay modes but IT)>99.75;
                      uncertainty will be added after fitting (1st level always this type by default).
                ="S": assumed fixed by GTOL for level which causes singular matrix problem; uncertainty=0 assumed.
                ="F": energy is fixed and uncertainty=0 assumed for fitting.
                ="G": energy is fixed in fitting and uncertainty will be added after fitting.
           Only type "F" and "G" are set by user by inserting the type letter in the energy field (col 10-20).



--------------------------------------------------------------------------------------------------------------------------------------------------------
                                                            Input and fitted Gamma Energies                                                             
#Gamma        Input EG    Adjusted dEG   Initial Level     Final Level     EG From fit   Difference   Diff/dEG  #sigma       Chi2    %Chi2      Input EG
--------------------------------------------------------------------------------------------------------------------------------------------------------
     1        1574             1574  1      1574.0 10            0           1574.0 10       0.0000      0.000       0      0.000     0.00       1574    
     2         776              776  1      2350.1 14       1574.0 10         776.0 10       0.0000      0.000       0      0.000     0.00        776    
                                                                                                                 chi2=      0.000
                                                                                                             chi2/dof=      0.000
--------------------------------------------------------------------------------------------------------------------------------------------------------
NOTE: * at initial level indicates level fixed in the fitting.
      ## in #sigma column marks number of sigma>=4.
      Quoted level energies are from fit.
      #sigma=round(Diff/dEG), by which the input EG differs from the fitted one.
      dEG=1 keV is assigned if not given, unless otherwise specified at the end of each gamma line.






##########################################################################################
        GTOL report for dataset: << 9BE(36S,35SG) >>
##########################################################################################


-------------------------------------------------------------------------------------------------------------------
                 Level Energies From Input (old), Fitting (new), and Adjustments for uncertainties                 
-------------------------------------------------------------------------------------------------------------------
#Level  old           Input        From fit       After adding dE of base levels:          Has Gamma:        Fixed 
        kept                      (original)       metastable    fixed("G")/other     Deexciting  Feeding     Type 
------ ------ --------------- ---------------    --------------- ----------------     ---------- ----------  ------
     1  kept           0.0             0.0    *         -----            -----           ---        Yes        D   
     2  kept          1575  2       1575.4 16           -----             1575  2 &      Yes        Yes       ---  
     3  kept          1991  2       1990.6 17           -----             1991  2 &      Yes        Yes       ---  
     4  kept          2353  2       2352.7 16           -----             2353  2 &      Yes        Yes       ---  
     5  kept          2720  2       2719.6 17           -----             2720  2 &      Yes        Yes       ---  
     6  kept          2943  2       2943.1 20           -----             2943  2 &      Yes         No       ---  
     7  kept          3425  2       3425.2 20           -----             3425  2 &      Yes         No       ---  
     8  kept          3602  2       3602.2 20           -----             3602  2 &      Yes         No       ---  
     9  kept          3821  3       3820.6 27           -----             3821  3 &      Yes         No       ---  
    10  kept          3895  3       3894.8 26           -----             3895  3 &      Yes         No       ---  
    11  kept          4028  2       4028.1 20           -----             4028  2 &      Yes        ---       ---  
-------------------------------------------------------------------------------------------------------------------
NOTE: --- indicates Not Applicable.
        * indicates level fixed in fitting.
        & from original uncertainty adjusted based on input settings.
        # non-numerical uncertainty is from fitting gammas or end-level.
      Quoted values under "From fit" for fixed levels are taken from their input values.
      Fixed Type="A": assumed fixed by GTOL for level not connected to any level; not used in the fitting.
                ="D": assumed fixed by GTOL for meta-stable level, with %(all decay modes but IT)>99.75;
                      uncertainty will be added after fitting (1st level always this type by default).
                ="S": assumed fixed by GTOL for level which causes singular matrix problem; uncertainty=0 assumed.
                ="F": energy is fixed and uncertainty=0 assumed for fitting.
                ="G": energy is fixed in fitting and uncertainty will be added after fitting.
           Only type "F" and "G" are set by user by inserting the type letter in the energy field (col 10-20).



--------------------------------------------------------------------------------------------------------------------------------------------------------
                                                            Input and fitted Gamma Energies                                                             
#Gamma        Input EG    Adjusted dEG   Initial Level     Final Level     EG From fit   Difference   Diff/dEG  #sigma       Chi2    %Chi2      Input EG
--------------------------------------------------------------------------------------------------------------------------------------------------------
     1        1576  2         -----           1575  2          0.0           1575.4 16       0.6541      0.327       0      0.107    18.61       1576  2 
     2        1990  2         -----           1991  2          0.0           1990.5 17      -0.5038      0.252       0      0.063    11.04       1990  2 
     3         778  2         -----           2353  2         1575  2         777.4 16       0.6542      0.327       0      0.107    18.61        778  2 
     4        2352  2         -----           2353  2          0.0           2352.7 16      -0.6541      0.327       0      0.107    18.61       2352  2 
     5        2720  2         -----           2720  2          0.0           2719.5 17       0.5038      0.252       0      0.063    11.04       2720  2 
     6        2943  2         -----           2943  2          0.0           2943.0 20       0.0000      0.000       0      0.000     0.00       2943  2 
     7        3425  2         -----           3425  2          0.0           3425.0 20       0.0000      0.000       0      0.000     0.00       3425  2 
     8        3602  2         -----           3602  2          0.0           3602.0 20       0.0000      0.000       0      0.000     0.00       3602  2 
     9        1830  2         -----           3821  3         1991  2        1830.0 20       0.0000      0.000       0      0.000     0.00       1830  2 
    10        1542  2         -----           3895  3         2353  2        1542.0 20      -0.0000      0.000       0      0.000     0.00       1542  2 
    11        1309  2         -----           4028  2         2720  2        1308.5 17       0.5038      0.252       0      0.063    11.04       1309  2 
    12        2037  2         -----           4028  2         1991  2        2037.5 17      -0.5038      0.252       0      0.063    11.04       2037  2 
                                                                                                                 chi2=      0.575
                                                                                                             chi2/dof=      0.287
--------------------------------------------------------------------------------------------------------------------------------------------------------
NOTE: * at initial level indicates level fixed in the fitting.
      ## in #sigma column marks number of sigma>=4.
      Quoted level energies are from fit.
      #sigma=round(Diff/dEG), by which the input EG differs from the fitted one.
      dEG=1 keV is assigned if not given, unless otherwise specified at the end of each gamma line.


#of Levels= 11      #of fixed Levels= 1      #of Gammas in fitting= 12
Degrees of Freedom (dof)= 2
    Chi2= 0.5748
Chi2/dof= 0.2874
(critical Chi2/dof= 4.6050)





##########################################################################################
        GTOL report for dataset: << 24MG(14N,3PG) >>
##########################################################################################


-------------------------------------------------------------------------------------------------------------------
                 Level Energies From Input (old), Fitting (new), and Adjustments for uncertainties                 
-------------------------------------------------------------------------------------------------------------------
#Level  old           Input        From fit       After adding dE of base levels:          Has Gamma:        Fixed 
        kept                      (original)       metastable    fixed("G")/other     Deexciting  Feeding     Type 
------ ------ --------------- ---------------    --------------- ----------------     ---------- ----------  ------
     1  kept           0.0             0.0    *         -----            -----           ---        Yes        D   
     2  kept        1572.5  3      1572.45 26           -----           1572.5  3 &      Yes        Yes       ---  
     3  kept        1991.4  2      1991.37 19           -----           1991.4  2 &      Yes        Yes       ---  
     4  kept        2347.9  3      2347.88 25           -----           2347.9  3 &      Yes        Yes       ---  
     5  kept        2717.1  3      2717.11 33           -----           2717.1  3 &      Yes        Yes       ---  
     6  kept        3594.7  3      3594.73 29           -----           3594.7  3 &      Yes        Yes       ---  
     7  kept        3816.0  3      3816.04 24           -----           3816.0  3 &      Yes        Yes       ---  
     8  kept        3886.4  4       3886.4  4           -----            -----           Yes        Yes       ---  
     9  kept        4023.2  3      4023.19 27           -----           4023.2  3 &      Yes        Yes       ---  
    10  kept        4822.9  3      4822.90 26           -----           4822.9  3 &      Yes        Yes       ---  
    11  kept        4899.7  4      4899.74 34           -----           4899.7  4 &      Yes        Yes       ---  
    12  kept        5010.2  3      5010.16 31           -----           5010.2  3 &      Yes        Yes       ---  
    13  kept        5412.2  3      5412.24 31           -----           5412.2  3 &      Yes        Yes       ---  
    14  kept        5877.6  3      5877.55 25           -----           5877.6  3 &      Yes        Yes       ---  
    15  kept        6299.4  4       6299.4  4           -----            -----           Yes        Yes       ---  
    16  kept        6352.2  5       6352.2  5           -----            -----           Yes        Yes       ---  
    17  kept        7179.8  3      7179.77 31           -----           7179.8  3 &      Yes        Yes       ---  
    18  kept        8023.7  9       8023.7  9           -----            -----           Yes        ---       ---  
-------------------------------------------------------------------------------------------------------------------
NOTE: --- indicates Not Applicable.
        * indicates level fixed in fitting.
        & from original uncertainty adjusted based on input settings.
        # non-numerical uncertainty is from fitting gammas or end-level.
      Quoted values under "From fit" for fixed levels are taken from their input values.
      Fixed Type="A": assumed fixed by GTOL for level not connected to any level; not used in the fitting.
                ="D": assumed fixed by GTOL for meta-stable level, with %(all decay modes but IT)>99.75;
                      uncertainty will be added after fitting (1st level always this type by default).
                ="S": assumed fixed by GTOL for level which causes singular matrix problem; uncertainty=0 assumed.
                ="F": energy is fixed and uncertainty=0 assumed for fitting.
                ="G": energy is fixed in fitting and uncertainty will be added after fitting.
           Only type "F" and "G" are set by user by inserting the type letter in the energy field (col 10-20).



--------------------------------------------------------------------------------------------------------------------------------------------------------
                                                            Input and fitted Gamma Energies                                                             
#Gamma        Input EG    Adjusted dEG   Initial Level     Final Level     EG From fit   Difference   Diff/dEG  #sigma       Chi2    %Chi2      Input EG
--------------------------------------------------------------------------------------------------------------------------------------------------------
     1      1572.4  3         -----         1572.5  3          0.0          1572.41 26      -0.0114      0.038       0      0.001     0.07     1572.4  3 
     2      1991.3  2         -----         1991.4  2          0.0          1991.31 19      -0.0115      0.058       0      0.003     0.16     1991.3  2 
     3       775.4  4         -----         2347.9  3       1572.5  3        775.42 29      -0.0202      0.050       0      0.003     0.12      775.4  4 
     4      2347.8  3         -----         2347.9  3          0.0          2347.79 25       0.0058      0.019       0      0.000     0.02     2347.8  3 
     5      2717.0  4         -----         2717.1  3          0.0          2717.00 33      -0.0004      0.001       0      0.000     0.00     2717.0  4 
     6       877.6  5         -----         3594.7  3       2717.1  3         877.6  4      -0.0006      0.001       0      0.000     0.00      877.6  5 
     7      3594.7  7         -----         3594.7  3          0.0          3594.53 29       0.1721      0.246       0      0.060     2.94     3594.7  7 
     8      1824.6  2         -----         3816.0  3       1991.4  2       1824.62 16      -0.0205      0.102       0      0.010     0.51     1824.6  2 
     9      1538.4  8         -----         3886.4  4       2347.9  3        1538.4  4      -0.0393      0.049       0      0.002     0.12     1538.4  8 
    10      1894.9  4         -----         3886.4  4       1991.4  2       1894.93 34      -0.0269      0.067       0      0.005     0.22     1894.9  4 
    11       207.0  5         -----         4023.2  3       3816.0  3        207.15 21      -0.1452      0.290       0      0.084     4.10      207.0  5 
    12      2031.8  3         -----         4023.2  3       1991.4  2       2031.75 20       0.0459      0.153       0      0.023     1.14     2031.8  3 
    13      1006.8  2         -----         4822.9  3       3816.0  3       1006.84 17      -0.0371      0.186       0      0.034     1.67     1006.8  2 
    14      1228.1  3         -----         4822.9  3       3594.7  3       1228.15 23      -0.0475      0.158       0      0.025     1.22     1228.1  3 
    15      2831.4  9         -----         4822.9  3       1991.4  2       2831.40 21      -0.0013      0.001       0      0.000     0.00     2831.4  9 
    16      1304.8 12         -----         4899.7  4       3594.7  3       1304.99 34      -0.1883      0.157       0      0.025     1.20     1304.8 12 
    17      2908.3  5         -----         4899.7  4       1991.4  2       2908.24 29       0.0617      0.123       0      0.015     0.74     2908.3  5 
    18       986.9  3         -----         5010.2  3       4023.2  3        986.95 23      -0.0510      0.170       0      0.029     1.41      986.9  3 
    19      3018.5  7         -----         5010.2  3       1991.4  2       3018.64 26      -0.1436      0.205       0      0.042     2.05     3018.5  7 
    20      1389.0  4         -----         5412.2  3       4023.2  3       1389.02 25      -0.0176      0.044       0      0.002     0.09     1389.0  4 
    21      1525.7  8         -----         5412.2  3       3886.4  4        1525.9  4      -0.1469      0.184       0      0.034     1.64     1525.7  8 
    22      3420.6  9         -----         5412.2  3       1991.4  2       3420.69 26      -0.0850      0.094       0      0.009     0.43     3420.6  9 
    23       465.3  3         -----         5877.6  3       5412.2  3        465.30 23      -0.0044      0.015       0      0.000     0.01      465.3  3 
    24       867.3  3         -----         5877.6  3       5010.2  3        867.38 23      -0.0774      0.258       0      0.067     3.24      867.3  3 
    25       977.8  3         -----         5877.6  3       4899.7  4        977.79 26       0.0104      0.035       0      0.001     0.06      977.8  3 
    26      1054.5  3         -----         5877.6  3       4822.9  3       1054.63 19      -0.1311      0.437       0      0.191     9.29     1054.5  3 
    27      1854.4  4         -----         5877.6  3       4023.2  3       1854.30 19       0.0979      0.245       0      0.060     2.91     1854.4  4 
    28      2061.5  3         -----         5877.6  3       3816.0  3       2061.44 18       0.0644      0.215       0      0.046     2.24     2061.5  3 
    29      2282.9  4         -----         5877.6  3       3594.7  3       2282.74 24       0.1611      0.403       0      0.162     7.89     2282.9  4 
    30      3886.0 13         -----         5877.6  3       1991.4  2       3885.94 19       0.0593      0.046       0      0.002     0.10     3886.0 13 
    31       887.0  7         -----         6299.4  4       5412.2  3        887.19 35      -0.1938      0.277       0      0.077     3.73      887.0  7 
    32      2275.9  6         -----         6299.4  4       4023.2  3       2276.17 32      -0.2737      0.456       0      0.208    10.12     2275.9  6 
    33      2483.6  8         -----         6299.4  4       3816.0  3       2483.30 33       0.2957      0.370       0      0.137     6.65     2483.6  8 
    34      2329.5  9         -----         6352.2  5       4023.2  3        2328.9  5       0.6112      0.679       1      0.461    22.43     2329.5  9 
    35      2535.8 11         -----         6352.2  5       3816.0  3        2536.0  5      -0.2192      0.199       0      0.040     1.93     2535.8 11 
    36       827.8  6         -----         7179.8  3       6352.2  5         827.6  5       0.2064      0.344       0      0.118     5.76      827.8  6 
    37       880.2  4         -----         7179.8  3       6299.4  4        880.31 30      -0.1110      0.278       0      0.077     3.75      880.2  4 
    38      1302.2  2         -----         7179.8  3       5877.6  3       1302.20 19       0.0048      0.024       0      0.001     0.03     1302.2  2 
    39       843.9  8         -----         8023.7  9       7179.8  3         843.9  8      -0.0000      0.000       0      0.000     0.00      843.9  8 
                                                                                                                 chi2=      2.056
                                                                                                             chi2/dof=      0.093
--------------------------------------------------------------------------------------------------------------------------------------------------------
NOTE: * at initial level indicates level fixed in the fitting.
      ## in #sigma column marks number of sigma>=4.
      Quoted level energies are from fit.
      #sigma=round(Diff/dEG), by which the input EG differs from the fitted one.
      dEG=1 keV is assigned if not given, unless otherwise specified at the end of each gamma line.


#of Levels= 18      #of fixed Levels= 1      #of Gammas in fitting= 39
Degrees of Freedom (dof)= 22
    Chi2= 2.0558
Chi2/dof= 0.0934
(critical Chi2/dof= 1.8310)


-----------------------------------------------------------------------------------------------------------------
                     Calculated Net Feeding from (gamma+ce) Intensity Balance at Each Level                      
-----------------------------------------------------------------------------------------------------------------
         Level        RI           RI         RI          TI           TI         TI          Net Feeding (%)  
                     (OUT)        (IN)       (NET)       (OUT)        (IN)       (NET)        CALC*       INPUT
-----------------------------------------------------------------------------------------------------------------
        0.0           0         110  6     -110  6        0         110  6    -110  6        -110  6            
     1572.5  3      1.4  4     1.40 20      0.0  6      1.4  4     1.40 20     0.0  6         0.0  6            
     1991.4  2      100  6      100  4        0  8      100  6      100  4       0  8           0  8            
     2347.9  3      5.2  4     0.50 20      4.7  6      5.2  4     0.50 20     4.7  6         4.7  6            
     2717.1  3     0.50 30     0.40 10      0.1  4     0.50 30     0.40 10     0.1  4         0.1  4            
     3594.7  3      4.7  4     4.30 25      0.4  5      4.7  4     4.30 25     0.4  5         0.4  5            
     3816.0  3     24.9 15      7.7  4     17.2 16     24.9 15      7.7  4    17.2 16        17.2 16            
     3886.4  4      2.6  4     0.60 10      2.0  5      2.6  4     0.60 10     2.0  5         2.0  5            
     4023.2  3       68  4     14.6  9       54  4       68  4     14.6  9      54  4          54  4            
     4822.9  3     2.30 17     3.00 20    -0.70 27     2.30 17     3.00 20   -0.70 27       -0.70 27            
     4899.7  4     1.70 28     1.60 10      0.1  4     1.70 28     1.60 10     0.1  4         0.1  4            
     5010.2  3     6.30 28     1.90 10     4.40 30     6.30 28     1.90 10    4.40 30        4.40 30            
     5412.2  3      5.6  4     1.60 14      4.0  5      5.6  4     1.60 14     4.0  5         4.0  5            
     5877.6  3     16.1  4     13.5  8      2.6  9     16.1  4     13.5  8     2.6  9         2.6  9            
     6299.4  4     2.30 30     0.80 10      1.5  4     2.30 30     0.80 10     1.5  4         1.5  4            
     6352.2  5      5.4  7     0.30 10      5.1  8      5.4  7     0.30 10     5.1  8         5.1  8            
     7179.8  3     14.6  8     1.60 20     13.0 10     14.6  8     1.60 20    13.0 10        13.0 10            
     8023.7  9     1.60 20        0        1.60 20     1.60 20        0       1.60 20        1.60 20            

                                                                      Sum of Feedings=        111 9         0 0
-----------------------------------------------------------------------------------------------------------------
From input:
  NR=              For normalizing RI to per 100 parent decays via this branch
  NT=              For normalizing TI to per 100 parent decays via this branch
  BR=              Branching ratio of this decay branch among all decay branches
  NB=              For normalizing IB to per 100 parent decays via this branch

* Calculated feedings are based on input NR. Uncertainties could be over-counted for gammas used in
    normalization to deduce NR.
  More accurate level feedings could be obtained directly from the normalization process for deducing NR
    where correlations are taken into account. See the table of level feedings in Java_GABS.rpt.




##########################################################################################
        GTOL report for dataset: << 26MG(18O,2ANG) >>
##########################################################################################


-------------------------------------------------------------------------------------------------------------------
                 Level Energies From Input (old), Fitting (new), and Adjustments for uncertainties                 
-------------------------------------------------------------------------------------------------------------------
#Level  old           Input        From fit       After adding dE of base levels:          Has Gamma:        Fixed 
        kept                      (original)       metastable    fixed("G")/other     Deexciting  Feeding     Type 
------ ------ --------------- ---------------    --------------- ----------------     ---------- ----------  ------
     1  kept           0.0             0.0    *         -----            -----           ---        Yes        D   
     2  kept        1990.6  4       1990.6  4           -----            -----           Yes        Yes       ---  
     3  kept        3594.2  7       3594.2  7           -----            -----           Yes        Yes       ---  
     4  kept        3815.0  6       3815.0  6           -----            -----           Yes        Yes       ---  
     5  kept        4023.1  5       4023.1  5           -----            -----           Yes        Yes       ---  
     6  kept        4822.4  6       4822.4  6           -----            -----           Yes        Yes       ---  
     7  kept        4899.6  7       4899.6  7           -----            -----           Yes        Yes       ---  
     8  kept        5009.8  6       5009.8  6           -----            -----           Yes        Yes       ---  
     9  kept        5412.4  6       5412.4  6           -----            -----           Yes        Yes       ---  
    10  kept        5878.0  6       5878.0  6           -----            -----           Yes        Yes       ---  
    11  kept        7179.6  7       7179.6  7           -----            -----           Yes        Yes       ---  
    12  kept        8023.9  9       8023.9  9           -----            -----           Yes        Yes       ---  
    13  kept        8755.7 13       8755.7 13           -----            -----           Yes         No       ---  
    14  kept       10048.4 10      10048.4 10           -----            -----           Yes        Yes       ---  
    15  kept       12469.1 15      12469.1 15           -----            -----           Yes        ---       ---  
-------------------------------------------------------------------------------------------------------------------
NOTE: --- indicates Not Applicable.
        * indicates level fixed in fitting.
        & from original uncertainty adjusted based on input settings.
        # non-numerical uncertainty is from fitting gammas or end-level.
      Quoted values under "From fit" for fixed levels are taken from their input values.
      Fixed Type="A": assumed fixed by GTOL for level not connected to any level; not used in the fitting.
                ="D": assumed fixed by GTOL for meta-stable level, with %(all decay modes but IT)>99.75;
                      uncertainty will be added after fitting (1st level always this type by default).
                ="S": assumed fixed by GTOL for level which causes singular matrix problem; uncertainty=0 assumed.
                ="F": energy is fixed and uncertainty=0 assumed for fitting.
                ="G": energy is fixed in fitting and uncertainty will be added after fitting.
           Only type "F" and "G" are set by user by inserting the type letter in the energy field (col 10-20).



--------------------------------------------------------------------------------------------------------------------------------------------------------
                                                            Input and fitted Gamma Energies                                                             
#Gamma        Input EG    Adjusted dEG   Initial Level     Final Level     EG From fit   Difference   Diff/dEG  #sigma       Chi2    %Chi2      Input EG
--------------------------------------------------------------------------------------------------------------------------------------------------------
     1      1990.5  4         -----         1990.6  4          0.0           1990.6  4      -0.0490      0.122       0      0.015     2.75     1990.5  4 
     2      3594.4 11         -----         3594.2  7          0.0           3594.0  7       0.3704      0.337       0      0.113    20.79     3594.4 11 
     3      1824.4  6         -----         3815.0  6       1990.6  4        1824.4  5       0.0353      0.059       0      0.003     0.63     1824.4  6 
     4      2032.4  4         -----         4023.1  5       1990.6  4        2032.5  4      -0.0647      0.162       0      0.026     4.79     2032.4  4 
     5      1007.2 11         -----         4822.4  6       3815.0  6        1007.4  6      -0.1496      0.136       0      0.019     3.39     1007.2 11 
     6      1228.3  6         -----         4822.4  6       3594.2  7        1228.1  5       0.1601      0.267       0      0.071    13.05     1228.3  6 
     7      1305.3  4         -----         4899.6  7       3594.2  7        1305.3  4       0.0017      0.004       0      0.000     0.00     1305.3  4 
     8       986.6  3         -----         5009.8  6       4023.1  5        986.60 28       0.0028      0.009       0      0.000     0.02      986.6  3 
     9      1389.0  8         -----         5412.4  6       4023.1  5        1389.3  4      -0.2689      0.336       0      0.113    20.72     1389.0  8 
    10       465.5  2         -----         5878.0  6       5412.4  6        465.52 20      -0.0168      0.084       0      0.007     1.30      465.5  2 
    11       868.2  4         -----         5878.0  6       5009.8  6        868.20 35       0.0050      0.012       0      0.000     0.03      868.2  4 
    12       978.4 10         -----         5878.0  6       4899.6  7         978.4  6       0.0104      0.010       0      0.000     0.02      978.4 10 
    13      1055.6  4         -----         5878.0  6       4822.4  6        1055.6  4       0.0514      0.128       0      0.016     3.02     1055.6  4 
    14      1854.5 42         -----         5878.0  6       4023.1  5        1854.8  4      -0.2659      0.063       0      0.004     0.73     1854.5 42 
    15      2063.3 14         -----         5878.0  6       3815.0  6        2062.9  6       0.4344      0.310       0      0.096    17.65     2063.3 14 
    16      2283.5 10         -----         5878.0  6       3594.2  7        2283.7  5      -0.1489      0.149       0      0.022     4.06     2283.5 10 
    17      1301.6  3         -----         7179.6  7       5878.0  6       1301.60 30       0.0000      0.000       0      0.000     0.00     1301.6  3 
    18       844.3  6         -----         8023.9  9       7179.6  7         844.3  6      -0.0330      0.055       0      0.003     0.55      844.3  6 
    19       731.6 15         -----         8755.7 13       8023.9  9         731.8 11      -0.2063      0.138       0      0.019     3.47      731.6 15 
    20      1576.3 14         -----         8755.7 13       7179.6  7        1576.1 11       0.1797      0.128       0      0.016     3.02     1576.3 14 
    21      2868.7  8         -----        10048.4 10       7179.6  7        2868.7  8      -0.0000      0.000       0      0.000     0.00     2868.7  8 
    22      2420.6 11         -----        12469.1 15      10048.4 10        2420.6 11       0.0000      0.000       0      0.000     0.00     2420.6 11 
                                                                                                                 chi2=      0.545
                                                                                                             chi2/dof=      0.068
--------------------------------------------------------------------------------------------------------------------------------------------------------
NOTE: * at initial level indicates level fixed in the fitting.
      ## in #sigma column marks number of sigma>=4.
      Quoted level energies are from fit.
      #sigma=round(Diff/dEG), by which the input EG differs from the fitted one.
      dEG=1 keV is assigned if not given, unless otherwise specified at the end of each gamma line.


#of Levels= 15      #of fixed Levels= 1      #of Gammas in fitting= 22
Degrees of Freedom (dof)= 8
    Chi2= 0.5454
Chi2/dof= 0.0682
(critical Chi2/dof= 2.5110)


-----------------------------------------------------------------------------------------------------------------
                     Calculated Net Feeding from (gamma+ce) Intensity Balance at Each Level                      
-----------------------------------------------------------------------------------------------------------------
         Level        RI           RI         RI          TI           TI         TI          Net Feeding (%)  
                     (OUT)        (IN)       (NET)       (OUT)        (IN)       (NET)        CALC*       INPUT
-----------------------------------------------------------------------------------------------------------------
        0.0           0       135.0 20   -135.0 20        0       135.0 20  -135.0 20      -135.0 20            
     1990.6  4      100         118 16      -18 16      100         118 16     -18 16         -18 16            
     3594.2  7     35.0 20       30  5        5  7     35.0 20       30  5       5  7           5  7            
     3815.0  6     48.0 20       36  6       12  8     48.0 20       36  6      12  8          12  8            
     4023.1  5       70 16       63 14        7 30       70 16       63 14       7 30           7 30            
     4822.4  6     15.0 28       39 10      -24 13     15.0 28       39 10     -24 13         -24 13            
     4899.6  7      5.0 30       26  7      -21 10      5.0 30       26  7     -21 10         -21 10            
     5009.8  6     26.0 10     20.0 20      6.0 23     26.0 10     20.0 20     6.0 23         6.0 23            
     5412.4  6      9.0 20     14.0 10     -5.0 30      9.0 20     14.0 10    -5.0 30        -5.0 30            
     5878.0  6      173 20       56 11      117 31      173 20       56 11     117 31         117 31            
     7179.6  7       56 11       60  5       -4 16       56 11       60  5      -4 16          -4 10            
     8023.9  9     20.0 30      8.0 30       12  6     20.0 30      8.0 30      12  6          12  6            
     8755.7 13       22  4        0          22  4       22  4        0         22  4          22  4            
    10048.4 10     26.0 20       21  6        5  8     26.0 20       21  6       5  8           5  8            
    12469.1 15       21  6        0          21  6       21  6        0         21  6          21  6            

                                                                      Sum of Feedings=      2.1E2 5         0 0
-----------------------------------------------------------------------------------------------------------------
From input:
  NR=              For normalizing RI to per 100 parent decays via this branch
  NT=              For normalizing TI to per 100 parent decays via this branch
  BR=              Branching ratio of this decay branch among all decay branches
  NB=              For normalizing IB to per 100 parent decays via this branch

* Calculated feedings are based on input NR. Uncertainties could be over-counted for gammas used in
    normalization to deduce NR.
  More accurate level feedings could be obtained directly from the normalization process for deducing NR
    where correlations are taken into account. See the table of level feedings in Java_GABS.rpt.


List of gammas with uncertainty in RI being adjusted:
-----------------------------------------------
  E(gamma)   E(level)            RI            
                      -------------------------
                          Original     Adjusted
-----------------------------------------------
    1990.5     1990.6       100          100  0
-----------------------------------------------


##########################################################################################
        GTOL report for dataset: << 34S(N,G) E=THERMAL >>
##########################################################################################


-------------------------------------------------------------------------------------------------------------------
                 Level Energies From Input (old), Fitting (new), and Adjustments for uncertainties                 
-------------------------------------------------------------------------------------------------------------------
#Level  old           Input        From fit       After adding dE of base levels:          Has Gamma:        Fixed 
        kept                      (original)       metastable    fixed("G")/other     Deexciting  Feeding     Type 
------ ------ --------------- ---------------    --------------- ----------------     ---------- ----------  ------
     1  kept             0               0    *         -----            -----           ---        Yes        D   
     2            1572.373  7     1572.374  7           -----            -----           Yes        Yes       ---  
     3  kept       1991.28  4      1991.28  4           -----            -----           Yes        Yes       ---  
     4            2347.782  8     2347.781  8           -----            -----           Yes        Yes       ---  
     5            2716.991 21     2717.013 20           -----            -----           Yes        Yes       ---  
     6  kept       2938.63  5      2938.63  5           -----            -----           Yes        Yes       ---  
     7            3558.081 27     3558.082 27           -----            -----           Yes        Yes       ---  
     8            3801.954 15     3801.955 15           -----            -----           Yes        Yes       ---  
     9  kept        4105.6  8       4105.6  8           -----            -----           Yes         No       ---  
    10  kept      4189.242 33     4189.242 33           -----            -----           Yes        Yes       ---  
    11             4477.60  7      4477.61  7           -----            -----           Yes        Yes       ---  
    12            4903.374 15     4903.362 15           -----            -----           Yes        Yes       ---  
    13            4963.082 25     4963.083 25           -----            -----           Yes        Yes       ---  
    14  kept        5752.5  8       5752.5  8           -----            -----           Yes         No       ---  
    15  kept        6018.8  6       6018.8  6           -----            -----           Yes         No       ---  
    16            6078.476 32     6078.477 32           -----            -----           Yes        Yes       ---  
    17  kept       6293.93  6      6293.93  6           -----            -----           Yes        Yes       ---  
    18  kept       6354.89 23      6354.89 23           -----            -----           Yes        Yes       ---  
    19  kept        6419.9 11       6419.9 11           -----            -----           Yes         No       ---  
    20  kept       6629.43  9      6629.43  9           -----            -----           Yes        Yes       ---  
    21  kept        6761.0 12       6761.0 12           -----            -----           Yes         No       ---  
    22            6986.098 24     6986.099 24           -----            -----           Yes        ---       ---  
-------------------------------------------------------------------------------------------------------------------
NOTE: --- indicates Not Applicable.
        * indicates level fixed in fitting.
        & from original uncertainty adjusted based on input settings.
        # non-numerical uncertainty is from fitting gammas or end-level.
      Quoted values under "From fit" for fixed levels are taken from their input values.
      Fixed Type="A": assumed fixed by GTOL for level not connected to any level; not used in the fitting.
                ="D": assumed fixed by GTOL for meta-stable level, with %(all decay modes but IT)>99.75;
                      uncertainty will be added after fitting (1st level always this type by default).
                ="S": assumed fixed by GTOL for level which causes singular matrix problem; uncertainty=0 assumed.
                ="F": energy is fixed and uncertainty=0 assumed for fitting.
                ="G": energy is fixed in fitting and uncertainty will be added after fitting.
           Only type "F" and "G" are set by user by inserting the type letter in the energy field (col 10-20).



--------------------------------------------------------------------------------------------------------------------------------------------------------
                                                            Input and fitted Gamma Energies                                                             
#Gamma        Input EG    Adjusted dEG   Initial Level     Final Level     EG From fit   Difference   Diff/dEG  #sigma       Chi2    %Chi2      Input EG
--------------------------------------------------------------------------------------------------------------------------------------------------------
     1    1572.333  8         -----       1572.374  7            0         1572.336  7      -0.0026      0.322       0      0.104     0.07   1572.333  8 
     2     1991.27  5         -----        1991.28  4            0          1991.22  4       0.0525      1.050       1      1.102     0.71    1991.27  5 
     3      356.66  9         -----       2347.781  8      1991.28  4        356.50  4       0.1593      1.770       2      3.132     2.00     356.66  9 
     4     775.398  6         -----       2347.781  8     1572.374  7       775.398  6      -0.0003      0.047       0      0.002     0.00    775.398  6 
     5    2347.700 15         -----       2347.781  8            0         2347.697  8       0.0035      0.231       0      0.053     0.03   2347.700 15 
     6       368.5  4         -----       2717.013 20     2347.781  8       369.230 20      -0.7300      1.825       2      3.331     2.13      368.5  4 
     7    1144.591 20         -----       2717.013 20     1572.374  7      1144.620 19      -0.0286      1.430       1      2.045     1.31   1144.591 20 
     8     2716.99 16         -----       2717.013 20            0         2716.900 20       0.0901      0.563       1      0.317     0.20    2716.99 16 
     9     2938.58 11         -----        2938.63  5            0          2938.50  5       0.0818      0.743       1      0.553     0.35    2938.58 11 
    10      619.23 19         -----       3558.082 27      2938.63  5        619.45  5      -0.2150      1.131       1      1.280     0.82     619.23 19 
    11     1210.28  4         -----       3558.082 27     2347.781  8      1210.278 27       0.0019      0.049       0      0.002     0.00    1210.28  4 
    12      1566.7  3         -----       3558.082 27      1991.28  4       1566.77  5      -0.0656      0.219       0      0.048     0.03     1566.7  3 
    13      3558.1  5         -----       3558.082 27            0         3557.887 27       0.2127      0.425       0      0.181     0.12     3558.1  5 
    14      863.28 28         -----       3801.955 15      2938.63  5        863.31  5      -0.0324      0.116       0      0.013     0.01     863.28 28 
    15     1084.79 15         -----       3801.955 15     2717.013 20      1084.923 23      -0.1333      0.889       1      0.790     0.51    1084.79 15 
    16     1454.09  4         -----       3801.955 15     2347.781  8      1454.141 14      -0.0512      1.279       1      1.636     1.05    1454.09  4 
    17    2229.510 16         -----       3801.955 15     1572.374  7      2229.505 14       0.0052      0.323       0      0.104     0.07   2229.510 16 
    18     3801.73  4         -----       3801.955 15            0         3801.733 15      -0.0029      0.073       0      0.005     0.00    3801.73  4 
    19      4105.3  8         -----         4105.6  8            0           4105.3  8       0.0000      0.000       0      0.000     0.00     4105.3  8 
    20      631.32 24         -----       4189.242 33     3558.082 27        631.15  4       0.1658      0.691       1      0.477     0.31     631.32 24 
    21     1250.61  5         -----       4189.242 33      2938.63  5       1250.59  4       0.0228      0.456       0      0.208     0.13    1250.61  5 
    22      1840.2 12         -----       4189.242 33     2347.781  8      1841.409 33      -1.2090      1.007       1      1.015     0.65     1840.2 12 
    23      2616.8 13         -----       4189.242 33     1572.374  7      2616.763 33       0.0366      0.028       0      0.001     0.00     2616.8 13 
    24     4188.95  5         -----       4189.242 33            0         4188.973 33      -0.0226      0.452       0      0.204     0.13    4188.95  5 
    25     1760.55 11         -----        4477.61  7     2717.013 20       1760.55  7      -0.0007      0.006       0      0.000     0.00    1760.55 11 
    26      2905.1  4         -----        4477.61  7     1572.374  7       2905.11  7      -0.0084      0.021       0      0.000     0.00     2905.1  4 
    27     1101.92 31         -----       4903.362 15     3801.955 15      1101.389 19       0.5310      1.713       2      2.934     1.88    1101.92 31 
    28      1964.8  2         -----       4903.362 15      2938.63  5       1964.67  5       0.1277      0.639       1      0.408     0.26     1964.8  2 
    29     2184.16 19         -----       4903.362 15     2717.013 20      2186.276 24      -2.1159     11.136    ##11    124.015    79.38    2184.16 19 
    30    2555.492 14         -----       4903.362 15     2347.781  8      2555.481 13       0.0109      0.777       1      0.604     0.39   2555.492 14 
    31     3330.84 13         -----       4903.362 15     1572.374  7      3330.819 14       0.0215      0.165       0      0.027     0.02    3330.84 13 
    32     4902.99  5         -----       4903.362 15            0         4902.994 15      -0.0033      0.066       0      0.004     0.00    4902.99  5 
    33     1161.05 20         -----       4963.083 25     3801.955 15      1161.108 25      -0.0579      0.289       0      0.084     0.05    1161.05 20 
    34    1404.967 24         -----       4963.083 25     3558.082 27      1404.971 22      -0.0043      0.180       0      0.032     0.02   1404.967 24 
    35      2615.2  2         -----       4963.083 25     2347.781  8      2615.197 24       0.0027      0.013       0      0.000     0.00     2615.2  2 
    36      2972.0  4         -----       4963.083 25      1991.28  4       2971.67  5       0.3306      0.826       1      0.683     0.44     2972.0  4 
    37     3390.62  7         -----       4963.083 25     1572.374  7      3390.533 24       0.0867      1.239       1      1.535     0.98    3390.62  7 
    38     4963.06 22         -----       4963.083 25            0         4962.706 25       0.3546      1.612       2      2.598     1.66    4963.06 22 
    39      5752.0  8         -----         5752.5  8            0           5752.0  8       0.0000      0.000       0      0.000     0.00     5752.0  8 
    40      6018.2  6         -----         6018.8  6            0           6018.2  6       0.0000      0.000       0      0.000     0.00     6018.2  6 
    41      3139.9  5         -----       6078.477 32      2938.63  5       3139.70  6       0.2053      0.411       0      0.169     0.11     3139.9  5 
    42     6077.87 11         -----       6078.477 32            0         6077.910 32      -0.0399      0.363       0      0.132     0.08    6077.87 11 
    43      6293.2  4         -----        6293.93  6            0          6293.32  6      -0.1216      0.304       0      0.092     0.06     6293.2  4 
    44      6355.0  6         -----        6354.89 23            0          6354.27 23       0.7301      1.217       1      1.481     0.95     6355.0  6 
    45      6419.3 11         -----         6419.9 11            0           6419.3 11       0.0000      0.000       0      0.000     0.00     6419.3 11 
    46      6628.5  6         -----        6629.43  9            0          6628.76  9      -0.2568      0.428       0      0.183     0.12     6628.5  6 
    47      6760.3 12         -----         6761.0 12            0           6760.3 12       0.0000      0.000       0      0.000     0.00     6760.3 12 
    48      356.66  9         -----       6986.099 24      6629.43  9        356.67  9      -0.0058      0.064       0      0.004     0.00     356.66  9 
    49      631.32 24         -----       6986.099 24      6354.89 23        631.20 22       0.1168      0.487       0      0.237     0.15     631.32 24 
    50      692.16  5         -----       6986.099 24      6293.93  6        692.16  5      -0.0019      0.038       0      0.001     0.00     692.16  5 
    51     907.608 23         -----       6986.099 24     6078.477 32       907.609 23      -0.0013      0.057       0      0.003     0.00    907.608 23 
    52    2022.954  9         -----       6986.099 24     4963.083 25      2022.953  9       0.0015      0.164       0      0.027     0.02   2022.954  9 
    53     2082.83 17         -----       6986.099 24     4903.362 15      2082.670 27       0.1604      0.943       1      0.890     0.57    2082.83 17 
    54     2508.39  8         -----       6986.099 24      4477.61  7       2508.39  7      -0.0007      0.009       0      0.000     0.00    2508.39  8 
    55     2796.74  4         -----       6986.099 24     4189.242 33      2796.737 31       0.0034      0.085       0      0.007     0.00    2796.74  4 
    56     3183.95  4         -----       6986.099 24     3801.955 15      3183.988 25      -0.0385      0.962       1      0.925     0.59    3183.95  4 
    57     4268.65 14         -----       6986.099 24     2717.013 20      4268.806 30      -0.1560      1.114       1      1.241     0.79    4268.65 14 
    58     4638.14 14         -----       6986.099 24     2347.781  8      4637.988 24       0.1526      1.090       1      1.188     0.76    4638.14 14 
    59      6985.7 10         -----       6986.099 24            0         6985.350 24       0.3501      0.350       0      0.123     0.08     6985.7 10 
                                                                                                                 chi2=    156.231
                                                                                                             chi2/dof=      4.111
--------------------------------------------------------------------------------------------------------------------------------------------------------
NOTE: * at initial level indicates level fixed in the fitting.
      ## in #sigma column marks number of sigma>=4.
      Quoted level energies are from fit.
      #sigma=round(Diff/dEG), by which the input EG differs from the fitted one.
      dEG=1 keV is assigned if not given, unless otherwise specified at the end of each gamma line.


#of Levels= 22      #of fixed Levels= 1      #of Gammas in fitting= 59
Degrees of Freedom (dof)= 38
    Chi2= 156.2313
Chi2/dof= 4.1114
(critical Chi2/dof= 1.6090)

*** Warning: Chi2/dof greater than critical value= 1.6090 ***
    The following input EG values differ by 3 or more sigma from fitted ones:
    Try increasing uncertainties for some of them to improve the fitting.

        Input EG     EG from fit   Initial Level  #sigma
 --------------- --------------- --------------- -------
      2184.16 19     2186.276 24     4903.374 15      11



-----------------------------------------------------------------------------------------------------------------
                     Calculated Net Feeding from (gamma+ce) Intensity Balance at Each Level                      
-----------------------------------------------------------------------------------------------------------------
         Level        RI           RI         RI          TI           TI         TI          Net Feeding (%)  
                     (OUT)        (IN)       (NET)       (OUT)        (IN)       (NET)        CALC*       INPUT
-----------------------------------------------------------------------------------------------------------------
          0           0          98  5      -98  5        0          98  5     -98  5         -98  5            
   1572.374  7     35.0 34     34.2 21        1  4     35.0 34     34.2 21       1  4           1  4            
    1991.28  4     0.54  6     0.67 11    -0.13 17     0.54  6     0.67 11   -0.13 17       -0.13 15            
   2347.781  8       66  5       63  5        3  7       66  5       63  5       3  7           3  7            
   2717.013 20     0.87  8      5.2  5     -4.4  5     0.87  8      5.2  5    -4.4  5        -4.4  5            
    2938.63  5     0.89  9     0.74 11     0.15 20     0.89  9     0.74 11    0.15 20        0.15 20            
   3558.082 27     0.85 10     0.63  7     0.22 17     0.85 10     0.63  7    0.22 17        0.22 17            
   3801.955 15      6.0  4      6.2  6     -0.2  7      6.0  4      6.2  6    -0.2  7        -0.2  5            
     4105.6  8    0.048 17        0       0.048 17    0.048 17        0      0.048 17       0.048 17            
   4189.242 33      5.2  5      4.9  4      0.3  6      5.2  5      4.9  4     0.3  6         0.3  6            
    4477.61  7     0.29  5     0.38  4    -0.09  9     0.29  5     0.38  4   -0.09  9       -0.09  9            
   4903.362 15     19.8 10     15.9 15      3.9 18     19.8 10     15.9 15     3.9 18         3.9 18            
   4963.083 25     10.1  6     11.0 10     -0.9 12     10.1  6     11.0 10    -0.9 12        -0.9 10            
     5752.5  8    0.018  5        0       0.018  5    0.018  5        0      0.018  5       0.018  5            
     6018.8  6    0.020  7        0       0.020  7    0.020  7        0      0.020  7       0.020  7            
   6078.477 32     0.43  5     0.56 10    -0.13 15     0.43  5     0.56 10   -0.13 15       -0.13 14            
    6293.93  6    0.065 14    0.133 17   -0.068 31    0.065 14    0.133 17  -0.068 31      -0.068 31            
    6354.89 23    0.046  7    0.035 35     0.01  4    0.046  7    0.035 35    0.01  4        0.01  4            
     6419.9 11    0.016  5        0       0.016  5    0.016  5        0      0.016  5       0.016  5            
    6629.43  9    0.030  6    0.021 21    0.010 27    0.030  6    0.021 21   0.010 27       0.010 27            
     6761.0 12    0.019  8        0       0.019  8    0.019  8        0      0.019  8       0.019  8            
   6986.099 24       95  6        0          95  6       95  6        0         95  6          95  6            

                                                                      Sum of Feedings=       104 10         0 0
-----------------------------------------------------------------------------------------------------------------
From input:
  NR=      1       For normalizing RI to per 100 parent decays via this branch
  NT=              For normalizing TI to per 100 parent decays via this branch
  BR=              Branching ratio of this decay branch among all decay branches
  NB=    1.0       For normalizing IB to per 100 parent decays via this branch

* Calculated feedings are based on input NR. Uncertainties could be over-counted for gammas used in
    normalization to deduce NR.
  More accurate level feedings could be obtained directly from the normalization process for deducing NR
    where correlations are taken into account. See the table of level feedings in Java_GABS.rpt.


List of gammas with uncertainty in RI being adjusted:
-----------------------------------------------
  E(gamma)   E(level)            RI            
                      -------------------------
                          Original     Adjusted
-----------------------------------------------
    356.66   2347.782     0.037  4     0.021 21
    631.32   4189.242     0.060  9     0.035 35
    356.66   6986.098     0.037  4     0.021 21
    631.32   6986.098     0.060  9     0.035 35
-----------------------------------------------


##########################################################################################
        GTOL report for dataset: << 34S(N,N),(N,G):RESONANCES >>
##########################################################################################

No gamma data




##########################################################################################
        GTOL report for dataset: << 34S(POL D,P) >>
##########################################################################################

No gamma data




##########################################################################################
        GTOL report for dataset: << 34S(D,P) >>
##########################################################################################


-------------------------------------------------------------------------------------------------------------------
                 Level Energies From Input (old), Fitting (new), and Adjustments for uncertainties                 
-------------------------------------------------------------------------------------------------------------------
#Level  old           Input        From fit       After adding dE of base levels:          Has Gamma:        Fixed 
        kept                      (original)       metastable    fixed("G")/other     Deexciting  Feeding     Type 
------ ------ --------------- ---------------    --------------- ----------------     ---------- ----------  ------
     1  kept             0               0    *         -----            -----           ---        Yes        D   
     2             1571.92 19       1572.0 10           -----            -----           Yes         No       ---  
     3             1991.08 16       1991.1 10           -----            -----           Yes         No       ---  
     4             2347.59 15        -----              -----            -----            No         No        A   
     5                2724  8        -----              -----            -----            No         No        A   
     6                2941 10        -----              -----            -----            No         No        A   
     7                3420  8        -----              -----            -----            No         No        A   
     8                3560  8        -----              -----            -----            No         No        A   
     9                3596  8        -----              -----            -----            No         No        A   
    10                3675 10        -----              -----            -----            No         No        A   
    11             3801.90 30        -----              -----            -----            No         No        A   
    12                3885 10        -----              -----            -----            No         No        A   
    13                3907 10        -----              -----            -----            No         No        A   
    14                4025 10        -----              -----            -----            No         No        A   
    15                4109 10        -----              -----            -----            No         No        A   
    16             4189.87 26        -----              -----            -----            No         No        A   
    17                4305  8        -----              -----            -----            No         No        A   
    18                4481  8        -----              -----            -----            No         No        A   
    19                4575  8        -----              -----            -----            No         No        A   
    20                4837  8        -----              -----            -----            No         No        A   
    21             4903.28 16        -----              -----            -----            No         No        A   
    22             4963.12 16        -----              -----            -----            No         No        A   
    23                5058  8        -----              -----            -----            No         No        A   
    24                5126 11        -----              -----            -----            No         No        A   
    25                5342  8        -----              -----            -----            No         No        A   
    26                5475 10        -----              -----            -----            No         No        A   
    27                5542  8        -----              -----            -----            No         No        A   
    28                5740 20        -----              -----            -----            No         No        A   
    29                5890 20        -----              -----            -----            No         No        A   
    30                5980 10        -----              -----            -----            No         No        A   
    31              6078.6 13        -----              -----            -----            No         No        A   
    32                6292  8        -----              -----            -----            No         No        A   
    33                6334  8        -----              -----            -----            No         No        A   
    34                6344  8        -----              -----            -----            No         No        A   
    35                6446  8        -----              -----            -----            No         No        A   
    36                6496  8        -----              -----            -----            No         No        A   
    37              6537.7 14        -----              -----            -----            No         No        A   
    38              6545.1 13        -----              -----            -----            No         No        A   
    39                6584 10        -----              -----            -----            No         No        A   
    40              6635.2 13        -----              -----            -----            No         No        A   
    41                6677  8        -----              -----            -----            No         No        A   
    42              6891.3 14        -----              -----            -----            No         No        A   
    43                7021 10        -----              -----            -----            No         No        A   
    44                7150 35        -----              -----            -----            No         No        A   
    45                7205 35        -----              -----            -----            No         No        A   
    46              7482.7 13        -----              -----            -----            No         No        A   
    47                7570 40        -----              -----            -----            No         No        A   
    48                7640 40        -----              -----            -----            No        ---        A   
-------------------------------------------------------------------------------------------------------------------
NOTE: --- indicates Not Applicable.
        * indicates level fixed in fitting.
        & from original uncertainty adjusted based on input settings.
        # non-numerical uncertainty is from fitting gammas or end-level.
      Quoted values under "From fit" for fixed levels are taken from their input values.
      Fixed Type="A": assumed fixed by GTOL for level not connected to any level; not used in the fitting.
                ="D": assumed fixed by GTOL for meta-stable level, with %(all decay modes but IT)>99.75;
                      uncertainty will be added after fitting (1st level always this type by default).
                ="S": assumed fixed by GTOL for level which causes singular matrix problem; uncertainty=0 assumed.
                ="F": energy is fixed and uncertainty=0 assumed for fitting.
                ="G": energy is fixed in fitting and uncertainty will be added after fitting.
           Only type "F" and "G" are set by user by inserting the type letter in the energy field (col 10-20).



--------------------------------------------------------------------------------------------------------------------------------------------------------
                                                            Input and fitted Gamma Energies                                                             
#Gamma        Input EG    Adjusted dEG   Initial Level     Final Level     EG From fit   Difference   Diff/dEG  #sigma       Chi2    %Chi2      Input EG
--------------------------------------------------------------------------------------------------------------------------------------------------------
     1        1572             1572  1      1572.0 10            0           1572.0 10       0.0000      0.000       0      0.000     0.00       1572    
     2        1991             1991  1      1991.1 10            0           1991.0 10       0.0000      0.000       0      0.000     0.00       1991    
                                                                                                                 chi2=      0.000
                                                                                                             chi2/dof=      0.000
--------------------------------------------------------------------------------------------------------------------------------------------------------
NOTE: * at initial level indicates level fixed in the fitting.
      ## in #sigma column marks number of sigma>=4.
      Quoted level energies are from fit.
      #sigma=round(Diff/dEG), by which the input EG differs from the fitted one.
      dEG=1 keV is assigned if not given, unless otherwise specified at the end of each gamma line.






##########################################################################################
        GTOL report for dataset: << 34S(D,PG) >>
##########################################################################################


-------------------------------------------------------------------------------------------------------------------
                 Level Energies From Input (old), Fitting (new), and Adjustments for uncertainties                 
-------------------------------------------------------------------------------------------------------------------
#Level  old           Input        From fit       After adding dE of base levels:          Has Gamma:        Fixed 
        kept                      (original)       metastable    fixed("G")/other     Deexciting  Feeding     Type 
------ ------ --------------- ---------------    --------------- ----------------     ---------- ----------  ------
     1  kept             0               0    *         -----            -----           ---        Yes        D   
     2             1572.33 20      1572.28 14           -----            -----           Yes        Yes       ---  
     3              1992.9 17      1992.92 23           -----            -----           Yes        Yes       ---  
     4              2348.8 13      2348.84 21           -----            -----           Yes        Yes       ---  
     5              2718.0 10      2718.02 21           -----            -----           Yes        Yes       ---  
     6                2935  3      2935.05 32           -----            -----           Yes        Yes       ---  
     7              3421.0 10      3421.02 22           -----            -----           Yes        Yes       ---  
     8                3558          3558.1  6           -----            -----            No        Yes       ---  
     9                3592  5       3592.1  4           -----            -----           Yes        Yes       ---  
    10              3802.0 10      3802.04 24           -----            -----           Yes        Yes       ---  
    11                3815  3       3815.0 10           -----            -----           Yes         No       ---  
    12              3885.0 10      3885.04 23           -----            -----           Yes        Yes       ---  
    13              4025.0 10      4025.03 23           -----            -----           Yes         No       ---  
    14                4107  2       4107.1  4           -----            -----           Yes         No       ---  
    15                4189  2      4189.09 35           -----            -----           Yes         No       ---  
    16                4480  2      4480.10 33           -----            -----           Yes        ---       ---  
-------------------------------------------------------------------------------------------------------------------
NOTE: --- indicates Not Applicable.
        * indicates level fixed in fitting.
        & from original uncertainty adjusted based on input settings.
        # non-numerical uncertainty is from fitting gammas or end-level.
      Quoted values under "From fit" for fixed levels are taken from their input values.
      Fixed Type="A": assumed fixed by GTOL for level not connected to any level; not used in the fitting.
                ="D": assumed fixed by GTOL for meta-stable level, with %(all decay modes but IT)>99.75;
                      uncertainty will be added after fitting (1st level always this type by default).
                ="S": assumed fixed by GTOL for level which causes singular matrix problem; uncertainty=0 assumed.
                ="F": energy is fixed and uncertainty=0 assumed for fitting.
                ="G": energy is fixed in fitting and uncertainty will be added after fitting.
           Only type "F" and "G" are set by user by inserting the type letter in the energy field (col 10-20).



--------------------------------------------------------------------------------------------------------------------------------------------------------
                                                            Input and fitted Gamma Energies                                                             
#Gamma        Input EG    Adjusted dEG   Initial Level     Final Level     EG From fit   Difference   Diff/dEG  #sigma       Chi2    %Chi2      Input EG
--------------------------------------------------------------------------------------------------------------------------------------------------------
     1     1572.24 17         -----        1572.28 14            0          1572.24 14      -0.0023      0.013       0      0.000     0.02    1572.24 17 
     2      1992.8           1992.8  5     1992.92 23            0          1992.86 23      -0.0611      0.122       0      0.015     1.47     1992.8    
     3       776.5            776.5  5     2348.84 21      1572.28 14        776.55 21      -0.0466      0.093       0      0.009     0.85      776.5    
     4      2348.7           2348.7  5     2348.84 21            0          2348.75 21      -0.0514      0.103       0      0.011     1.04     2348.7    
     5       369.2            369.2  5     2718.02 21      2348.84 21        369.18 23       0.0161      0.032       0      0.001     0.10      369.2    
     6       725.1            725.1  5     2718.02 21      1992.92 23        725.09 24       0.0080      0.016       0      0.000     0.03      725.1    
     7      1145.7           1145.7  5     2718.02 21      1572.28 14       1145.72 21      -0.0217      0.043       0      0.002     0.19     1145.7    
     8      2717.9           2717.9  5     2718.02 21            0          2717.91 21      -0.0087      0.017       0      0.000     0.03     2717.9    
     9         586              586  1     2935.05 32      2348.84 21        586.21 33      -0.2063      0.206       0      0.043     4.19        586    
    10         942              942  1     2935.05 32      1992.92 23        942.11 34      -0.1120      0.112       0      0.013     1.24        942    
    11        1363             1363  1     2935.05 32      1572.28 14       1362.74 32       0.2611      0.261       0      0.068     6.71       1363    
    12        2935             2935  1     2935.05 32            0          2934.92 32       0.0845      0.084       0      0.007     0.70       2935    
    13         486              486  1     3421.02 22      2935.05 32        485.97 34       0.0283      0.028       0      0.001     0.08        486    
    14       703.0            703.0  5     3421.02 22      2718.02 21        702.99 23       0.0067      0.013       0      0.000     0.02      703.0    
    15      1072.2           1072.2  5     3421.02 22      2348.84 21       1072.17 24       0.0307      0.061       0      0.004     0.37     1072.2    
    16      1428.1           1428.1  5     3421.02 22      1992.92 23       1428.07 25       0.0303      0.061       0      0.004     0.36     1428.1    
    17      1848.6           1848.6  5     3421.02 22      1572.28 14       1848.69 22      -0.0903      0.181       0      0.033     3.21     1848.6    
    18      3420.8           3420.8  5     3421.02 22            0          3420.84 22      -0.0435      0.087       0      0.008     0.74     3420.8    
    19         657              657  1      3592.1  4      2935.05 32         657.0  5      -0.0235      0.023       0      0.001     0.05        657    
    20         874              874  1      3592.1  4      2718.02 21         874.0  4      -0.0440      0.044       0      0.002     0.19        874    
    21        1243             1243  1      3592.1  4      2348.84 21        1243.2  4      -0.2180      0.218       0      0.048     4.68       1243    
    22        1599             1599  1      3592.1  4      1992.92 23        1599.1  4      -0.1165      0.116       0      0.014     1.34       1599    
    23        2020             2020  1      3592.1  4      1572.28 14        2019.7  4       0.2651      0.265       0      0.070     6.92       2020    
    24        3592             3592  1      3592.1  4            0           3591.9  4       0.1202      0.120       0      0.014     1.42       3592    
    25         867              867  1     3802.04 24      2935.05 32         867.0  4       0.0211      0.021       0      0.000     0.04        867    
    26      1084.0           1084.0  5     3802.04 24      2718.02 21       1084.00 26       0.0020      0.004       0      0.000     0.00     1084.0    
    27      1453.2           1453.2  5     3802.04 24      2348.84 21       1453.17 26       0.0304      0.061       0      0.004     0.36     1453.2    
    28      1809.1           1809.1  5     3802.04 24      1992.92 23       1809.07 27       0.0342      0.068       0      0.005     0.46     1809.1    
    29      2229.6           2229.6  5     3802.04 24      1572.28 14       2229.68 24      -0.0816      0.163       0      0.027     2.62     2229.6    
    30      3801.8           3801.8  5     3802.04 24            0          3801.82 24      -0.0163      0.033       0      0.001     0.11     3801.8    
    31        1822             1822  1      3815.0 10      1992.92 23        1822.0 10      -0.0000      0.000       0      0.000     0.00       1822    
    32       464.0            464.0  5     3885.04 23      3421.02 22        464.01 25      -0.0124      0.025       0      0.001     0.06      464.0    
    33         950              950  1     3885.04 23      2935.05 32        949.98 35       0.0229      0.023       0      0.001     0.05        950    
    34      1167.0           1167.0  5     3885.04 23      2718.02 21       1167.00 25       0.0043      0.009       0      0.000     0.01     1167.0    
    35      1536.2           1536.2  5     3885.04 23      2348.84 21       1536.17 25       0.0336      0.067       0      0.005     0.44     1536.2    
    36      1892.1           1892.1  5     3885.04 23      1992.92 23       1892.06 26       0.0383      0.077       0      0.006     0.58     1892.1    
    37      2312.6           2312.6  5     3885.04 23      1572.28 14       2312.68 23      -0.0764      0.153       0      0.023     2.30     2312.6    
    38      3884.8           3884.8  5     3885.04 23            0          3884.81 23      -0.0071      0.014       0      0.000     0.02     3884.8    
    39         467              467  1     4025.03 23       3558.1  6         467.0  6       0.0442      0.044       0      0.002     0.19        467    
    40       604.0            604.0  5     4025.03 23      3421.02 22        604.00 25      -0.0018      0.004       0      0.000     0.00      604.0    
    41        1090             1090  1     4025.03 23      2935.05 32       1089.97 35       0.0355      0.035       0      0.001     0.12       1090    
    42      1307.0           1307.0  5     4025.03 23      2718.02 21       1306.98 25       0.0179      0.036       0      0.001     0.13     1307.0    
    43      1676.2           1676.2  5     4025.03 23      2348.84 21       1676.15 25       0.0487      0.097       0      0.010     0.94     1676.2    
    44      2032.0           2032.0  5     4025.03 23      1992.92 23       2032.05 26      -0.0450      0.090       0      0.008     0.80     2032.0    
    45      2452.6           2452.6  5     4025.03 23      1572.28 14       2452.66 23      -0.0579      0.116       0      0.013     1.32     2452.6    
    46      4024.8           4024.8  5     4025.03 23            0          4024.78 23       0.0181      0.036       0      0.001     0.13     4024.8    
    47         549              549  1      4107.1  4       3558.1  6         549.0  6      -0.0163      0.016       0      0.000     0.03        549    
    48         686              686  1      4107.1  4      3421.02 22         686.1  4      -0.0621      0.062       0      0.004     0.38        686    
    49        1172             1172  1      4107.1  4      2935.05 32        1172.0  5      -0.0235      0.024       0      0.001     0.05       1172    
    50        1389             1389  1      4107.1  4      2718.02 21        1389.0  4      -0.0406      0.041       0      0.002     0.16       1389    
    51        1758             1758  1      4107.1  4      2348.84 21        1758.2  4      -0.2088      0.209       0      0.044     4.29       1758    
    52        2114             2114  1      4107.1  4      1992.92 23        2114.1  4      -0.1017      0.102       0      0.010     1.02       2114    
    53        2535             2535  1      4107.1  4      1572.28 14        2534.7  4       0.2865      0.287       0      0.082     8.09       2535    
    54        4107             4107  1      4107.1  4            0           4106.8  4       0.1665      0.166       0      0.028     2.73       4107    
    55         387              387  1     4189.09 35      3802.04 24         387.1  4      -0.0495      0.049       0      0.002     0.24        387    
    56         597              597  1     4189.09 35       3592.1  4         597.0  5      -0.0066      0.007       0      0.000     0.00        597    
    57         631              631  1     4189.09 35       3558.1  6         631.0  6      -0.0124      0.012       0      0.000     0.02        631    
    58         768              768  1     4189.09 35      3421.02 22         768.1  4      -0.0578      0.058       0      0.003     0.33        768    
    59        1254             1254  1     4189.09 35      2935.05 32        1254.0  4      -0.0181      0.018       0      0.000     0.03       1254    
    60        1471             1471  1     4189.09 35      2718.02 21        1471.0  4      -0.0346      0.035       0      0.001     0.12       1471    
    61        1840             1840  1     4189.09 35      2348.84 21        1840.2  4      -0.2019      0.202       0      0.041     4.01       1840    
    62        2196             2196  1     4189.09 35      1992.92 23        2196.1  4      -0.0938      0.094       0      0.009     0.87       2196    
    63        2617             2617  1     4189.09 35      1572.28 14       2616.71 35       0.2954      0.295       0      0.087     8.60       2617    
    64        4189             4189  1     4189.09 35            0          4188.82 35       0.1793      0.179       0      0.032     3.17       4189    
    65         595              595  1     4480.10 33      3885.04 23         595.1  4      -0.0557      0.056       0      0.003     0.31        595    
    66         678              678  1     4480.10 33      3802.04 24         678.1  4      -0.0547      0.055       0      0.003     0.29        678    
    67         888              888  1     4480.10 33       3592.1  4         888.0  5      -0.0100      0.010       0      0.000     0.01        888    
    68         922              922  1     4480.10 33       3558.1  6         922.0  6      -0.0155      0.015       0      0.000     0.02        922    
    69        1059             1059  1     4480.10 33      3421.02 22       1059.06 35      -0.0596      0.060       0      0.004     0.35       1059    
    70        1545             1545  1     4480.10 33      2935.05 32        1545.0  4      -0.0155      0.016       0      0.000     0.02       1545    
    71        1762             1762  1     4480.10 33      2718.02 21       1762.03 34      -0.0301      0.030       0      0.001     0.09       1762    
    72        2131             2131  1     4480.10 33      2348.84 21       2131.19 35      -0.1941      0.194       0      0.038     3.71       2131    
    73        2487             2487  1     4480.10 33      1992.92 23        2487.1  4      -0.0829      0.083       0      0.007     0.68       2487    
    74        2908             2908  1     4480.10 33      1572.28 14       2907.69 33       0.3101      0.310       0      0.096     9.47       2908    
    75        4480             4480  1     4480.10 33            0          4479.79 33       0.2080      0.208       0      0.043     4.26       4480    
                                                                                                                 chi2=      1.015
                                                                                                             chi2/dof=      0.017
--------------------------------------------------------------------------------------------------------------------------------------------------------
NOTE: * at initial level indicates level fixed in the fitting.
      ## in #sigma column marks number of sigma>=4.
      Quoted level energies are from fit.
      #sigma=round(Diff/dEG), by which the input EG differs from the fitted one.
      dEG=1 keV is assigned if not given, unless otherwise specified at the end of each gamma line.


#of Levels= 16      #of fixed Levels= 1      #of Gammas in fitting= 75
Degrees of Freedom (dof)= 60
    Chi2= 1.0153
Chi2/dof= 0.0169
(critical Chi2/dof= 1.4740)




List of gammas with uncertainty in RI being adjusted:
-----------------------------------------------
  E(gamma)   E(level)            RI            
                      -------------------------
                          Original     Adjusted
-----------------------------------------------
   1572.24    1572.33       100          100  0
    1992.8     1992.9       100          100  0
     369.2     2718.0         5 LT       2.5 25
     725.1     2718.0         5 LT       2.5 25
    1145.7     2718.0         5 LT       2.5 25
    2717.9     2718.0       100          100  0
       586       2935        10 LT         5  5
       942       2935        20 LT        10 10
      1363       2935        15 LT         8  8
      2935       2935       100          100  0
       486     3421.0         4 LT       2.0 20
     703.0     3421.0         6 LT       3.0 30
    1072.2     3421.0         7 LT       3.5 35
    1428.1     3421.0        30 LT        15 15
    1848.6     3421.0         7 LT       3.5 35
    3420.8     3421.0       100          100  0
       657       3592        10 LT         5  5
       874       3592        11 LT         6  6
      1243       3592        15 LT         8  8
      1599       3592        17 LT         9  9
      2020       3592        17 LT         9  9
      3592       3592       100          100  0
       867     3802.0         4 LT       2.0 20
    1809.1     3802.0         4 LT       2.0 20
      1822       3815       100          100  0
     464.0     3885.0        30 LT        15 15
       950     3885.0        12 LT         6  6
    1167.0     3885.0        15 LT         8  8
    1536.2     3885.0        18 LT         9  9
    1892.1     3885.0       100          100  0
    2312.6     3885.0        16 LT         8  8
    3884.8     3885.0        16 LT         8  8
       467     4025.0         5 LT       2.5 25
     604.0     4025.0        10 LT         5  5
    1307.0     4025.0         8 LT         4  4
    2032.0     4025.0        10 LT         5  5
    4024.8     4025.0        13 LT         7  7
       549       4107         4 LT       2.0 20
       686       4107         4 LT       2.0 20
      1389       4107        10 LT         5  5
      1758       4107         5 LT       2.5 25
      2114       4107         7 LT       3.5 35
      2535       4107         5 LT       2.5 25
       387       4189         4 LT       2.0 20
       597       4189         4 LT       2.0 20
       631       4189         4 LT       2.0 20
       768       4189         4 LT       2.0 20
      1254       4189         5 LT       2.5 25
      1471       4189         5 LT       2.5 25
      2196       4189         8 LT         4  4
      2617       4189         6 LT       3.0 30
       595       4480         5 LT       2.5 25
       678       4480         5 LT       2.5 25
       888       4480         5 LT       2.5 25
       922       4480         5 LT       2.5 25
      1059       4480        10 LT         5  5
      1545       4480         7 LT       3.5 35
      2131       4480         8 LT         4  4
      2487       4480        10 LT         5  5
      4480       4480        12 LT         6  6
-----------------------------------------------


##########################################################################################
        GTOL report for dataset: << 37CL(P,3HE) >>
##########################################################################################

No gamma data




##########################################################################################
        GTOL report for dataset: << 37CL(D,A),37CL(D,AG) >>
##########################################################################################


-------------------------------------------------------------------------------------------------------------------
                 Level Energies From Input (old), Fitting (new), and Adjustments for uncertainties                 
-------------------------------------------------------------------------------------------------------------------
#Level  old           Input        From fit       After adding dE of base levels:          Has Gamma:        Fixed 
        kept                      (original)       metastable    fixed("G")/other     Deexciting  Feeding     Type 
------ ------ --------------- ---------------    --------------- ----------------     ---------- ----------  ------
     1  kept             0               0    *         -----            -----           ---        Yes        D   
     2              1572.2 12      1572.22 28           -----           1572.2  3 &      Yes        Yes       ---  
     3              1990.0 10      1990.01 31           -----           1990.0  3 &      Yes        Yes       ---  
     4              2348.2 10      2348.20 29           -----           2348.2  3 &      Yes        Yes       ---  
     5              2716.7 10       2716.7  4           -----            -----           Yes        Yes       ---  
     6              2939.2 13       2939.2  4           -----            -----           Yes        Yes       ---  
     7                3423  5       3423.2 10           -----            -----           Yes         No       ---  
     8              3560.8 19       3560.8  4           -----            -----           Yes         No       ---  
     9              3598.4 21       3598.4  5           -----            -----           Yes         No       ---  
    10              3803.6 19       3803.6  4           -----            -----           Yes         No       ---  
    11              3818.1 11       3818.2  6           -----            -----           Yes         No       ---  
    12              3889.0 19      3889.01 33           -----           3889.0  3 &      Yes         No       ---  
    13              4022.2 22       4022.2  6           -----            -----           Yes         No       ---  
    14              4027.7 10       4027.7  4           -----            -----           Yes         No       ---  
    15                4108  3       4108.3 10           -----            -----           Yes         No       ---  
    16                4180  3       4180.3  7           -----            -----           Yes         No       ---  
    17                4187  3       4187.3 11           -----            -----           Yes         No       ---  
    18                4302  4       4302.3  7           -----            -----           Yes         No       ---  
    19              4480.0 16      4480.03 30           -----           4480.0  3 &      Yes        ---       ---  
-------------------------------------------------------------------------------------------------------------------
NOTE: --- indicates Not Applicable.
        * indicates level fixed in fitting.
        & from original uncertainty adjusted based on input settings.
        # non-numerical uncertainty is from fitting gammas or end-level.
      Quoted values under "From fit" for fixed levels are taken from their input values.
      Fixed Type="A": assumed fixed by GTOL for level not connected to any level; not used in the fitting.
                ="D": assumed fixed by GTOL for meta-stable level, with %(all decay modes but IT)>99.75;
                      uncertainty will be added after fitting (1st level always this type by default).
                ="S": assumed fixed by GTOL for level which causes singular matrix problem; uncertainty=0 assumed.
                ="F": energy is fixed and uncertainty=0 assumed for fitting.
                ="G": energy is fixed in fitting and uncertainty will be added after fitting.
           Only type "F" and "G" are set by user by inserting the type letter in the energy field (col 10-20).



--------------------------------------------------------------------------------------------------------------------------------------------------------
                                                            Input and fitted Gamma Energies                                                             
#Gamma        Input EG    Adjusted dEG   Initial Level     Final Level     EG From fit   Difference   Diff/dEG  #sigma       Chi2    %Chi2      Input EG
--------------------------------------------------------------------------------------------------------------------------------------------------------
     1      1572.2           1572.2  5      1572.2  3            0          1572.18 28       0.0210      0.042       0      0.002     4.10     1572.2    
     2      1989.9           1989.9  5      1990.0  3            0          1989.95 31      -0.0502      0.100       0      0.010    23.52     1989.9    
     3       776.0            776.0  5      2348.2  3       1572.2  3        775.97 31       0.0287      0.057       0      0.003     7.70      776.0    
     4      2348.1           2348.1  5      2348.2  3            0          2348.11 29      -0.0129      0.026       0      0.001     1.56     2348.1    
     5      2716.6           2716.6  5      2716.7  4            0           2716.6  4       0.0174      0.035       0      0.001     2.83     2716.6    
     6      2939.1           2939.1  5      2939.2  4            0           2939.1  4       0.0102      0.020       0      0.000     0.97     2939.1    
     7        3423             3423  1      3423.2 10            0           3423.0 10       0.0000      0.000       0      0.000     0.00       3423    
     8      1212.6           1212.6  5      3560.8  4       2348.2  3        1212.6  4      -0.0144      0.029       0      0.001     1.93     1212.6    
     9      1570.8           1570.8  5      3560.8  4       1990.0  3        1570.8  4       0.0144      0.029       0      0.001     1.92     1570.8    
    10      3598.2           3598.2  5      3598.4  5            0           3598.2  5       0.0000      0.000       0      0.000     0.00     3598.2    
    11      2231.3           2231.3  5      3803.6  4       1572.2  3        2231.3  4      -0.0142      0.028       0      0.001     1.90     2231.3    
    12      3803.4           3803.4  5      3803.6  4            0           3803.4  4       0.0143      0.029       0      0.001     1.91     3803.4    
    13      1828.1           1828.1  5      3818.2  6       1990.0  3        1828.1  5       0.0000      0.000       0      0.000     0.00     1828.1    
    14      1540.8           1540.8  5      3889.0  3       2348.2  3       1540.78 35       0.0232      0.046       0      0.002     5.01     1540.8    
    15      1898.9           1898.9  5      3889.0  3       1990.0  3        1898.9  4      -0.0445      0.089       0      0.008    18.50     1898.9    
    16      3888.8           3888.8  5      3889.0  3            0          3888.78 33       0.0212      0.042       0      0.002     4.20     3888.8    
    17      2032.1           2032.1  5      4022.2  6       1990.0  3        2032.1  5       0.0000      0.000       0      0.000     0.00     2032.1    
    18      1088.5           1088.5  5      4027.7  4       2939.2  4        1088.5  4       0.0103      0.021       0      0.000     0.99     1088.5    
    19      1679.5           1679.5  5      4027.7  4       2348.2  3        1679.5  4       0.0106      0.021       0      0.000     1.04     1679.5    
    20      2455.4           2455.4  5      4027.7  4       1572.2  3        2455.4  4      -0.0208      0.042       0      0.002     4.02     2455.4    
    21        4108             4108  1      4108.3 10            0           4108.0 10       0.0000      0.000       0      0.000     0.00       4108    
    22        2608             2608  1      4180.3  7       1572.2  3        2608.0  7       0.0266      0.027       0      0.001     1.66       2608    
    23        4180             4180  1      4180.3  7            0           4180.0  7      -0.0266      0.027       0      0.001     1.66       4180    
    24        1839             1839  1      4187.3 11       2348.2  3        1839.0 10      -0.0000      0.000       0      0.000     0.00       1839    
    25        1954             1954  1      4302.3  7       2348.2  3        1954.0  7      -0.0139      0.014       0      0.000     0.45       1954    
    26        4302             4302  1      4302.3  7            0           4302.0  7       0.0139      0.014       0      0.000     0.45       4302    
    27      1763.3           1763.3  5      4480.0  3       2716.7  4        1763.3  4       0.0175      0.035       0      0.001     2.85     1763.3    
    28      2489.9           2489.9  5      4480.0  3       1990.0  3       2489.92 35      -0.0200      0.040       0      0.002     3.73     2489.9    
    29      2907.7           2907.7  5      4480.0  3       1572.2  3       2907.68 33       0.0206      0.041       0      0.002     3.98     2907.7    
    30      4479.7           4479.7  5      4480.0  3            0          4479.72 30      -0.0182      0.036       0      0.001     3.10     4479.7    
                                                                                                                 chi2=      0.043
                                                                                                             chi2/dof=      0.004
--------------------------------------------------------------------------------------------------------------------------------------------------------
NOTE: * at initial level indicates level fixed in the fitting.
      ## in #sigma column marks number of sigma>=4.
      Quoted level energies are from fit.
      #sigma=round(Diff/dEG), by which the input EG differs from the fitted one.
      dEG=1 keV is assigned if not given, unless otherwise specified at the end of each gamma line.


#of Levels= 19      #of fixed Levels= 1      #of Gammas in fitting= 30
Degrees of Freedom (dof)= 12
    Chi2= 0.0428
Chi2/dof= 0.0036
(critical Chi2/dof= 2.1850)




List of gammas with uncertainty in RI being adjusted:
-----------------------------------------------
  E(gamma)   E(level)            RI            
                      -------------------------
                          Original     Adjusted
-----------------------------------------------
    1572.2     1572.2       100          100  0
    1989.9     1990.0       100          100  0
    2716.6     2716.7       100          100  0
    2939.1     2939.2       100          100  0
      3423       3423       100          100  0
    3598.2     3598.4       100          100  0
    1828.1     3818.1       100          100  0
    2032.1     4022.2       100          100  0
      4108       4108       100          100  0
      1839       4187       100          100  0
-----------------------------------------------


##########################################################################################
        GTOL report for dataset: << 160GD(34S,XG),(37CL,XG) >>
##########################################################################################


-------------------------------------------------------------------------------------------------------------------
                 Level Energies From Input (old), Fitting (new), and Adjustments for uncertainties                 
-------------------------------------------------------------------------------------------------------------------
#Level  old           Input        From fit       After adding dE of base levels:          Has Gamma:        Fixed 
        kept                      (original)       metastable    fixed("G")/other     Deexciting  Feeding     Type 
------ ------ --------------- ---------------    --------------- ----------------     ---------- ----------  ------
     1  kept             0               0    *         -----            -----           ---        Yes        D   
     2                1991          1991.1 10           -----            -----           Yes        Yes       ---  
     3                4022          4022.1 14           -----            -----           Yes        ---       ---  
-------------------------------------------------------------------------------------------------------------------
NOTE: --- indicates Not Applicable.
        * indicates level fixed in fitting.
        & from original uncertainty adjusted based on input settings.
        # non-numerical uncertainty is from fitting gammas or end-level.
      Quoted values under "From fit" for fixed levels are taken from their input values.
      Fixed Type="A": assumed fixed by GTOL for level not connected to any level; not used in the fitting.
                ="D": assumed fixed by GTOL for meta-stable level, with %(all decay modes but IT)>99.75;
                      uncertainty will be added after fitting (1st level always this type by default).
                ="S": assumed fixed by GTOL for level which causes singular matrix problem; uncertainty=0 assumed.
                ="F": energy is fixed and uncertainty=0 assumed for fitting.
                ="G": energy is fixed in fitting and uncertainty will be added after fitting.
           Only type "F" and "G" are set by user by inserting the type letter in the energy field (col 10-20).



--------------------------------------------------------------------------------------------------------------------------------------------------------
                                                            Input and fitted Gamma Energies                                                             
#Gamma        Input EG    Adjusted dEG   Initial Level     Final Level     EG From fit   Difference   Diff/dEG  #sigma       Chi2    %Chi2      Input EG
--------------------------------------------------------------------------------------------------------------------------------------------------------
     1        1991             1991  1      1991.1 10            0           1991.0 10       0.0000      0.000       0      0.000     0.00       1991    
     2        2031             2031  1      4022.1 14       1991.1 10        2031.0 10      -0.0000      0.000       0      0.000     0.00       2031    
                                                                                                                 chi2=      0.000
                                                                                                             chi2/dof=      0.000
--------------------------------------------------------------------------------------------------------------------------------------------------------
NOTE: * at initial level indicates level fixed in the fitting.
      ## in #sigma column marks number of sigma>=4.
      Quoted level energies are from fit.
      #sigma=round(Diff/dEG), by which the input EG differs from the fitted one.
      dEG=1 keV is assigned if not given, unless otherwise specified at the end of each gamma line.






##########################################################################################
        GTOL report for dataset: << 208PB(36S,35SG) >>
##########################################################################################


-------------------------------------------------------------------------------------------------------------------
                 Level Energies From Input (old), Fitting (new), and Adjustments for uncertainties                 
-------------------------------------------------------------------------------------------------------------------
#Level  old           Input        From fit       After adding dE of base levels:          Has Gamma:        Fixed 
        kept                      (original)       metastable    fixed("G")/other     Deexciting  Feeding     Type 
------ ------ --------------- ---------------    --------------- ----------------     ---------- ----------  ------
     1  kept             0               0    *         -----            -----           ---        Yes        D   
     2  kept        1572.0  9       1572.0  9           -----            -----           Yes        Yes       ---  
     3  kept        1991.1  9       1991.1  9           -----            -----           Yes        Yes       ---  
     4  kept        2347.1 13       2347.1 13           -----            -----           Yes        Yes       ---  
     5  kept        2717.1 14       2717.1 14           -----            -----           Yes         No       ---  
     6  kept          3421  2       3421.2 20           -----             3421  2 &      Yes         No       ---  
     7  kept        3558.1 14       3558.1 14           -----            -----           Yes         No       ---  
     8  kept          3593  2       3593.2 20           -----             3593  2 &      Yes         No       ---  
     9  kept        3818.1 14       3818.1 14           -----            -----           Yes         No       ---  
    10  kept        4023.1 22       4023.1 22           -----            -----           Yes        ---       ---  
-------------------------------------------------------------------------------------------------------------------
NOTE: --- indicates Not Applicable.
        * indicates level fixed in fitting.
        & from original uncertainty adjusted based on input settings.
        # non-numerical uncertainty is from fitting gammas or end-level.
      Quoted values under "From fit" for fixed levels are taken from their input values.
      Fixed Type="A": assumed fixed by GTOL for level not connected to any level; not used in the fitting.
                ="D": assumed fixed by GTOL for meta-stable level, with %(all decay modes but IT)>99.75;
                      uncertainty will be added after fitting (1st level always this type by default).
                ="S": assumed fixed by GTOL for level which causes singular matrix problem; uncertainty=0 assumed.
                ="F": energy is fixed and uncertainty=0 assumed for fitting.
                ="G": energy is fixed in fitting and uncertainty will be added after fitting.
           Only type "F" and "G" are set by user by inserting the type letter in the energy field (col 10-20).



--------------------------------------------------------------------------------------------------------------------------------------------------------
                                                            Input and fitted Gamma Energies                                                             
#Gamma        Input EG    Adjusted dEG   Initial Level     Final Level     EG From fit   Difference   Diff/dEG  #sigma       Chi2    %Chi2      Input EG
--------------------------------------------------------------------------------------------------------------------------------------------------------
     1        1572  1         -----         1572.0  9            0           1572.0  9      -0.0012      0.001       0      0.000     1.09       1572  1 
     2        1991  1         -----         1991.1  9            0           1991.0  9      -0.0012      0.001       0      0.000     1.07       1991  1 
     3        2347  2         -----         2347.1 13            0           2347.0 13      -0.0066      0.003       0      0.000     8.72       2347  2 
     4        2717  2         -----         2717.1 14            0           2717.0 14       0.0160      0.008       0      0.000    50.56       2717  2 
     5         370  1         -----         2717.1 14       2347.1 13         370.0  9      -0.0040      0.004       0      0.000    12.64        370  1 
     6        3421  2         -----           3421  2            0           3421.0 20       0.0000      0.000       0      0.000     0.00       3421  2 
     7        1986  2         -----         3558.1 14       1572.0  9        1986.0 14      -0.0047      0.002       0      0.000     4.37       1986  2 
     8        1567  2         -----         3558.1 14       1991.1  9        1567.0 14      -0.0046      0.002       0      0.000     4.27       1567  2 
     9        1211  2         -----         3558.1 14       2347.1 13        1211.0 15       0.0093      0.005       0      0.000    17.28       1211  2 
    10        3593  2         -----           3593  2            0           3593.0 20       0.0000      0.000       0      0.000     0.00       3593  2 
    11        1827  1         -----         3818.1 14       1991.1  9        1827.0 10      -0.0000      0.000       0      0.000     0.00       1827  1 
    12        2032  2         -----         4023.1 22       1991.1  9        2032.0 20       0.0000      0.000       0      0.000     0.00       2032  2 
                                                                                                                 chi2=      0.000
                                                                                                             chi2/dof=      0.000
--------------------------------------------------------------------------------------------------------------------------------------------------------
NOTE: * at initial level indicates level fixed in the fitting.
      ## in #sigma column marks number of sigma>=4.
      Quoted level energies are from fit.
      #sigma=round(Diff/dEG), by which the input EG differs from the fitted one.
      dEG=1 keV is assigned if not given, unless otherwise specified at the end of each gamma line.


#of Levels= 10      #of fixed Levels= 1      #of Gammas in fitting= 12
Degrees of Freedom (dof)= 3
    Chi2= 0.0001
Chi2/dof= 0.0000
(critical Chi2/dof= 3.7800)


-----------------------------------------------------------------------------------------------------------------
                     Calculated Net Feeding from (gamma+ce) Intensity Balance at Each Level                      
-----------------------------------------------------------------------------------------------------------------
         Level        RI           RI         RI          TI           TI         TI          Net Feeding (%)  
                     (OUT)        (IN)       (NET)       (OUT)        (IN)       (NET)        CALC*       INPUT
-----------------------------------------------------------------------------------------------------------------
          0           0         176  4     -176  4        0         176  4    -176  4        -176  4            
     1572.0  9    100.0 24      3.7  6     96.3 30    100.0 24      3.7  6    96.3 30        96.3 30            
     1991.1  9     37.2 18     35.6 19      1.6 26     37.2 18     35.6 19     1.6 26         1.6 26            
     2347.1 13      6.5  9      4.9  9      1.6 18      6.5  9      4.9  9     1.6 18         1.6 18            
     2717.1 14     17.7 16        0        17.7 16     17.7 16        0       17.7 16        17.7 16            
       3421  2      8.6 10        0         8.6 10      8.6 10        0        8.6 10         8.6 10            
     3558.1 14     15.0 13        0        15.0 13     15.0 13        0       15.0 13        15.0 13            
       3593  2      8.8 11        0         8.8 11      8.8 11        0        8.8 11         8.8 11            
     3818.1 14     12.9 11        0        12.9 11     12.9 11        0       12.9 11        12.9 11            
     4023.1 22     13.1 12        0        13.1 12     13.1 12        0       13.1 12        13.1 12            

                                                                      Sum of Feedings=        176 5         0 0
-----------------------------------------------------------------------------------------------------------------
From input:
  NR=              For normalizing RI to per 100 parent decays via this branch
  NT=              For normalizing TI to per 100 parent decays via this branch
  BR=              Branching ratio of this decay branch among all decay branches
  NB=              For normalizing IB to per 100 parent decays via this branch

* Calculated feedings are based on input NR. Uncertainties could be over-counted for gammas used in
    normalization to deduce NR.
  More accurate level feedings could be obtained directly from the normalization process for deducing NR
    where correlations are taken into account. See the table of level feedings in Java_GABS.rpt.




End of report

